Protein_ID,Localizations,Signals,Membrane types,Cytoplasm,Nucleus,Extracellular,Cell membrane,Mitochondrion,Plastid,Endoplasmic reticulum,Lysosome/Vacuole,Golgi apparatus,Peroxisome,Peripheral,Transmembrane,Lipid anchor,Soluble
P48200,Cytoplasm,Peroxisomal targeting signal,Soluble,0.8514000177383423,0.3474999964237213,0.3919999897480011,0.048900000751018524,0.3555000126361847,0.0229,0.049699999,0.0142,0.028899999,0.23559999465942383,0.49079999327659607,0.0548,0.12849999964237213,0.7961000204086304
Q16665,Nucleus,Nuclear localization signal|Nuclear export signal,Soluble,0.4171999990940094,0.8639000058174133,0.012500000186264515,0.1679999977350235,0.125,0.0006,0.046399999,0.036600001,0.028899999,0.0009,0.40310001373291016,0.092200004,0.085299999,0.8187000155448914
Q9NX09,Cytoplasm,Nuclear export signal,Soluble,0.6114000082015991,0.510699987,0.050999999,0.1639000028371811,0.4404000043869018,0.0077,0.3641000092029571,0.3867999911308288,0.3174999952316284,0.2206999957561493,0.5489000082015991,0.2337999939918518,0.1410000026226043,0.6805999875068665
P04637,Nucleus,Nuclear localization signal,Soluble,0.28619998693466187,0.9549000263214111,0.083300002,0.050999999046325684,0.16920000314712524,0.0006,0.2150000035762787,0.0207,0.030799999833106995,0.019400001,0.42899999022483826,0.065499999,0.12460000067949295,0.8313999772071838