id,type,name
P19532,Substrate,P19532
P19801,Substrate,P19801
Q8IYK2,Substrate,Q8IYK2
Q9NWC5,Substrate,Q9NWC5
Q9H009,Substrate,Q9H009
Q7Z3B0,Substrate,Q7Z3B0
Q9P2E2,Substrate,Q9P2E2
O15269,Substrate,O15269
Q8NGX9,Substrate,Q8NGX9
Q96CP6,Substrate,Q96CP6
Q3SXP7,Substrate,Q3SXP7
Q96AT9,Substrate,Q96AT9
Q709F0,Substrate,Q709F0
Q8IVE3,Substrate,Q8IVE3
Q07960,Substrate,Q07960
O95841,Substrate,O95841
Q9BX66,Substrate,Q9BX66
Q6FI81,Substrate,Q6FI81
Q96DA6,Substrate,Q96DA6
A6NFR6,Substrate,A6NFR6
Q9UKR8,Substrate,Q9UKR8
Q7M4L6,Substrate,Q7M4L6
P33151,Substrate,P33151
Q04771,Substrate,Q04771
A6NJY1,Substrate,A6NJY1
P0DMW5,Substrate,P0DMW5
P29400,Substrate,P29400
Q8TF65,Substrate,Q8TF65
Q4V348,Substrate,Q4V348
Q9NQV8,Substrate,Q9NQV8
Q9Y5I7,Substrate,Q9Y5I7
Q96PQ5,Substrate,Q96PQ5
O14879,Substrate,O14879
Q5MIZ7,Substrate,Q5MIZ7
Q9NQX3,Substrate,Q9NQX3
Q96B42,Substrate,Q96B42
A6NGB9,Substrate,A6NGB9
Q9UGQ2,Substrate,Q9UGQ2
Q9UHW5,Substrate,Q9UHW5
A6ND01,Substrate,A6ND01
Q8TD07,Substrate,Q8TD07
O75122,Substrate,O75122
Q9BQE5,Substrate,Q9BQE5
Q8TCG1,Substrate,Q8TCG1
Q9NX08,Substrate,Q9NX08
Q8NE09,Substrate,Q8NE09
Q86YD5,Substrate,Q86YD5
Q01085,Substrate,Q01085
Q9BWF3,Substrate,Q9BWF3
P23458,Substrate,P23458
Q9NP80,Substrate,Q9NP80
Q9BWT3,Substrate,Q9BWT3
Q8N4F7,Substrate,Q8N4F7
O14980,Substrate,O14980
P22083,Substrate,P22083
A0A1B0GWB2,Substrate,A0A1B0GWB2
P01112,Substrate,P01112
Q92839,Substrate,Q92839
P47890,Substrate,P47890
Q2VWA4,Substrate,Q2VWA4
Q9BZA8,Substrate,Q9BZA8
Q9Y6I4,Substrate,Q9Y6I4
Q96KT6,Substrate,Q96KT6
Q9BZF3,Substrate,Q9BZF3
Q96RS0,Substrate,Q96RS0
Q5TBB1,Substrate,Q5TBB1
Q8NI99,Substrate,Q8NI99
Q9UIA0,Substrate,Q9UIA0
Q9BZJ6,Substrate,Q9BZJ6
P98171,Substrate,P98171
P22004,Substrate,P22004
Q96JW4,Substrate,Q96JW4
Q6UWY0,Substrate,Q6UWY0
Q71DI3,Substrate,Q71DI3
A0A0C4DH25,Substrate,A0A0C4DH25
Q567U6,Substrate,Q567U6
O15198,Substrate,O15198
A1L390,Substrate,A1L390
P59282,Substrate,P59282
Q8NEP3,Substrate,Q8NEP3
P30793,Substrate,P30793
Q9HCD5,Substrate,Q9HCD5
P54920,Substrate,P54920
O95045,Substrate,O95045
Q5JU00,Substrate,Q5JU00
A6NEL3,Substrate,A6NEL3
P51688,Substrate,P51688
Q96KR1,Substrate,Q96KR1
P24386,Substrate,P24386
O94768,Substrate,O94768
Q7RTM1,Substrate,Q7RTM1
Q8IUD6,E3,Q8IUD6
Q53LP3,Substrate,Q53LP3
Q2TAZ0,Substrate,Q2TAZ0
P23470,Substrate,P23470
O00445,Substrate,O00445
Q16563,Substrate,Q16563
Q9NX70,Substrate,Q9NX70
Q5T686,Substrate,Q5T686
Q5TA82,Substrate,Q5TA82
O60242,Substrate,O60242
Q07011,Substrate,Q07011
Q9UDT6,Substrate,Q9UDT6
O75891,Substrate,O75891
P27816,Substrate,P27816
P08100,Substrate,P08100
P57077,Substrate,P57077
Q8TBZ5,Substrate,Q8TBZ5
Q9ULV8,E3,Q9ULV8
Q08050,Substrate,Q08050
P68133,Substrate,P68133
Q4AC99,Substrate,Q4AC99
Q8N2X6,Substrate,Q8N2X6
Q99613,Substrate,Q99613
Q96T88,E3,Q96T88
Q7L0R7,Substrate,Q7L0R7
Q9BX70,Substrate,Q9BX70
Q9Y2Y6,Substrate,Q9Y2Y6
A0A096LNP1,Substrate,A0A096LNP1
Q8TDW0,Substrate,Q8TDW0
Q6VEQ5,Substrate,Q6VEQ5
Q3SY52,Substrate,Q3SY52
Q13257,Substrate,Q13257
Q86UW7,Substrate,Q86UW7
A6NJQ4,Substrate,A6NJQ4
P27469,Substrate,P27469
P15018,Substrate,P15018
Q96M19,Substrate,Q96M19
O95847,Substrate,O95847
A6NK44,Substrate,A6NK44
P09067,Substrate,P09067
Q8WUD6,Substrate,Q8WUD6
Q8NGC1,Substrate,Q8NGC1
P11844,Substrate,P11844
Q8NA96,Substrate,Q8NA96
P07686,Substrate,P07686
Q6VB84,Substrate,Q6VB84
Q5K651,Substrate,Q5K651
Q9UJT1,Substrate,Q9UJT1
P05109,Substrate,P05109
Q15669,Substrate,Q15669
Q9ULD8,Substrate,Q9ULD8
Q96QD8,Substrate,Q96QD8
Q6ZPB5,Substrate,Q6ZPB5
O43603,Substrate,O43603
A0A0A6YYG2,Substrate,A0A0A6YYG2
Q8WTP8,Substrate,Q8WTP8
O75159,E3,O75159
Q9C0K3,Substrate,Q9C0K3
Q6ICH7,Substrate,Q6ICH7
Q96IW2,Substrate,Q96IW2
Q2VIR3,Substrate,Q2VIR3
O95153,Substrate,O95153
Q96QG7,Substrate,Q96QG7
Q9NWB7,Substrate,Q9NWB7
Q6NX49,Substrate,Q6NX49
O95177,Substrate,O95177
Q5JTD7,Substrate,Q5JTD7
Q15022,Substrate,Q15022
P16109,Substrate,P16109
Q96HR8,Substrate,Q96HR8
P51911,Substrate,P51911
Q6UWJ8,Substrate,Q6UWJ8
A6NMY6,Substrate,A6NMY6
Q8NCE0,Substrate,Q8NCE0
Q6PD62,Substrate,Q6PD62
A6PVY3,Substrate,A6PVY3
O76080,Substrate,O76080
P78536,Substrate,P78536
O75081,Substrate,O75081
Q53GL0,Substrate,Q53GL0
Q92598,Substrate,Q92598
B4DXR9,Substrate,B4DXR9
Q9Y2L6,Substrate,Q9Y2L6
P15586,Substrate,P15586
Q5T1N1,Substrate,Q5T1N1
Q9BV47,Substrate,Q9BV47
Q5VWZ2,Substrate,Q5VWZ2
Q96SU4,Substrate,Q96SU4
P55010,Substrate,P55010
P17152,Substrate,P17152
Q7L4S7,Substrate,Q7L4S7
Q5SRR4,Substrate,Q5SRR4
P62861,Substrate,P62861
Q3SXZ3,Substrate,Q3SXZ3
Q8N6T3,Substrate,Q8N6T3
Q7Z4M0,Substrate,Q7Z4M0
Q5VVJ2,Substrate,Q5VVJ2
O76075,Substrate,O76075
Q9UMS0,Substrate,Q9UMS0
Q96PX6,Substrate,Q96PX6
O43513,Substrate,O43513
Q9BVC5,Substrate,Q9BVC5
Q6ZU67,Substrate,Q6ZU67
P54802,Substrate,P54802
P35914,Substrate,P35914
Q96E29,Substrate,Q96E29
Q8NA47,Substrate,Q8NA47
Q9BYG5,Substrate,Q9BYG5
P58512,Substrate,P58512
Q8NAB2,Substrate,Q8NAB2
P0DTE1,Substrate,P0DTE1
P0C024,Substrate,P0C024
P22732,Substrate,P22732
Q9NRC1,Substrate,Q9NRC1
Q6NUJ5,Substrate,Q6NUJ5
Q13595,Substrate,Q13595
O75382,E3,O75382
Q8NGQ5,Substrate,Q8NGQ5
Q9H2L4,Substrate,Q9H2L4
Q04760,Substrate,Q04760
Q7Z2X4,Substrate,Q7Z2X4
P10124,Substrate,P10124
Q16850,Substrate,Q16850
Q5VU36,Substrate,Q5VU36
Q9Y6F8,Substrate,Q9Y6F8
P78316,Substrate,P78316
P56556,Substrate,P56556
Q8TEE9,Substrate,Q8TEE9
P60371,Substrate,P60371
Q15035,Substrate,Q15035
O60832,Substrate,O60832
Q8WV83,Substrate,Q8WV83
Q9NWQ9,Substrate,Q9NWQ9
Q96P66,Substrate,Q96P66
Q14542,Substrate,Q14542
Q8WUJ0,Substrate,Q8WUJ0
P59090,Substrate,P59090
P0C0P6,Substrate,P0C0P6
Q9UL16,Substrate,Q9UL16
B2RXF5,Substrate,B2RXF5
Q04912,Substrate,Q04912
P41220,Substrate,P41220
P08949,Substrate,P08949
Q5T9Z0,Substrate,Q5T9Z0
Q8TAV4,Substrate,Q8TAV4
Q9UBK2,Substrate,Q9UBK2
P29034,Substrate,P29034
P0CJ90,Substrate,P0CJ90
Q8NEW7,Substrate,Q8NEW7
P60953,Substrate,P60953
P60903,Substrate,P60903
Q6IAA8,Substrate,Q6IAA8
Q99928,Substrate,Q99928
Q7Z7L7,Substrate,Q7Z7L7
P53671,Substrate,P53671
Q9HBT8,Substrate,Q9HBT8
Q96T49,Substrate,Q96T49
O94782,Substrate,O94782
Q9NR46,Substrate,Q9NR46
Q6ZUX3,Substrate,Q6ZUX3
O14645,Substrate,O14645
O00264,Substrate,O00264
Q8TDL5,Substrate,Q8TDL5
Q5MJ70,Substrate,Q5MJ70
P09466,Substrate,P09466
Q99594,Substrate,Q99594
D3W0D1,Substrate,D3W0D1
A4D1S0,Substrate,A4D1S0
Q5JUR7,Substrate,Q5JUR7
Q6VMQ6,Substrate,Q6VMQ6
Q8WWX0,Substrate,Q8WWX0
Q8IVG9,Substrate,Q8IVG9
Q1ZYL8,Substrate,Q1ZYL8
P17302,Substrate,P17302
Q8TAX9,Substrate,Q8TAX9
Q9P2K9,Substrate,Q9P2K9
Q5VUG0,Substrate,Q5VUG0
P22001,Substrate,P22001
Q9NP99,Substrate,Q9NP99
Q96HJ9,Substrate,Q96HJ9
O95568,Substrate,O95568
Q5M9N0,Substrate,Q5M9N0
Q8IVC4,Substrate,Q8IVC4
Q16650,Substrate,Q16650
Q13976,Substrate,Q13976
P61513,Substrate,P61513
P0DTE7,Substrate,P0DTE7
Q8NGD0,Substrate,Q8NGD0
Q96CN9,Substrate,Q96CN9
Q6ZYL4,Substrate,Q6ZYL4
O00230,Substrate,O00230
Q13162,Substrate,Q13162
O00192,Substrate,O00192
Q9UNQ2,Substrate,Q9UNQ2
Q6ZR85,Substrate,Q6ZR85
Q6PK57,Substrate,Q6PK57
Q14657,Substrate,Q14657
P54707,Substrate,P54707
Q04118,Substrate,Q04118
Q9H347,Substrate,Q9H347
Q9Y5U5,Substrate,Q9Y5U5
Q96EK4,Substrate,Q96EK4
Q9P267,Substrate,Q9P267
P28908,Substrate,P28908
Q6P4D5,Substrate,Q6P4D5
Q4FZB7,Substrate,Q4FZB7
Q86SG6,Substrate,Q86SG6
P62487,Substrate,P62487
P53990,Substrate,P53990
Q9H903,Substrate,Q9H903
Q96EH3,Substrate,Q96EH3
Q6X9E4,E3,Q6X9E4
Q9UBX2,Substrate,Q9UBX2
P08151,Substrate,P08151
Q9UBE8,Substrate,Q9UBE8
Q8IZ83,Substrate,Q8IZ83
P80217,Substrate,P80217
Q13424,Substrate,Q13424
Q99666,Substrate,Q99666
Q3SY69,Substrate,Q3SY69
Q6ZMN8,Substrate,Q6ZMN8
Q7Z5H4,Substrate,Q7Z5H4
Q59GN2,Substrate,Q59GN2
Q9Y2Q1,Substrate,Q9Y2Q1
A0A1W2PP81,Substrate,A0A1W2PP81
P03915,Substrate,P03915
P29966,Substrate,P29966
Q8N4F0,Substrate,Q8N4F0
Q9HA90,Substrate,Q9HA90
Q96NK8,Substrate,Q96NK8
Q1T7F1,Substrate,Q1T7F1
Q8WU66,Substrate,Q8WU66
Q7Z4P5,Substrate,Q7Z4P5
Q7Z4S6,Substrate,Q7Z4S6
Q9NQW5,Substrate,Q9NQW5
Q9UJ78,Substrate,Q9UJ78
O95279,Substrate,O95279
O95299,Substrate,O95299
P62805,Substrate,P62805
Q5TCX8,Substrate,Q5TCX8
Q8IWK6,Substrate,Q8IWK6
Q8N6I4,Substrate,Q8N6I4
Q7Z3T1,Substrate,Q7Z3T1
P20839,Substrate,P20839
P49459,Substrate,P49459
Q1MX18,Substrate,Q1MX18
Q8WXH4,E3,Q8WXH4
P83369,Substrate,P83369
Q9BXB4,Substrate,Q9BXB4
Q96K17,Substrate,Q96K17
Q8N4L4,Substrate,Q8N4L4
Q9NUL7,Substrate,Q9NUL7
Q9NZW4,Substrate,Q9NZW4
Q4ADV7,Substrate,Q4ADV7
P19784,Substrate,P19784
Q96N96,Substrate,Q96N96
Q96C00,Substrate,Q96C00
Q9UL03,Substrate,Q9UL03
P13747,Substrate,P13747
Q3MJ62,Substrate,Q3MJ62
P12980,Substrate,P12980
Q99081,Substrate,Q99081
O60810,Substrate,O60810
Q15771,Substrate,Q15771
Q9NVI1,Substrate,Q9NVI1
Q9H814,Substrate,Q9H814
Q9HAC7,Substrate,Q9HAC7
O75437,Substrate,O75437
Q13011,Substrate,Q13011
Q9BSL1,E3,Q9BSL1
Q96R69,Substrate,Q96R69
Q8TC90,Substrate,Q8TC90
P26439,Substrate,P26439
Q9Y3C0,Substrate,Q9Y3C0
Q9UKB3,Substrate,Q9UKB3
O60303,Substrate,O60303
Q9BXI3,Substrate,Q9BXI3
Q69384,Substrate,Q69384
Q9Y696,Substrate,Q9Y696
Q3KP66,Substrate,Q3KP66
Q8NEZ5,E3,Q8NEZ5
Q8TEQ0,Substrate,Q8TEQ0
Q9NXR5,Substrate,Q9NXR5
Q9H900,Substrate,Q9H900
P47755,Substrate,P47755
P83105,Substrate,P83105
P0DV79,Substrate,P0DV79
Q86YL5,Substrate,Q86YL5
Q8NGC9,Substrate,Q8NGC9
Q5SWL8,Substrate,Q5SWL8
Q8TE54,Substrate,Q8TE54
Q99677,Substrate,Q99677
Q9UPV0,Substrate,Q9UPV0
P13985,Substrate,P13985
O15126,Substrate,O15126
Q01105,Substrate,Q01105
Q9Y2G9,Substrate,Q9Y2G9
O94903,Substrate,O94903
Q13191,E3,Q13191
Q99836,Substrate,Q99836
Q496J9,Substrate,Q496J9
Q9ULL8,Substrate,Q9ULL8
A0A075B6S0,Substrate,A0A075B6S0
Q6Y7W6,Substrate,Q6Y7W6
Q86UV7,Substrate,Q86UV7
Q8IYP9,Substrate,Q8IYP9
Q96P53,Substrate,Q96P53
Q14966,Substrate,Q14966
Q14508,Substrate,Q14508
P48546,Substrate,P48546
Q9NWH2,Substrate,Q9NWH2
P40692,Substrate,P40692
Q8WWI1,Substrate,Q8WWI1
A0A0J9YX94,Substrate,A0A0J9YX94
Q9H8L6,Substrate,Q9H8L6
Q6UXZ4,Substrate,Q6UXZ4
P10767,Substrate,P10767
Q6ZW05,Substrate,Q6ZW05
Q6ZN06,Substrate,Q6ZN06
P09871,Substrate,P09871
Q96M02,E3,Q96M02
O43681,Substrate,O43681
Q07021,Substrate,Q07021
Q9Y6V7,Substrate,Q9Y6V7
C9JI98,Substrate,C9JI98
O43813,Substrate,O43813
Q13946,Substrate,Q13946
Q13227,Substrate,Q13227
Q14563,Substrate,Q14563
O15226,Substrate,O15226
P78552,Substrate,P78552
P51692,Substrate,P51692
P56705,Substrate,P56705
Q9HCP0,Substrate,Q9HCP0
Q8NDZ6,Substrate,Q8NDZ6
Q86VY9,Substrate,Q86VY9
Q9BXA7,Substrate,Q9BXA7
Q16891,Substrate,Q16891
Q8IU53,Substrate,Q8IU53
Q9P2W3,Substrate,Q9P2W3
Q96RA2,Substrate,Q96RA2
A0A0A0MS01,Substrate,A0A0A0MS01
Q13415,Substrate,Q13415
O75593,Substrate,O75593
O14649,Substrate,O14649
Q14240,Substrate,Q14240
P12544,Substrate,P12544
Q9ULX6,Substrate,Q9ULX6
Q99720,Substrate,Q99720
Q8TBB6,Substrate,Q8TBB6
O95409,Substrate,O95409
Q6ZN16,Substrate,Q6ZN16
Q13416,Substrate,Q13416
Q8NC01,Substrate,Q8NC01
Q96C55,Substrate,Q96C55
P0DML2,Substrate,P0DML2
O75594,Substrate,O75594
O60568,Substrate,O60568
P29320,Substrate,P29320
O60516,Substrate,O60516
P18440,Substrate,P18440
Q9UNX3,Substrate,Q9UNX3
Q01974,Substrate,Q01974
Q9NYW3,Substrate,Q9NYW3
Q8NCG7,Substrate,Q8NCG7
P29084,Substrate,P29084
P25791,Substrate,P25791
Q6P2E9,Substrate,Q6P2E9
Q9NX04,Substrate,Q9NX04
A6NEE1,Substrate,A6NEE1
Q5T013,Substrate,Q5T013
Q96AP7,Substrate,Q96AP7
Q8NDY6,Substrate,Q8NDY6
P0DSN7,Substrate,P0DSN7
Q9UHE8,Substrate,Q9UHE8
Q86W50,Substrate,Q86W50
Q8IVE0,Substrate,Q8IVE0
Q9UJ96,Substrate,Q9UJ96
Q9BV99,Substrate,Q9BV99
Q9NPI9,Substrate,Q9NPI9
Q15532,Substrate,Q15532
P02748,Substrate,P02748
Q9UMX3,Substrate,Q9UMX3
O60890,Substrate,O60890
Q12891,Substrate,Q12891
Q9UFB7,Substrate,Q9UFB7
Q5XKL5,Substrate,Q5XKL5
Q8IV61,Substrate,Q8IV61
P00505,Substrate,P00505
P07992,Substrate,P07992
Q9BYQ8,Substrate,Q9BYQ8
P48052,Substrate,P48052
O75626,Substrate,O75626
Q5T753,Substrate,Q5T753
P04637,Substrate,P04637
Q5TAA0,Substrate,Q5TAA0
P0CW24,Substrate,P0CW24
P12872,Substrate,P12872
P28845,Substrate,P28845
P16278,Substrate,P16278
Q15464,Substrate,Q15464
Q8TAD7,Substrate,Q8TAD7
Q8WVK2,Substrate,Q8WVK2
Q6PML9,Substrate,Q6PML9
Q3SY17,Substrate,Q3SY17
Q96AE4,Substrate,Q96AE4
Q86VS8,Substrate,Q86VS8
Q8IYM0,Substrate,Q8IYM0
Q8N976,Substrate,Q8N976
Q14019,Substrate,Q14019
Q9BSG5,Substrate,Q9BSG5
Q9Y6E7,Substrate,Q9Y6E7
P0DJ93,Substrate,P0DJ93
Q9H6S0,Substrate,Q9H6S0
P11182,Substrate,P11182
Q9Y6I7,E3,Q9Y6I7
Q9NYP3,Substrate,Q9NYP3
Q8WWV6,Substrate,Q8WWV6
P37802,Substrate,P37802
Q9BYR0,Substrate,Q9BYR0
Q969F2,Substrate,Q969F2
Q9NTG7,Substrate,Q9NTG7
Q5TFQ8,Substrate,Q5TFQ8
Q9BW19,Substrate,Q9BW19
Q7Z460,Substrate,Q7Z460
P30953,Substrate,P30953
P25089,Substrate,P25089
Q6ZUX7,Substrate,Q6ZUX7
Q05516,Substrate,Q05516
A6NDX4,Substrate,A6NDX4
O14638,Substrate,O14638
Q9BVK8,Substrate,Q9BVK8
P0DJR0,Substrate,P0DJR0
Q96PH1,Substrate,Q96PH1
O75094,Substrate,O75094
Q86SY8,Substrate,Q86SY8
Q9NRX3,Substrate,Q9NRX3
Q969E8,Substrate,Q969E8
Q99567,Substrate,Q99567
Q99519,Substrate,Q99519
Q13033,Substrate,Q13033
P0CW21,Substrate,P0CW21
Q9BXN2,Substrate,Q9BXN2
Q9NXI6,Substrate,Q9NXI6
Q2MV58,Substrate,Q2MV58
P14635,Substrate,P14635
A4FU49,Substrate,A4FU49
A8MUP2,Substrate,A8MUP2
P43116,Substrate,P43116
Q9H3J6,Substrate,Q9H3J6
P58182,Substrate,P58182
Q96TC7,Substrate,Q96TC7
Q9UBH6,Substrate,Q9UBH6
Q5TIA1,Substrate,Q5TIA1
P11142,Substrate,P11142
P25445,Substrate,P25445
P42126,Substrate,P42126
Q8WZ74,Substrate,Q8WZ74
Q75N03,E3,Q75N03
P19623,Substrate,P19623
Q7Z624,Substrate,Q7Z624
Q8IYP2,Substrate,Q8IYP2
P41440,Substrate,P41440
Q9NRQ5,Substrate,Q9NRQ5
Q9BZS1,Substrate,Q9BZS1
P01358,Substrate,P01358
Q15654,Substrate,Q15654
Q8IWC1,Substrate,Q8IWC1
Q8NGI2,Substrate,Q8NGI2
Q9NPF0,Substrate,Q9NPF0
O43837,Substrate,O43837
O15173,Substrate,O15173
Q9UJ98,Substrate,Q9UJ98
Q92917,Substrate,Q92917
Q9H714,Substrate,Q9H714
Q96IZ5,Substrate,Q96IZ5
A6NNS2,Substrate,A6NNS2
P13569,Substrate,P13569
Q53T94,Substrate,Q53T94
A8MTA8,Substrate,A8MTA8
Q9Y5T5,Substrate,Q9Y5T5
P13535,Substrate,P13535
Q13371,Substrate,Q13371
Q96F86,Substrate,Q96F86
Q8N5H3,Substrate,Q8N5H3
Q8IUQ0,Substrate,Q8IUQ0
P18859,Substrate,P18859
O43365,Substrate,O43365
Q155Q3,Substrate,Q155Q3
Q9H5K3,Substrate,Q9H5K3
O14514,Substrate,O14514
Q15111,Substrate,Q15111
Q86WK9,Substrate,Q86WK9
A0A0B4J2D9,Substrate,A0A0B4J2D9
P28223,Substrate,P28223
Q6UX07,Substrate,Q6UX07
Q8N2M4,Substrate,Q8N2M4
P09564,Substrate,P09564
I3L273,Substrate,I3L273
P31277,Substrate,P31277
Q8TER0,Substrate,Q8TER0
Q9UNM6,Substrate,Q9UNM6
Q17RQ9,Substrate,Q17RQ9
F8WFD2,Substrate,F8WFD2
Q9NX52,Substrate,Q9NX52
Q5BJE1,Substrate,Q5BJE1
Q9Y2C2,Substrate,Q9Y2C2
O95235,Substrate,O95235
P47736,Substrate,P47736
Q8NH94,Substrate,Q8NH94
Q6EMB2,Substrate,Q6EMB2
Q8IVN8,Substrate,Q8IVN8
P07359,Substrate,P07359
Q6ZQN7,Substrate,Q6ZQN7
Q9UG63,Substrate,Q9UG63
Q9NUI1,Substrate,Q9NUI1
Q13542,Substrate,Q13542
O43508,Substrate,O43508
Q8WUQ7,Substrate,Q8WUQ7
Q8WVB6,Substrate,Q8WVB6
Q8IWU5,Substrate,Q8IWU5
Q92791,Substrate,Q92791
P25788,Substrate,P25788
P35916,Substrate,P35916
Q14943,Substrate,Q14943
O75556,Substrate,O75556
Q96QE5,Substrate,Q96QE5
P0DMV1,Substrate,P0DMV1
Q9H3R2,Substrate,Q9H3R2
P22059,Substrate,P22059
P19875,Substrate,P19875
P15502,Substrate,P15502
Q6S545,Substrate,Q6S545
P0C7H9,Substrate,P0C7H9
O43896,Substrate,O43896
P78318,Substrate,P78318
Q9BTN0,Substrate,Q9BTN0
Q8IWL2,Substrate,Q8IWL2
Q8N8D7,Substrate,Q8N8D7
Q9Y3A2,Substrate,Q9Y3A2
Q13724,Substrate,Q13724
Q9NZ53,Substrate,Q9NZ53
Q8N608,Substrate,Q8N608
A8MUM7,Substrate,A8MUM7
Q08043,Substrate,Q08043
P05121,Substrate,P05121
Q8NGE2,Substrate,Q8NGE2
Q9H5V8,Substrate,Q9H5V8
Q9Y241,Substrate,Q9Y241
O60519,Substrate,O60519
Q9H8M9,Substrate,Q9H8M9
Q13323,Substrate,Q13323
Q5SWX8,Substrate,Q5SWX8
Q96IQ9,Substrate,Q96IQ9
Q5JYT7,Substrate,Q5JYT7
Q8NDZ2,Substrate,Q8NDZ2
P04628,Substrate,P04628
Q13368,Substrate,Q13368
P07477,Substrate,P07477
A6NGA9,Substrate,A6NGA9
Q8TC76,Substrate,Q8TC76
P19404,Substrate,P19404
Q5SQI0,Substrate,Q5SQI0
Q15166,Substrate,Q15166
Q9NV92,Substrate,Q9NV92
Q8NA75,Substrate,Q8NA75
Q96Q89,Substrate,Q96Q89
Q06330,Substrate,Q06330
P15515,Substrate,P15515
Q1A5X6,Substrate,Q1A5X6
O75607,Substrate,O75607
P06729,Substrate,P06729
P55036,Substrate,P55036
Q9NYV7,Substrate,Q9NYV7
Q3LI77,Substrate,Q3LI77
Q8IYB9,Substrate,Q8IYB9
A0A3B3IT33,Substrate,A0A3B3IT33
Q8NCQ5,E3,Q8NCQ5
Q9BQ52,Substrate,Q9BQ52
Q6ZV60,Substrate,Q6ZV60
O94842,Substrate,O94842
Q13825,Substrate,Q13825
Q01453,Substrate,Q01453
Q9Y2W2,Substrate,Q9Y2W2
P27707,Substrate,P27707
Q8TCG2,Substrate,Q8TCG2
O95925,Substrate,O95925
Q9H3S1,Substrate,Q9H3S1
P62857,Substrate,P62857
Q9HCN8,Substrate,Q9HCN8
A6NCF6,Substrate,A6NCF6
Q8IX03,Substrate,Q8IX03
P20155,Substrate,P20155
Q8NGD5,Substrate,Q8NGD5
Q8ND61,Substrate,Q8ND61
O75309,Substrate,O75309
Q9H0K1,Substrate,Q9H0K1
P78508,Substrate,P78508
Q9NRW4,Substrate,Q9NRW4
O75061,Substrate,O75061
P62508,Substrate,P62508
Q3SXY8,Substrate,Q3SXY8
Q9H444,Substrate,Q9H444
Q9H4G1,Substrate,Q9H4G1
Q7L8A9,Substrate,Q7L8A9
Q14003,Substrate,Q14003
P35613,Substrate,P35613
Q6P5W5,Substrate,Q6P5W5
Q96CE8,Substrate,Q96CE8
Q8NGS2,Substrate,Q8NGS2
Q9HDC5,Substrate,Q9HDC5
A0A2R8Y7Y5,Substrate,A0A2R8Y7Y5
O60711,Substrate,O60711
P01597,Substrate,P01597
A0A0A0MTA4,Substrate,A0A0A0MTA4
Q9BSK2,Substrate,Q9BSK2
O95073,Substrate,O95073
P01106,Substrate,P01106
O95905,Substrate,O95905
O75820,Substrate,O75820
O76013,Substrate,O76013
A8MPY1,Substrate,A8MPY1
Q96S59,Substrate,Q96S59
O14599,Substrate,O14599
Q14500,Substrate,Q14500
A6NKT7,Substrate,A6NKT7
Q7Z309,Substrate,Q7Z309
Q8NH00,Substrate,Q8NH00
Q86XJ0,Substrate,Q86XJ0
Q9P2K1,Substrate,Q9P2K1
P16989,Substrate,P16989
Q9HAV0,Substrate,Q9HAV0
Q5VVW2,Substrate,Q5VVW2
Q9H0A6,Substrate,Q9H0A6
Q96SB8,Substrate,Q96SB8
Q9C004,Substrate,Q9C004
Q99848,Substrate,Q99848
Q5VWM3,Substrate,Q5VWM3
Q8TBE7,Substrate,Q8TBE7
P98153,Substrate,P98153
Q6ZNR0,Substrate,Q6ZNR0
P51532,Substrate,P51532
Q9UNW9,Substrate,Q9UNW9
P0CG00,Substrate,P0CG00
Q9NXG0,Substrate,Q9NXG0
A8MVU1,Substrate,A8MVU1
Q5VYM1,Substrate,Q5VYM1
P28370,Substrate,P28370
Q14541,Substrate,Q14541
A0A1B0GVG6,Substrate,A0A1B0GVG6
O94851,Substrate,O94851
Q9NQ86,E3,Q9NQ86
P05181,Substrate,P05181
Q96EF0,Substrate,Q96EF0
O60563,Substrate,O60563
P47972,Substrate,P47972
Q9BUJ2,Substrate,Q9BUJ2
Q9HCT0,Substrate,Q9HCT0
Q9ULV0,Substrate,Q9ULV0
Q9H8S9,Substrate,Q9H8S9
Q9BXA9,Substrate,Q9BXA9
Q9Y5R6,Substrate,Q9Y5R6
A0A0B4J1U3,Substrate,A0A0B4J1U3
Q9NTM9,Substrate,Q9NTM9
P23229,Substrate,P23229
G5E9R7,Substrate,G5E9R7
P52736,Substrate,P52736
Q14585,Substrate,Q14585
Q5T7P3,Substrate,Q5T7P3
O94979,Substrate,O94979
P01768,Substrate,P01768
Q9Y4M8,Substrate,Q9Y4M8
P49770,Substrate,P49770
P10415,Substrate,P10415
P37023,Substrate,P37023
A0A1B0GUQ0,Substrate,A0A1B0GUQ0
Q9H857,Substrate,Q9H857
Q16181,Substrate,Q16181
A0A0B4J1U6,Substrate,A0A0B4J1U6
Q9H6V9,Substrate,Q9H6V9
P24347,Substrate,P24347
Q96HV5,Substrate,Q96HV5
Q8IXH6,Substrate,Q8IXH6
Q92569,Substrate,Q92569
Q96D09,Substrate,Q96D09
O43557,Substrate,O43557
O75113,Substrate,O75113
Q86X29,Substrate,Q86X29
Q9UIJ7,Substrate,Q9UIJ7
P41219,Substrate,P41219
Q15942,Substrate,Q15942
P58173,Substrate,P58173
A0A3B3IRV3,Substrate,A0A3B3IRV3
Q9UNF1,Substrate,Q9UNF1
O75953,Substrate,O75953
Q9ULZ0,Substrate,Q9ULZ0
Q96GE4,Substrate,Q96GE4
A0FGR8,Substrate,A0FGR8
O60829,Substrate,O60829
P55344,Substrate,P55344
P36382,Substrate,P36382
P49585,Substrate,P49585
A0A0A0MS03,Substrate,A0A0A0MS03
A8MV24,Substrate,A8MV24
Q4G0N0,Substrate,Q4G0N0
O60870,Substrate,O60870
Q8IVL8,Substrate,Q8IVL8
Q9H228,Substrate,Q9H228
Q9UGP5,Substrate,Q9UGP5
P35325,Substrate,P35325
P49447,Substrate,P49447
A0A075B6I3,Substrate,A0A075B6I3
Q8NEX6,Substrate,Q8NEX6
P47756,Substrate,P47756
Q7KZ85,Substrate,Q7KZ85
Q6IBS0,Substrate,Q6IBS0
A4D1N5,Substrate,A4D1N5
Q8TDV5,Substrate,Q8TDV5
O94952,E3,O94952
Q8TAP4,Substrate,Q8TAP4
Q15631,Substrate,Q15631
Q8TBP5,Substrate,Q8TBP5
Q6PJ69,E3,Q6PJ69
Q8N7E2,Substrate,Q8N7E2
Q13867,Substrate,Q13867
Q9H7R5,Substrate,Q9H7R5
A6NCE7,Substrate,A6NCE7
Q8TCU6,Substrate,Q8TCU6
Q8NGD2,Substrate,Q8NGD2
Q9UPU7,Substrate,Q9UPU7
Q13586,Substrate,Q13586
Q8IWT1,Substrate,Q8IWT1
Q6QHC5,Substrate,Q6QHC5
Q12986,Substrate,Q12986
Q6PIJ6,E3,Q6PIJ6
Q9NQA5,Substrate,Q9NQA5
P40123,Substrate,P40123
Q13698,Substrate,Q13698
Q9Y623,Substrate,Q9Y623
Q08AG5,Substrate,Q08AG5
Q2M2W7,Substrate,Q2M2W7
Q15768,Substrate,Q15768
Q8IVF7,Substrate,Q8IVF7
Q92785,Substrate,Q92785
Q5T0N5,Substrate,Q5T0N5
O15405,Substrate,O15405
Q6PJG9,Substrate,Q6PJG9
Q9UH73,Substrate,Q9UH73
P51649,Substrate,P51649
Q14055,Substrate,Q14055
P34998,Substrate,P34998
Q9BSF8,Substrate,Q9BSF8
Q9Y4F9,Substrate,Q9Y4F9
Q9HBH7,Substrate,Q9HBH7
Q96N76,Substrate,Q96N76
Q7Z449,Substrate,Q7Z449
Q96B02,Substrate,Q96B02
P12319,Substrate,P12319
P04085,Substrate,P04085
Q9H2D1,Substrate,Q9H2D1
O75925,Substrate,O75925
P28330,Substrate,P28330
Q8IXW0,Substrate,Q8IXW0
P58505,Substrate,P58505
A1X283,Substrate,A1X283
P11055,Substrate,P11055
P09629,Substrate,P09629
P49593,Substrate,P49593
Q6PGQ7,Substrate,Q6PGQ7
A2RU14,Substrate,A2RU14
O00175,Substrate,O00175
Q8NH53,Substrate,Q8NH53
Q9BYS1,Substrate,Q9BYS1
Q6B9Z1,Substrate,Q6B9Z1
A6NEC2,Substrate,A6NEC2
Q3LI66,Substrate,Q3LI66
Q9BUI4,Substrate,Q9BUI4
Q9BXP2,Substrate,Q9BXP2
Q16514,Substrate,Q16514
Q15375,Substrate,Q15375
Q00536,Substrate,Q00536
Q9UBU3,Substrate,Q9UBU3
P60880,Substrate,P60880
Q969F8,Substrate,Q969F8
P35580,Substrate,P35580
Q6Y288,Substrate,Q6Y288
Q9NRK6,Substrate,Q9NRK6
P22492,Substrate,P22492
Q9H1E3,Substrate,Q9H1E3
Q07869,E3,Q07869
P25116,Substrate,P25116
Q8NCS4,Substrate,Q8NCS4
Q2PPJ7,Substrate,Q2PPJ7
Q96A72,Substrate,Q96A72
P0C5J1,Substrate,P0C5J1
A0A0D9SF12,Substrate,A0A0D9SF12
Q8NGX8,Substrate,Q8NGX8
P55081,Substrate,P55081
Q13487,Substrate,Q13487
Q5TEZ5,Substrate,Q5TEZ5
P25705,Substrate,P25705
P35414,Substrate,P35414
Q9Y663,Substrate,Q9Y663
Q9H3S3,Substrate,Q9H3S3
Q9H8H2,Substrate,Q9H8H2
Q92802,Substrate,Q92802
Q5T0U0,Substrate,Q5T0U0
O15524,E3,O15524
Q9HAV7,Substrate,Q9HAV7
Q8WUR7,Substrate,Q8WUR7
Q86W47,Substrate,Q86W47
Q8NBS3,Substrate,Q8NBS3
P0DP58,Substrate,P0DP58
P35573,Substrate,P35573
Q9Y5Z4,Substrate,Q9Y5Z4
P56270,Substrate,P56270
O95677,Substrate,O95677
Q96NG5,Substrate,Q96NG5
Q96HB5,Substrate,Q96HB5
O14593,Substrate,O14593
Q9Y672,Substrate,Q9Y672
Q8N1G4,Substrate,Q8N1G4
Q8NGY5,Substrate,Q8NGY5
P57775,Substrate,P57775
Q9Y2K9,Substrate,Q9Y2K9
Q9H305,Substrate,Q9H305
Q9Y3A6,Substrate,Q9Y3A6
Q9NQC7,Substrate,Q9NQC7
P05546,Substrate,P05546
D6RGX4,Substrate,D6RGX4
O43933,Substrate,O43933
Q4VCS5,Substrate,Q4VCS5
Q9Y2D2,Substrate,Q9Y2D2
Q92543,Substrate,Q92543
Q9NPB8,Substrate,Q9NPB8
O43414,Substrate,O43414
Q9NVT9,Substrate,Q9NVT9
Q8NGH5,Substrate,Q8NGH5
Q96PI1,Substrate,Q96PI1
Q9BTK2,Substrate,Q9BTK2
Q15363,Substrate,Q15363
Q8NGG7,Substrate,Q8NGG7
Q9H410,Substrate,Q9H410
A6NNL5,Substrate,A6NNL5
Q53EQ6,Substrate,Q53EQ6
P17661,Substrate,P17661
Q6RI45,Substrate,Q6RI45
Q9GZZ0,Substrate,Q9GZZ0
Q8NBR6,Substrate,Q8NBR6
Q92608,Substrate,Q92608
A0A075B6I7,Substrate,A0A075B6I7
E9PI22,Substrate,E9PI22
Q9NX20,Substrate,Q9NX20
Q5XLA6,Substrate,Q5XLA6
Q6NXN4,Substrate,Q6NXN4
Q8NBJ4,Substrate,Q8NBJ4
P08134,Substrate,P08134
P41252,Substrate,P41252
Q9H765,E3,Q9H765
O43490,Substrate,O43490
A2RUB1,Substrate,A2RUB1
O43237,Substrate,O43237
Q8TAI7,Substrate,Q8TAI7
Q6ZRN7,Substrate,Q6ZRN7
Q9BWJ2,Substrate,Q9BWJ2
O14772,Substrate,O14772
O95377,Substrate,O95377
A0A075B6I4,Substrate,A0A075B6I4
P54284,Substrate,P54284
Q9Y6P5,Substrate,Q9Y6P5
Q9H8M1,Substrate,Q9H8M1
Q8N9I9,E3,Q8N9I9
P60329,Substrate,P60329
Q6NSJ5,Substrate,Q6NSJ5
Q9H4L7,Substrate,Q9H4L7
Q9BXR5,Substrate,Q9BXR5
P21145,Substrate,P21145
Q9NW07,Substrate,Q9NW07
Q6XR72,Substrate,Q6XR72
Q8TD22,Substrate,Q8TD22
P31785,Substrate,P31785
Q14964,Substrate,Q14964
Q5QFB9,Substrate,Q5QFB9
Q8NBJ5,Substrate,Q8NBJ5
Q96NB1,Substrate,Q96NB1
P60331,Substrate,P60331
Q9NSP4,Substrate,Q9NSP4
Q32P28,Substrate,Q32P28
P78386,Substrate,P78386
Q6UXH8,Substrate,Q6UXH8
O43423,Substrate,O43423
Q9NY33,Substrate,Q9NY33
Q8HWS3,Substrate,Q8HWS3
P18428,Substrate,P18428
Q8NBZ7,Substrate,Q8NBZ7
O14894,Substrate,O14894
P62834,Substrate,P62834
P0CG43,Substrate,P0CG43
O95159,Substrate,O95159
Q86U38,Substrate,Q86U38
Q06787,Substrate,Q06787
Q15389,Substrate,Q15389
Q6DN90,Substrate,Q6DN90
P12955,Substrate,P12955
Q13405,Substrate,Q13405
Q96T68,Substrate,Q96T68
Q8IV42,Substrate,Q8IV42
Q9ULJ1,Substrate,Q9ULJ1
Q86TW2,Substrate,Q86TW2
Q8N365,Substrate,Q8N365
P11498,Substrate,P11498
Q9NZJ7,Substrate,Q9NZJ7
Q5H9R7,Substrate,Q5H9R7
P48059,Substrate,P48059
Q9H2S5,E3,Q9H2S5
P10828,Substrate,P10828
P04626,Substrate,P04626
Q92542,Substrate,Q92542
Q99712,Substrate,Q99712
O75715,Substrate,O75715
Q6R2W3,Substrate,Q6R2W3
Q9H015,Substrate,Q9H015
Q9Y6D0,Substrate,Q9Y6D0
Q99460,Substrate,Q99460
Q96NG8,Substrate,Q96NG8
O95361,E3,O95361
P61247,Substrate,P61247
Q8NGX0,Substrate,Q8NGX0
Q92769,Substrate,Q92769
Q9H1M0,Substrate,Q9H1M0
O43448,Substrate,O43448
Q8WXS4,Substrate,Q8WXS4
O95863,Substrate,O95863
Q9NWU5,Substrate,Q9NWU5
D6RIA3,Substrate,D6RIA3
Q9HCS2,Substrate,Q9HCS2
Q8N5L8,Substrate,Q8N5L8
O14775,Substrate,O14775
Q9Y463,Substrate,Q9Y463
P13489,Substrate,P13489
Q5TAG4,Substrate,Q5TAG4
Q9C0H6,Substrate,Q9C0H6
F8WCM5,Substrate,F8WCM5
O43435,Substrate,O43435
O95197,Substrate,O95197
Q8IXT5,Substrate,Q8IXT5
Q9Y2W1,Substrate,Q9Y2W1
Q99614,Substrate,Q99614
A0A075B734,Substrate,A0A075B734
Q96PU8,Substrate,Q96PU8
Q99467,Substrate,Q99467
Q8WW12,Substrate,Q8WW12
Q9H8P0,Substrate,Q9H8P0
Q9Y2H2,Substrate,Q9Y2H2
P56962,Substrate,P56962
P0DM63,Substrate,P0DM63
Q12766,Substrate,Q12766
Q96HA8,Substrate,Q96HA8
Q0VG06,Substrate,Q0VG06
Q5VZV1,Substrate,Q5VZV1
Q9HAC8,Substrate,Q9HAC8
O75911,Substrate,O75911
Q5XKR4,Substrate,Q5XKR4
A2RTX5,Substrate,A2RTX5
O00483,Substrate,O00483
Q9BYD6,Substrate,Q9BYD6
O75038,Substrate,O75038
O75635,Substrate,O75635
Q99726,Substrate,Q99726
P19429,Substrate,P19429
Q00722,Substrate,Q00722
Q99985,Substrate,Q99985
Q6ZUF6,Substrate,Q6ZUF6
Q8TBK6,Substrate,Q8TBK6
Q6ZNE5,Substrate,Q6ZNE5
Q8TC36,Substrate,Q8TC36
Q86WS4,Substrate,Q86WS4
Q8WXS3,Substrate,Q8WXS3
Q9NVV4,Substrate,Q9NVV4
Q16670,Substrate,Q16670
O75695,Substrate,O75695
Q8ND24,Substrate,Q8ND24
Q9H6R3,Substrate,Q9H6R3
Q9H8W4,Substrate,Q9H8W4
P35070,Substrate,P35070
Q8IZL9,Substrate,Q8IZL9
O43286,Substrate,O43286
Q86YD7,Substrate,Q86YD7
Q96H40,Substrate,Q96H40
Q4VC31,Substrate,Q4VC31
P03372,Substrate,P03372
P48723,Substrate,P48723
Q96F05,Substrate,Q96F05
Q12815,Substrate,Q12815
O43707,Substrate,O43707
Q13145,Substrate,Q13145
Q6ZSK4,Substrate,Q6ZSK4
P0C7P4,Substrate,P0C7P4
P59543,Substrate,P59543
P55822,Substrate,P55822
Q52LA3,Substrate,Q52LA3
P43146,Substrate,P43146
P51679,Substrate,P51679
O75170,Substrate,O75170
Q86V35,Substrate,Q86V35
Q8WWZ1,Substrate,Q8WWZ1
Q8TAT2,Substrate,Q8TAT2
P67936,Substrate,P67936
P01116,Substrate,P01116
Q96PS1,Substrate,Q96PS1
P04843,Substrate,P04843
Q99626,Substrate,Q99626
Q9BSY9,Substrate,Q9BSY9
P29322,Substrate,P29322
P49790,Substrate,P49790
Q9Y371,Substrate,Q9Y371
Q9NQG1,Substrate,Q9NQG1
P23219,Substrate,P23219
Q9NR21,Substrate,Q9NR21
Q8N9E0,Substrate,Q8N9E0
O75330,Substrate,O75330
Q0P6D6,Substrate,Q0P6D6
Q9BZ19,Substrate,Q9BZ19
Q2M389,Substrate,Q2M389
Q9BQ70,Substrate,Q9BQ70
Q9UK10,Substrate,Q9UK10
Q8N2R0,Substrate,Q8N2R0
P15622,Substrate,P15622
O43918,Substrate,O43918
P41970,Substrate,P41970
Q8NEV9,Substrate,Q8NEV9
P13995,Substrate,P13995
P29459,Substrate,P29459
Q01973,Substrate,Q01973
Q13136,Substrate,Q13136
O75264,Substrate,O75264
A8K0R7,Substrate,A8K0R7
Q9BXJ1,Substrate,Q9BXJ1
P56693,Substrate,P56693
Q9UJV9,Substrate,Q9UJV9
Q9UPN6,Substrate,Q9UPN6
Q9NWU2,Substrate,Q9NWU2
Q86X95,Substrate,Q86X95
Q9HCU5,Substrate,Q9HCU5
E9PQX1,Substrate,E9PQX1
P51451,Substrate,P51451
Q6P4I2,Substrate,Q6P4I2
P33897,Substrate,P33897
Q6ZNE9,Substrate,Q6ZNE9
Q6IPT2,Substrate,Q6IPT2
Q8WXF8,Substrate,Q8WXF8
P10145,Substrate,P10145
Q7Z2Q7,Substrate,Q7Z2Q7
Q96AJ1,Substrate,Q96AJ1
Q6H8Q1,Substrate,Q6H8Q1
Q9NPG4,Substrate,Q9NPG4
Q8NI27,Substrate,Q8NI27
Q9H6E5,Substrate,Q9H6E5
O95873,Substrate,O95873
P0C7M4,Substrate,P0C7M4
O00590,Substrate,O00590
Q8N3I7,Substrate,Q8N3I7
P17706,Substrate,P17706
Q9BU23,Substrate,Q9BU23
Q96HD1,Substrate,Q96HD1
Q9UK39,Substrate,Q9UK39
Q9H707,Substrate,Q9H707
Q13938,Substrate,Q13938
Q96BN2,Substrate,Q96BN2
Q6ZS27,Substrate,Q6ZS27
Q9Y2P4,Substrate,Q9Y2P4
A6NCW0,Substrate,A6NCW0
P62380,Substrate,P62380
Q9Y2D8,Substrate,Q9Y2D8
A0A494C0N9,Substrate,A0A494C0N9
P0DP07,Substrate,P0DP07
H0YKK7,Substrate,H0YKK7
Q16585,Substrate,Q16585
O95163,Substrate,O95163
Q13625,Substrate,Q13625
Q5VSY0,Substrate,Q5VSY0
P17858,Substrate,P17858
Q99679,Substrate,Q99679
Q5H8A4,Substrate,Q5H8A4
Q7LBR1,Substrate,Q7LBR1
Q9H0R5,Substrate,Q9H0R5
Q86TG1,Substrate,Q86TG1
Q8NH57,Substrate,Q8NH57
P09565,Substrate,P09565
Q16822,Substrate,Q16822
Q9UPI3,Substrate,Q9UPI3
Q5T7W7,Substrate,Q5T7W7
O00295,Substrate,O00295
Q7RTU7,Substrate,Q7RTU7
Q6P597,Substrate,Q6P597
Q9UJ55,Substrate,Q9UJ55
Q02641,Substrate,Q02641
Q5T8A7,Substrate,Q5T8A7
Q14683,Substrate,Q14683
Q32NC0,Substrate,Q32NC0
Q8TAP6,Substrate,Q8TAP6
P62854,Substrate,P62854
Q14574,Substrate,Q14574
P17658,Substrate,P17658
P00441,Substrate,P00441
Q8N485,Substrate,Q8N485
Q8WXR4,Substrate,Q8WXR4
Q9Y6H8,Substrate,Q9Y6H8
A6NLC5,Substrate,A6NLC5
Q8IWL1,Substrate,Q8IWL1
P13798,Substrate,P13798
O94864,Substrate,O94864
P53396,Substrate,P53396
A8MXZ1,Substrate,A8MXZ1
P12829,Substrate,P12829
Q9NQY0,Substrate,Q9NQY0
C9JC47,Substrate,C9JC47
Q8NGG2,Substrate,Q8NGG2
P25786,Substrate,P25786
Q8N6Q3,Substrate,Q8N6Q3
O75473,Substrate,O75473
O14654,Substrate,O14654
Q9Y5Q0,Substrate,Q9Y5Q0
Q16576,Substrate,Q16576
P49715,Substrate,P49715
Q8TB73,Substrate,Q8TB73
Q96IS3,Substrate,Q96IS3
Q9P2J2,Substrate,Q9P2J2
P48549,Substrate,P48549
Q96IZ7,Substrate,Q96IZ7
P19075,Substrate,P19075
Q8IY26,Substrate,Q8IY26
Q7Z3Q1,Substrate,Q7Z3Q1
Q8TAD2,Substrate,Q8TAD2
Q9H422,Substrate,Q9H422
Q9NZD2,Substrate,Q9NZD2
P26378,Substrate,P26378
A0A1W2PPL8,Substrate,A0A1W2PPL8
Q14623,Substrate,Q14623
Q8TBZ0,Substrate,Q8TBZ0
Q15645,Substrate,Q15645
O75325,Substrate,O75325
Q9H1C4,Substrate,Q9H1C4
P0C7V6,Substrate,P0C7V6
P05787,Substrate,P05787
Q8N8J6,Substrate,Q8N8J6
Q8WVE7,Substrate,Q8WVE7
Q9BTE1,Substrate,Q9BTE1
Q9NVR7,Substrate,Q9NVR7
P54764,Substrate,P54764
Q96PY6,Substrate,Q96PY6
P0CJ76,Substrate,P0CJ76
Q9H8S5,Substrate,Q9H8S5
P07311,Substrate,P07311
Q08554,Substrate,Q08554
Q9P031,Substrate,Q9P031
Q92797,Substrate,Q92797
Q9UF02,Substrate,Q9UF02
O00194,Substrate,O00194
Q9NZD8,Substrate,Q9NZD8
A0A590UK83,Substrate,A0A590UK83
Q8WV07,Substrate,Q8WV07
A0A0X1KG70,Substrate,A0A0X1KG70
P14543,Substrate,P14543
Q5T5M9,Substrate,Q5T5M9
Q9UHQ1,Substrate,Q9UHQ1
O75521,Substrate,O75521
Q9H0J9,Substrate,Q9H0J9
O14974,Substrate,O14974
A8MT33,Substrate,A8MT33
Q6ZTU2,Substrate,Q6ZTU2
Q9UH99,Substrate,Q9UH99
Q96PY0,Substrate,Q96PY0
Q9HCK0,Substrate,Q9HCK0
Q8IYA8,Substrate,Q8IYA8
Q04741,Substrate,Q04741
Q16864,Substrate,Q16864
P06310,Substrate,P06310
P42684,Substrate,P42684
O14958,Substrate,O14958
Q3B8N5,Substrate,Q3B8N5
O43520,Substrate,O43520
Q9NRE2,Substrate,Q9NRE2
Q12888,Substrate,Q12888
Q9GZL7,Substrate,Q9GZL7
Q8WV41,Substrate,Q8WV41
Q9BXW6,Substrate,Q9BXW6
O00635,E3,O00635
P04437,Substrate,P04437
P53365,Substrate,P53365
Q9NRM6,E3,Q9NRM6
Q9UBW5,Substrate,Q9UBW5
Q5T5X7,Substrate,Q5T5X7
Q5D1E8,Substrate,Q5D1E8
A6NFZ4,Substrate,A6NFZ4
Q9BZE9,Substrate,Q9BZE9
Q15475,Substrate,Q15475
Q9NUX5,Substrate,Q9NUX5
Q9NUY8,Substrate,Q9NUY8
O15547,Substrate,O15547
Q14677,Substrate,Q14677
Q6UWH6,Substrate,Q6UWH6
Q96LY2,Substrate,Q96LY2
Q15041,Substrate,Q15041
Q9ULW5,Substrate,Q9ULW5
Q92783,Substrate,Q92783
P53992,Substrate,P53992
A0A0A0MT89,Substrate,A0A0A0MT89
Q6ZMZ0,E3,Q6ZMZ0
P43490,Substrate,P43490
Q86VH4,Substrate,Q86VH4
Q9UNN5,Substrate,Q9UNN5
A0A411D538,Substrate,A0A411D538
Q9UBQ0,Substrate,Q9UBQ0
Q96NT3,Substrate,Q96NT3
Q9HB07,Substrate,Q9HB07
O14727,Substrate,O14727
P27701,Substrate,P27701
Q52LG2,Substrate,Q52LG2
O43593,Substrate,O43593
Q6NUT2,Substrate,Q6NUT2
Q96AH8,Substrate,Q96AH8
Q9NP58,Substrate,Q9NP58
A6NNZ2,Substrate,A6NNZ2
O60716,Substrate,O60716
P49756,Substrate,P49756
O75690,Substrate,O75690
Q8WWC4,Substrate,Q8WWC4
Q05469,Substrate,Q05469
Q5FYB1,Substrate,Q5FYB1
P20933,Substrate,P20933
Q93070,Substrate,Q93070
A0A087WSX0,Substrate,A0A087WSX0
Q16760,Substrate,Q16760
Q5SQ64,Substrate,Q5SQ64
P09681,Substrate,P09681
P0DP23,Substrate,P0DP23
Q99583,Substrate,Q99583
Q6JVE5,Substrate,Q6JVE5
O95807,Substrate,O95807
O15379,Substrate,O15379
P25103,Substrate,P25103
Q9Y2Q5,Substrate,Q9Y2Q5
Q8TEA7,Substrate,Q8TEA7
P61925,Substrate,P61925
P17643,Substrate,P17643
Q9BZJ8,Substrate,Q9BZJ8
Q9UL54,Substrate,Q9UL54
O43181,Substrate,O43181
Q86X24,Substrate,Q86X24
O95868,Substrate,O95868
A1IGU5,Substrate,A1IGU5
Q5T230,Substrate,Q5T230
Q8NGG3,Substrate,Q8NGG3
Q96C10,Substrate,Q96C10
Q7Z5Y6,Substrate,Q7Z5Y6
P32929,Substrate,P32929
Q4VXA5,Substrate,Q4VXA5
Q9H939,Substrate,Q9H939
Q9Y6L7,Substrate,Q9Y6L7
Q9Y6U7,Substrate,Q9Y6U7
P60660,Substrate,P60660
Q9H9L7,Substrate,Q9H9L7
P05161,Substrate,P05161
Q9Y4W6,Substrate,Q9Y4W6
P49190,Substrate,P49190
A0A075B6N4,Substrate,A0A075B6N4
O94991,Substrate,O94991
Q9Y4B4,Substrate,Q9Y4B4
Q9H2P9,Substrate,Q9H2P9
Q8TDQ7,Substrate,Q8TDQ7
Q70CQ3,Substrate,Q70CQ3
Q5TAQ9,E3,Q5TAQ9
Q8NI37,Substrate,Q8NI37
P15259,Substrate,P15259
Q96KV6,Substrate,Q96KV6
P50876,E3,P50876
O60729,Substrate,O60729
Q96R28,Substrate,Q96R28
Q8N4N3,E3,Q8N4N3
Q13164,Substrate,Q13164
P58004,Substrate,P58004
Q13794,Substrate,Q13794
Q9UHG2,Substrate,Q9UHG2
P08294,Substrate,P08294
A2RU30,Substrate,A2RU30
P32881,Substrate,P32881
Q13356,E3,Q13356
Q9BX73,Substrate,Q9BX73
Q9NZ52,Substrate,Q9NZ52
Q9Y4E8,Substrate,Q9Y4E8
Q9BZ76,Substrate,Q9BZ76
Q14241,Substrate,Q14241
Q6PI78,Substrate,Q6PI78
Q9UHQ9,Substrate,Q9UHQ9
Q9H2K0,Substrate,Q9H2K0
O14763,Substrate,O14763
P51798,Substrate,P51798
O95803,Substrate,O95803
Q96IY4,Substrate,Q96IY4
Q15185,Substrate,Q15185
Q8NGS0,Substrate,Q8NGS0
Q8NCB2,Substrate,Q8NCB2
P48380,Substrate,P48380
Q8NEM8,Substrate,Q8NEM8
Q6ZVC0,Substrate,Q6ZVC0
P40305,Substrate,P40305
Q8IZF7,Substrate,Q8IZF7
Q6PP77,Substrate,Q6PP77
Q96NJ6,Substrate,Q96NJ6
O00622,Substrate,O00622
A0A3B3IU63,Substrate,A0A3B3IU63
Q9NWY4,Substrate,Q9NWY4
P50458,Substrate,P50458
Q96LB2,Substrate,Q96LB2
Q6ZWI9,Substrate,Q6ZWI9
P48058,Substrate,P48058
Q9Y3Q0,Substrate,Q9Y3Q0
Q9UM82,Substrate,Q9UM82
A0A0C4DH68,Substrate,A0A0C4DH68
Q9HD87,Substrate,Q9HD87
Q8NET8,Substrate,Q8NET8
P09936,E3,P09936
P04908,Substrate,P04908
P60827,Substrate,P60827
P11836,Substrate,P11836
Q8NFA2,Substrate,Q8NFA2
Q92562,Substrate,Q92562
Q93097,Substrate,Q93097
P78556,Substrate,P78556
Q06124,Substrate,Q06124
Q8TEQ6,Substrate,Q8TEQ6
Q12980,Substrate,Q12980
Q9H210,Substrate,Q9H210
O43820,Substrate,O43820
Q9H869,Substrate,Q9H869
Q96GN5,Substrate,Q96GN5
P55072,Substrate,P55072
Q86VI3,Substrate,Q86VI3
Q96GI7,Substrate,Q96GI7
Q6UXN7,Substrate,Q6UXN7
O60504,Substrate,O60504
Q86UL3,Substrate,Q86UL3
Q9NPE2,Substrate,Q9NPE2
Q96EL3,Substrate,Q96EL3
Q9Y5J7,Substrate,Q9Y5J7
Q06210,Substrate,Q06210
Q9NVS2,Substrate,Q9NVS2
Q8IV03,Substrate,Q8IV03
Q8NG84,Substrate,Q8NG84
Q96EE3,Substrate,Q96EE3
Q9NPE6,Substrate,Q9NPE6
Q92696,Substrate,Q92696
O14787,Substrate,O14787
Q9BZZ5,Substrate,Q9BZZ5
Q96DB5,Substrate,Q96DB5
Q6PI97,Substrate,Q6PI97
O76041,Substrate,O76041
Q14257,Substrate,Q14257
Q14103,Substrate,Q14103
O60239,Substrate,O60239
Q9H841,Substrate,Q9H841
Q8N5Z5,E3,Q8N5Z5
P13688,Substrate,P13688
Q96RP9,Substrate,Q96RP9
Q9C0E4,Substrate,Q9C0E4
P0C7U9,Substrate,P0C7U9
Q9UKV5,E3,Q9UKV5
Q5C9Z4,Substrate,Q5C9Z4
P16234,Substrate,P16234
Q8WWM7,Substrate,Q8WWM7
Q8IZP7,Substrate,Q8IZP7
Q8ND30,Substrate,Q8ND30
O00548,Substrate,O00548
Q8WU10,Substrate,Q8WU10
Q8IW03,Substrate,Q8IW03
Q9UKJ3,Substrate,Q9UKJ3
Q9H1Z4,Substrate,Q9H1Z4
Q86Y13,E3,Q86Y13
Q13643,Substrate,Q13643
Q99496,E3,Q99496
O14776,Substrate,O14776
P11511,Substrate,P11511
Q02750,Substrate,Q02750
Q12879,Substrate,Q12879
Q5JR59,Substrate,Q5JR59
Q96JB8,Substrate,Q96JB8
Q15070,Substrate,Q15070
O00626,Substrate,O00626
Q496A3,Substrate,Q496A3
Q8WVE0,Substrate,Q8WVE0
Q9NQA3,Substrate,Q9NQA3
Q5W188,Substrate,Q5W188
Q8IYT8,Substrate,Q8IYT8
A6NED2,Substrate,A6NED2
Q86UK5,Substrate,Q86UK5
Q16584,Substrate,Q16584
Q15406,Substrate,Q15406
Q969S8,Substrate,Q969S8
Q9UL18,Substrate,Q9UL18
O94986,Substrate,O94986
Q93083,Substrate,Q93083
O75496,Substrate,O75496
O43653,Substrate,O43653
Q9UPU9,Substrate,Q9UPU9
O60293,Substrate,O60293
A0A1B0GXF2,Substrate,A0A1B0GXF2
P40763,Substrate,P40763
Q8TF30,Substrate,Q8TF30
Q8NGX3,Substrate,Q8NGX3
P51884,Substrate,P51884
Q12800,Substrate,Q12800
Q8NFQ8,Substrate,Q8NFQ8
Q8TB72,Substrate,Q8TB72
Q9H299,Substrate,Q9H299
P02458,Substrate,P02458
Q8NH37,Substrate,Q8NH37
P50406,Substrate,P50406
Q9NRN7,Substrate,Q9NRN7
B4DYI2,Substrate,B4DYI2
Q9NRI5,Substrate,Q9NRI5
Q8WV37,Substrate,Q8WV37
Q9BSM1,E3,Q9BSM1
Q92994,Substrate,Q92994
Q9HBJ7,Substrate,Q9HBJ7
Q9NPI5,Substrate,Q9NPI5
Q15723,Substrate,Q15723
Q9Y4C8,Substrate,Q9Y4C8
Q8NDQ6,Substrate,Q8NDQ6
Q8ND82,Substrate,Q8ND82
O75874,Substrate,O75874
Q96KK3,Substrate,Q96KK3
P10747,Substrate,P10747
P41182,Substrate,P41182
Q8NFK1,Substrate,Q8NFK1
Q96JM3,Substrate,Q96JM3
Q9HCC9,Substrate,Q9HCC9
Q9UJ72,Substrate,Q9UJ72
Q17RY0,Substrate,Q17RY0
Q9P296,Substrate,Q9P296
O14862,Substrate,O14862
P0C7N8,Substrate,P0C7N8
P21549,Substrate,P21549
Q8WWK9,Substrate,Q8WWK9
Q969E4,Substrate,Q969E4
Q9NV96,Substrate,Q9NV96
A0A0K0K1G6,Substrate,A0A0K0K1G6
Q96RD0,Substrate,Q96RD0
Q86V97,E3,Q86V97
O94988,Substrate,O94988
A0A1W2PPW3,Substrate,A0A1W2PPW3
A0A087WSY4,Substrate,A0A087WSY4
Q8N9N7,Substrate,Q8N9N7
Q13547,Substrate,Q13547
Q6ZNK6,Substrate,Q6ZNK6
Q9Y6Z5,Substrate,Q9Y6Z5
A0A0K0K1C0,Substrate,A0A0K0K1C0
Q9BU70,Substrate,Q9BU70
Q86W34,Substrate,Q86W34
Q6ZTZ1,Substrate,Q6ZTZ1
P60323,Substrate,P60323
Q6GPI1,Substrate,Q6GPI1
Q96RT1,Substrate,Q96RT1
P05387,Substrate,P05387
Q2TB18,Substrate,Q2TB18
P55199,Substrate,P55199
Q9H2X6,Substrate,Q9H2X6
Q8NGI7,Substrate,Q8NGI7
Q8TBN0,Substrate,Q8TBN0
Q8N339,Substrate,Q8N339
Q9P1Q5,Substrate,Q9P1Q5
P17017,Substrate,P17017
O43715,Substrate,O43715
Q5T9G4,Substrate,Q5T9G4
Q05329,Substrate,Q05329
P22362,Substrate,P22362
P23560,Substrate,P23560
P10323,Substrate,P10323
Q96PQ7,Substrate,Q96PQ7
Q9NV35,Substrate,Q9NV35
B7ZAP0,Substrate,B7ZAP0
Q9UK80,Substrate,Q9UK80
Q96P31,Substrate,Q96P31
Q499Z4,Substrate,Q499Z4
P51811,Substrate,P51811
Q99801,Substrate,Q99801
P49747,Substrate,P49747
Q9NRY6,Substrate,Q9NRY6
Q9H3K6,Substrate,Q9H3K6
P18031,Substrate,P18031
P29375,Substrate,P29375
Q16548,Substrate,Q16548
Q56VL3,Substrate,Q56VL3
Q4G0S7,Substrate,Q4G0S7
Q96HP8,Substrate,Q96HP8
Q13114,E3,Q13114
Q9H3C7,Substrate,Q9H3C7
A0A7L8Y648,Substrate,A0A7L8Y648
P08581,Substrate,P08581
Q8NH56,Substrate,Q8NH56
Q9NRQ2,Substrate,Q9NRQ2
Q9BZF9,Substrate,Q9BZF9
P45880,Substrate,P45880
A7E2Y1,Substrate,A7E2Y1
O95644,Substrate,O95644
Q96NZ8,Substrate,Q96NZ8
Q8N0Y5,Substrate,Q8N0Y5
Q13158,Substrate,Q13158
Q9Y6X8,Substrate,Q9Y6X8
Q6UY14,Substrate,Q6UY14
O15178,Substrate,O15178
Q9UN19,Substrate,Q9UN19
Q6P4E1,Substrate,Q6P4E1
O75438,Substrate,O75438
Q9BT30,Substrate,Q9BT30
Q9P013,Substrate,Q9P013
O75751,Substrate,O75751
Q03923,Substrate,Q03923
Q8TAK6,Substrate,Q8TAK6
Q9ULD4,Substrate,Q9ULD4
P11487,Substrate,P11487
Q5VU69,Substrate,Q5VU69
O95183,Substrate,O95183
P0C7L1,Substrate,P0C7L1
P35270,Substrate,P35270
Q9BYG0,Substrate,Q9BYG0
Q96AX1,Substrate,Q96AX1
Q9Y6F6,Substrate,Q9Y6F6
P18850,Substrate,P18850
O14843,Substrate,O14843
Q8N6T7,Substrate,Q8N6T7
Q07654,Substrate,Q07654
Q13133,Substrate,Q13133
Q13255,Substrate,Q13255
P04179,Substrate,P04179
Q9Y2I2,Substrate,Q9Y2I2
Q8WXH2,Substrate,Q8WXH2
Q99436,Substrate,Q99436
Q9H2M3,Substrate,Q9H2M3
P35579,Substrate,P35579
Q9NPC4,Substrate,Q9NPC4
Q14814,Substrate,Q14814
Q9UL25,Substrate,Q9UL25
Q9GZX7,Substrate,Q9GZX7
P24462,Substrate,P24462
Q9P2G3,E3,Q9P2G3
P01562,Substrate,P01562
Q9Y228,Substrate,Q9Y228
A0A1B0GTL2,Substrate,A0A1B0GTL2
Q9NP79,Substrate,Q9NP79
A6NJG6,Substrate,A6NJG6
A8MT65,Substrate,A8MT65
Q96DD0,Substrate,Q96DD0
Q9BRX8,Substrate,Q9BRX8
P78317,E3,P78317
Q8N165,Substrate,Q8N165
A6NIE6,Substrate,A6NIE6
A0A0C4DH27,Substrate,A0A0C4DH27
O14598,Substrate,O14598
Q14156,Substrate,Q14156
A8MWL6,Substrate,A8MWL6
P61582,Substrate,P61582
P57058,Substrate,P57058
Q14184,Substrate,Q14184
Q9HBU6,Substrate,Q9HBU6
Q9P227,Substrate,Q9P227
Q9UPS8,Substrate,Q9UPS8
B4DS77,Substrate,B4DS77
Q5TA31,E3,Q5TA31
Q9H6U8,Substrate,Q9H6U8
Q13585,Substrate,Q13585
Q96L34,Substrate,Q96L34
Q8NGR1,Substrate,Q8NGR1
Q8IYJ3,Substrate,Q8IYJ3
Q5T953,Substrate,Q5T953
Q8ND23,Substrate,Q8ND23
Q7Z3Z4,Substrate,Q7Z3Z4
Q02790,Substrate,Q02790
Q9NQ89,Substrate,Q9NQ89
Q9Y6K0,Substrate,Q9Y6K0
P05155,Substrate,P05155
Q9Y252,E3,Q9Y252
Q7Z6J2,Substrate,Q7Z6J2
Q49AS3,Substrate,Q49AS3
Q9BYV6,E3,Q9BYV6
P29377,Substrate,P29377
Q6UXF1,Substrate,Q6UXF1
Q15269,Substrate,Q15269
A0PJZ0,Substrate,A0PJZ0
P05062,Substrate,P05062
Q96MR9,Substrate,Q96MR9
Q9UJX4,Substrate,Q9UJX4
Q4KWH8,Substrate,Q4KWH8
Q96CX3,Substrate,Q96CX3
Q96KF2,Substrate,Q96KF2
Q7RTU5,Substrate,Q7RTU5
Q6PJT7,Substrate,Q6PJT7
Q8IYB0,Substrate,Q8IYB0
Q96Q06,Substrate,Q96Q06
O75129,Substrate,O75129
Q8IWV7,Substrate,Q8IWV7
Q96K76,Substrate,Q96K76
Q9P055,Substrate,Q9P055
A1L020,Substrate,A1L020
Q16790,Substrate,Q16790
P67870,Substrate,P67870
Q63HQ2,Substrate,Q63HQ2
P24310,Substrate,P24310
Q12834,E3,Q12834
Q07157,Substrate,Q07157
P49326,Substrate,P49326
Q9UBL3,Substrate,Q9UBL3
Q9Y573,Substrate,Q9Y573
Q49AR2,Substrate,Q49AR2
P22626,Substrate,P22626
P56589,Substrate,P56589
Q6P7N7,Substrate,Q6P7N7
Q9P0M9,Substrate,Q9P0M9
P49959,Substrate,P49959
P47775,Substrate,P47775
Q494W8,Substrate,Q494W8
Q96T37,Substrate,Q96T37
Q5KU26,Substrate,Q5KU26
O95196,Substrate,O95196
Q14929,Substrate,Q14929
O75132,Substrate,O75132
Q9H7E9,Substrate,Q9H7E9
Q92482,Substrate,Q92482
Q15049,Substrate,Q15049
P51659,Substrate,P51659
A6NEV1,Substrate,A6NEV1
Q9NQX4,Substrate,Q9NQX4
Q9BVH7,Substrate,Q9BVH7
P61923,Substrate,P61923
P14651,Substrate,P14651
P41271,Substrate,P41271
P23469,Substrate,P23469
Q8N0W4,Substrate,Q8N0W4
P52954,Substrate,P52954
Q92506,Substrate,Q92506
A0A1B0GV22,Substrate,A0A1B0GV22
Q99674,Substrate,Q99674
Q9Y399,Substrate,Q9Y399
Q2TBE0,Substrate,Q2TBE0
Q8TD06,Substrate,Q8TD06
Q9NRZ5,Substrate,Q9NRZ5
A8MTY0,Substrate,A8MTY0
Q9UQK1,Substrate,Q9UQK1
Q06265,Substrate,Q06265
Q9UDX3,Substrate,Q9UDX3
Q9P270,Substrate,Q9P270
Q15527,Substrate,Q15527
Q8TD20,Substrate,Q8TD20
P19438,Substrate,P19438
Q13905,Substrate,Q13905
P26012,Substrate,P26012
P08670,Substrate,P08670
Q92990,Substrate,Q92990
P28066,Substrate,P28066
Q9NWX5,E3,Q9NWX5
Q3B8N2,Substrate,Q3B8N2
P30044,Substrate,P30044
P23280,Substrate,P23280
A6NJV1,Substrate,A6NJV1
Q9ULK0,Substrate,Q9ULK0
Q9UHI5,Substrate,Q9UHI5
P01574,Substrate,P01574
P0CW20,Substrate,P0CW20
Q9BXS4,Substrate,Q9BXS4
P30542,Substrate,P30542
Q9HD20,Substrate,Q9HD20
Q9GZM8,Substrate,Q9GZM8
Q9P1Z3,Substrate,Q9P1Z3
P42680,Substrate,P42680
Q96MY7,Substrate,Q96MY7
Q6P9A1,Substrate,Q6P9A1
Q86UP9,Substrate,Q86UP9
Q9P0M2,Substrate,Q9P0M2
Q5T1V6,Substrate,Q5T1V6
Q8TAK5,Substrate,Q8TAK5
A4D2B8,Substrate,A4D2B8
Q5VYS8,Substrate,Q5VYS8
Q5VTH9,Substrate,Q5VTH9
Q9NZ81,Substrate,Q9NZ81
Q8TBZ2,Substrate,Q8TBZ2
O00287,Substrate,O00287
Q8N9W6,Substrate,Q8N9W6
Q96N66,Substrate,Q96N66
Q14210,Substrate,Q14210
Q9H2C8,Substrate,Q9H2C8
Q9UGT4,Substrate,Q9UGT4
P42574,Substrate,P42574
Q9BX93,Substrate,Q9BX93
Q15843,Substrate,Q15843
Q9UNY4,Substrate,Q9UNY4
O95006,Substrate,O95006
P32455,Substrate,P32455
Q6IF82,Substrate,Q6IF82
O60896,Substrate,O60896
Q13148,Substrate,Q13148
Q8NB12,Substrate,Q8NB12
Q8TDB6,E3,Q8TDB6
P56524,Substrate,P56524
Q7Z7N9,Substrate,Q7Z7N9
Q6N069,Substrate,Q6N069
Q8NGB2,Substrate,Q8NGB2
P39019,Substrate,P39019
Q8N9Z2,Substrate,Q8N9Z2
Q96T91,Substrate,Q96T91
Q68CP4,Substrate,Q68CP4
Q9C0A0,Substrate,Q9C0A0
Q9NQ92,Substrate,Q9NQ92
Q6PII5,Substrate,Q6PII5
Q92794,Substrate,Q92794
Q96GX1,Substrate,Q96GX1
O43823,Substrate,O43823
Q9HA65,Substrate,Q9HA65
P10075,Substrate,P10075
O95222,Substrate,O95222
Q9UPC5,Substrate,Q9UPC5
Q9BQY9,Substrate,Q9BQY9
Q9NZJ6,Substrate,Q9NZJ6
Q9GZK3,Substrate,Q9GZK3
Q9BVS4,Substrate,Q9BVS4
Q9NQE7,Substrate,Q9NQE7
Q8NBF1,Substrate,Q8NBF1
Q14432,Substrate,Q14432
Q86SX3,Substrate,Q86SX3
P52732,Substrate,P52732
Q9UBC1,Substrate,Q9UBC1
P61966,Substrate,P61966
P60409,Substrate,P60409
A0A1W2PP97,Substrate,A0A1W2PP97
Q96L96,Substrate,Q96L96
O43184,Substrate,O43184
Q96CU9,Substrate,Q96CU9
Q9UET6,Substrate,Q9UET6
P28562,Substrate,P28562
Q96T21,Substrate,Q96T21
Q9Y294,Substrate,Q9Y294
P16949,Substrate,P16949
Q92800,Substrate,Q92800
Q9NTK5,Substrate,Q9NTK5
Q9P0S2,Substrate,Q9P0S2
Q96IZ2,Substrate,Q96IZ2
Q96NA2,Substrate,Q96NA2
P36508,Substrate,P36508
O15318,Substrate,O15318
A0A3B3IT52,Substrate,A0A3B3IT52
Q9BV79,Substrate,Q9BV79
Q9NS23,Substrate,Q9NS23
A6NM45,Substrate,A6NM45
Q8N988,Substrate,Q8N988
O75947,Substrate,O75947
P22415,Substrate,P22415
O75310,Substrate,O75310
Q9BYR3,Substrate,Q9BYR3
P20594,Substrate,P20594
O14618,Substrate,O14618
Q9BXQ6,Substrate,Q9BXQ6
P56385,Substrate,P56385
Q8TAE8,Substrate,Q8TAE8
A0A1W2PR64,Substrate,A0A1W2PR64
Q96NE9,Substrate,Q96NE9
Q96PM5,E3,Q96PM5
Q9UKG4,Substrate,Q9UKG4
Q1ZZU3,Substrate,Q1ZZU3
Q12756,Substrate,Q12756
P15516,Substrate,P15516
Q6IN84,Substrate,Q6IN84
O94966,Substrate,O94966
Q9NP56,Substrate,Q9NP56
O00203,Substrate,O00203
P24941,Substrate,P24941
Q5TZA2,Substrate,Q5TZA2
O60610,Substrate,O60610
Q6UWI2,Substrate,Q6UWI2
P54278,Substrate,P54278
C9JVW0,Substrate,C9JVW0
Q96DU7,Substrate,Q96DU7
P30039,Substrate,P30039
P01860,Substrate,P01860
Q9H9P2,Substrate,Q9H9P2
P35222,Substrate,P35222
Q8N9S9,Substrate,Q8N9S9
P0CW19,Substrate,P0CW19
Q9H3U5,Substrate,Q9H3U5
P18827,Substrate,P18827
O75638,Substrate,O75638
Q8NA42,Substrate,Q8NA42
O95825,Substrate,O95825
O60356,Substrate,O60356
Q8NHM5,E3,Q8NHM5
Q6UXK5,Substrate,Q6UXK5
Q9BXU3,Substrate,Q9BXU3
Q9NYA3,Substrate,Q9NYA3
A0A075B6J2,Substrate,A0A075B6J2
Q8N699,Substrate,Q8N699
O95260,Substrate,O95260
P02814,Substrate,P02814
Q6ZNB6,Substrate,Q6ZNB6
Q8IZX4,Substrate,Q8IZX4
P0C7T3,Substrate,P0C7T3
Q96JD6,Substrate,Q96JD6
P33402,Substrate,P33402
Q6UX15,Substrate,Q6UX15
Q7Z6M4,Substrate,Q7Z6M4
O15211,Substrate,O15211
P21728,Substrate,P21728
Q86X83,Substrate,Q86X83
P41223,Substrate,P41223
Q7Z4W2,Substrate,Q7Z4W2
Q96GW9,Substrate,Q96GW9
P21730,Substrate,P21730
Q8WUK0,Substrate,Q8WUK0
Q15072,Substrate,Q15072
Q9NUP7,Substrate,Q9NUP7
Q4LEZ3,Substrate,Q4LEZ3
Q86Z02,Substrate,Q86Z02
Q0VF49,Substrate,Q0VF49
P0CAT3,Substrate,P0CAT3
Q15208,Substrate,Q15208
Q00526,Substrate,Q00526
Q6IS14,Substrate,Q6IS14
Q9Y4J8,Substrate,Q9Y4J8
Q96R09,Substrate,Q96R09
P52926,Substrate,P52926
Q9H6H4,Substrate,Q9H6H4
Q96T83,Substrate,Q96T83
Q04637,Substrate,Q04637
Q684P5,Substrate,Q684P5
Q8IYS1,Substrate,Q8IYS1
Q6ZN92,Substrate,Q6ZN92
Q5JVL4,Substrate,Q5JVL4
Q9UQM7,Substrate,Q9UQM7
P23490,Substrate,P23490
P63027,Substrate,P63027
Q70EL4,Substrate,Q70EL4
Q9BR61,Substrate,Q9BR61
Q93063,Substrate,Q93063
Q8TDR4,Substrate,Q8TDR4
P34947,Substrate,P34947
Q6ZQQ2,Substrate,Q6ZQQ2
Q8IUK8,Substrate,Q8IUK8
P35221,Substrate,P35221
P50991,Substrate,P50991
P32297,Substrate,P32297
Q9BQG0,Substrate,Q9BQG0
Q4G0N4,Substrate,Q4G0N4
Q9Y2V2,Substrate,Q9Y2V2
P35030,Substrate,P35030
Q6NT55,Substrate,Q6NT55
A8MXV6,Substrate,A8MXV6
O43543,Substrate,O43543
P19827,Substrate,P19827
Q9UII6,Substrate,Q9UII6
Q8N8R5,Substrate,Q8N8R5
Q9UJW9,Substrate,Q9UJW9
O60883,Substrate,O60883
Q9Y224,Substrate,Q9Y224
Q9UDW1,Substrate,Q9UDW1
A0A1W2PR19,Substrate,A0A1W2PR19
A8MTQ0,Substrate,A8MTQ0
P56750,Substrate,P56750
Q7Z3Y7,Substrate,Q7Z3Y7
Q6ZV70,Substrate,Q6ZV70
Q9NX46,Substrate,Q9NX46
P22830,Substrate,P22830
P62191,Substrate,P62191
B4DH59,Substrate,B4DH59
Q6ZRV2,Substrate,Q6ZRV2
O14520,Substrate,O14520
Q6PB30,Substrate,Q6PB30
Q9UBF6,Substrate,Q9UBF6
Q8N1G1,Substrate,Q8N1G1
Q05639,Substrate,Q05639
Q86XK2,E3,Q86XK2
P33240,Substrate,P33240
Q9Y512,Substrate,Q9Y512
B9A014,Substrate,B9A014
Q49AN0,Substrate,Q49AN0
A4QMS7,Substrate,A4QMS7
Q96R30,Substrate,Q96R30
P59537,Substrate,P59537
Q6IAN0,Substrate,Q6IAN0
Q8NGN7,Substrate,Q8NGN7
Q9Y466,Substrate,Q9Y466
Q9HBH5,Substrate,Q9HBH5
Q9BUH6,Substrate,Q9BUH6
Q9NZC3,Substrate,Q9NZC3
Q3ZCX4,Substrate,Q3ZCX4
Q8N0S6,Substrate,Q8N0S6
O75487,Substrate,O75487
Q99640,Substrate,Q99640
Q7Z2Y5,Substrate,Q7Z2Y5
Q9BSJ1,Substrate,Q9BSJ1
O60309,Substrate,O60309
Q8NGY7,Substrate,Q8NGY7
P0CW27,Substrate,P0CW27
Q19T08,Substrate,Q19T08
Q6PI48,Substrate,Q6PI48
Q9HCJ6,Substrate,Q9HCJ6
A8MQ27,E3,A8MQ27
O00267,Substrate,O00267
Q15270,Substrate,Q15270
O60403,Substrate,O60403
Q15691,Substrate,Q15691
Q5EBN2,Substrate,Q5EBN2
O60830,Substrate,O60830
P09630,Substrate,P09630
Q9BX63,Substrate,Q9BX63
Q14191,Substrate,Q14191
Q8N7C4,Substrate,Q8N7C4
Q12929,Substrate,Q12929
P02533,Substrate,P02533
Q16581,Substrate,Q16581
Q8IUH4,Substrate,Q8IUH4
Q96HA1,Substrate,Q96HA1
Q8N972,Substrate,Q8N972
P22459,Substrate,P22459
Q7LBC6,Substrate,Q7LBC6
P13928,Substrate,P13928
P33176,Substrate,P33176
Q8NH74,Substrate,Q8NH74
Q96AE7,Substrate,Q96AE7
P31930,Substrate,P31930
Q9H6A0,Substrate,Q9H6A0
P0C2Y1,Substrate,P0C2Y1
O15016,Substrate,O15016
O14827,Substrate,O14827
Q16206,Substrate,Q16206
Q86YN1,Substrate,Q86YN1
O00566,Substrate,O00566
P0C7Q6,Substrate,P0C7Q6
Q5SVS4,Substrate,Q5SVS4
Q12851,Substrate,Q12851
Q6UWW0,Substrate,Q6UWW0
Q86VP3,Substrate,Q86VP3
Q96IU4,Substrate,Q96IU4
Q07817,Substrate,Q07817
Q6P1X5,Substrate,Q6P1X5
Q9P0N9,Substrate,Q9P0N9
Q9HBW1,Substrate,Q9HBW1
Q8N6V9,Substrate,Q8N6V9
Q9P107,Substrate,Q9P107
Q16143,Substrate,Q16143
Q8WUI4,Substrate,Q8WUI4
Q16649,Substrate,Q16649
P14324,Substrate,P14324
Q9UKP6,Substrate,Q9UKP6
O60888,Substrate,O60888
F2Z333,Substrate,F2Z333
Q8N7H1,Substrate,Q8N7H1
Q9NXW9,Substrate,Q9NXW9
O15511,Substrate,O15511
O15481,Substrate,O15481
Q9HC16,Substrate,Q9HC16
Q96MT4,Substrate,Q96MT4
A0A0J9YX57,Substrate,A0A0J9YX57
Q96ND8,Substrate,Q96ND8
Q15080,Substrate,Q15080
Q12996,Substrate,Q12996
Q96N58,Substrate,Q96N58
Q6PL24,Substrate,Q6PL24
Q6KF10,Substrate,Q6KF10
Q9C073,Substrate,Q9C073
Q9NZQ3,Substrate,Q9NZQ3
Q6PCB6,Substrate,Q6PCB6
Q5VU97,Substrate,Q5VU97
Q9NTJ4,Substrate,Q9NTJ4
P01715,Substrate,P01715
Q9Y2Y9,Substrate,Q9Y2Y9
Q96EY8,Substrate,Q96EY8
P13236,Substrate,P13236
P40227,Substrate,P40227
O75529,Substrate,O75529
H3BNL8,Substrate,H3BNL8
Q13093,Substrate,Q13093
Q15006,Substrate,Q15006
P48742,E3,P48742
O75469,Substrate,O75469
P08651,Substrate,P08651
Q7Z4Q2,Substrate,Q7Z4Q2
Q99706,Substrate,Q99706
P30520,Substrate,P30520
O95503,Substrate,O95503
O60312,Substrate,O60312
Q8NGZ4,Substrate,Q8NGZ4
P22301,Substrate,P22301
Q9Y613,Substrate,Q9Y613
Q6SJ96,Substrate,Q6SJ96
Q92733,Substrate,Q92733
Q96LL4,Substrate,Q96LL4
Q8ND90,Substrate,Q8ND90
Q9UMZ2,Substrate,Q9UMZ2
O75530,Substrate,O75530
Q14554,Substrate,Q14554
Q06889,Substrate,Q06889
Q56P03,Substrate,Q56P03
P49279,Substrate,P49279
Q5T1B0,Substrate,Q5T1B0
Q9Y617,Substrate,Q9Y617
Q8IWU6,Substrate,Q8IWU6
Q9NRR5,Substrate,Q9NRR5
Q8IZN7,Substrate,Q8IZN7
Q8TBJ4,Substrate,Q8TBJ4
P14678,Substrate,P14678
Q99732,Substrate,Q99732
Q9BQ15,Substrate,Q9BQ15
Q8IX95,Substrate,Q8IX95
Q01094,Substrate,Q01094
P28749,Substrate,P28749
Q6NZY4,Substrate,Q6NZY4
P04808,Substrate,P04808
Q15063,Substrate,Q15063
A6NNA2,Substrate,A6NNA2
Q9UHH9,Substrate,Q9UHH9
P07098,Substrate,P07098
P36507,Substrate,P36507
Q9Y5R4,Substrate,Q9Y5R4
Q92979,Substrate,Q92979
Q7L5D6,Substrate,Q7L5D6
A6NND4,Substrate,A6NND4
Q99727,Substrate,Q99727
P09493,Substrate,P09493
Q8N5D6,Substrate,Q8N5D6
Q5QP82,E3,Q5QP82
Q8NEA5,Substrate,Q8NEA5
Q6UXU4,Substrate,Q6UXU4
Q5T752,Substrate,Q5T752
Q7Z4G1,Substrate,Q7Z4G1
Q6IPT4,Substrate,Q6IPT4
P47902,Substrate,P47902
Q9H8M2,Substrate,Q9H8M2
Q96G61,Substrate,Q96G61
Q96I24,Substrate,Q96I24
Q8IYY4,Substrate,Q8IYY4
Q9H6L5,Substrate,Q9H6L5
P05091,Substrate,P05091
Q6IEV9,Substrate,Q6IEV9
P46092,Substrate,P46092
O43399,Substrate,O43399
P19419,Substrate,P19419
A6NMD0,Substrate,A6NMD0
Q9Y243,Substrate,Q9Y243
Q92805,Substrate,Q92805
Q5T0W9,Substrate,Q5T0W9
P0C0S5,Substrate,P0C0S5
Q8N960,Substrate,Q8N960
P08235,Substrate,P08235
Q5VTH2,Substrate,Q5VTH2
Q9BTX3,Substrate,Q9BTX3
Q643R3,Substrate,Q643R3
Q8NHC7,Substrate,Q8NHC7
Q86XR5,Substrate,Q86XR5
Q6ZWJ1,Substrate,Q6ZWJ1
Q9ULH7,Substrate,Q9ULH7
A0A0B4J274,Substrate,A0A0B4J274
Q99624,Substrate,Q99624
Q5VZ03,Substrate,Q5VZ03
Q86XN8,Substrate,Q86XN8
Q86X02,Substrate,Q86X02
Q96AG3,Substrate,Q96AG3
Q9UBG7,Substrate,Q9UBG7
Q9NYY8,Substrate,Q9NYY8
Q9UPQ0,Substrate,Q9UPQ0
Q99832,Substrate,Q99832
Q96JY0,Substrate,Q96JY0
Q7LDG7,Substrate,Q7LDG7
Q6AW86,Substrate,Q6AW86
Q8N7R0,Substrate,Q8N7R0
P09619,Substrate,P09619
Q9H840,Substrate,Q9H840
O75882,Substrate,O75882
Q6NXT1,Substrate,Q6NXT1
Q02153,Substrate,Q02153
Q9Y6B7,Substrate,Q9Y6B7
O14994,Substrate,O14994
Q96FL8,Substrate,Q96FL8
Q9NQP4,Substrate,Q9NQP4
Q9NPI7,Substrate,Q9NPI7
Q06945,Substrate,Q06945
Q96EF6,E3,Q96EF6
P84243,Substrate,P84243
Q9H1A3,Substrate,Q9H1A3
P62310,Substrate,P62310
P0DJJ0,Substrate,P0DJJ0
Q15021,Substrate,Q15021
P30622,Substrate,P30622
Q8NH10,Substrate,Q8NH10
P25100,Substrate,P25100
O75822,Substrate,O75822
P56856,Substrate,P56856
Q9H8M5,Substrate,Q9H8M5
Q8NAN2,Substrate,Q8NAN2
Q16772,Substrate,Q16772
Q9UQ13,Substrate,Q9UQ13
Q8NFA0,Substrate,Q8NFA0
A0A075B6K4,Substrate,A0A075B6K4
Q92599,Substrate,Q92599
Q9H0W5,Substrate,Q9H0W5
Q92481,Substrate,Q92481
O43581,Substrate,O43581
Q13029,Substrate,Q13029
Q16625,Substrate,Q16625
Q99952,Substrate,Q99952
Q8N3E9,Substrate,Q8N3E9
Q7Z4T9,Substrate,Q7Z4T9
Q96T59,Substrate,Q96T59
Q9NRM0,Substrate,Q9NRM0
Q14CZ8,Substrate,Q14CZ8
C0HLU2,Substrate,C0HLU2
Q8TCW9,Substrate,Q8TCW9
Q5W0B1,E3,Q5W0B1
Q9BYT1,Substrate,Q9BYT1
Q9NZH5,Substrate,Q9NZH5
O76061,Substrate,O76061
Q99501,Substrate,Q99501
O75636,Substrate,O75636
C9JLR9,Substrate,C9JLR9
O00154,Substrate,O00154
P61647,Substrate,P61647
Q15649,Substrate,Q15649
Q3MUY2,Substrate,Q3MUY2
Q9BT25,Substrate,Q9BT25
Q9NZ42,Substrate,Q9NZ42
Q96P26,Substrate,Q96P26
A1L4H1,Substrate,A1L4H1
Q92784,Substrate,Q92784
Q96FW1,Substrate,Q96FW1
A0AV96,Substrate,A0AV96
Q9NR33,Substrate,Q9NR33
Q69YL0,Substrate,Q69YL0
P0CJ89,Substrate,P0CJ89
Q9H3T2,Substrate,Q9H3T2
W6CW81,Substrate,W6CW81
Q9UGC7,Substrate,Q9UGC7
O95625,Substrate,O95625
P09017,Substrate,P09017
A6NML5,Substrate,A6NML5
P98182,Substrate,P98182
Q53H76,Substrate,Q53H76
Q6UWR7,Substrate,Q6UWR7
Q7Z410,Substrate,Q7Z410
Q01650,Substrate,Q01650
Q4VX76,Substrate,Q4VX76
P02818,Substrate,P02818
Q9Y5R8,Substrate,Q9Y5R8
Q969T3,Substrate,Q969T3
Q9NPF8,Substrate,Q9NPF8
B2RN74,Substrate,B2RN74
P19876,Substrate,P19876
A6NGY3,Substrate,A6NGY3
Q86X53,Substrate,Q86X53
P18146,Substrate,P18146
P20963,Substrate,P20963
O43236,Substrate,O43236
O60858,E3,O60858
O15397,Substrate,O15397
O14617,Substrate,O14617
P06681,Substrate,P06681
Q16531,E3,Q16531
Q9Y581,Substrate,Q9Y581
O00767,Substrate,O00767
Q8NGY1,Substrate,Q8NGY1
Q9UHQ4,Substrate,Q9UHQ4
P09543,Substrate,P09543
Q96C19,Substrate,Q96C19
Q13474,Substrate,Q13474
Q4W5P6,Substrate,Q4W5P6
P46109,Substrate,P46109
P68400,Substrate,P68400
P60372,Substrate,P60372
Q5T750,Substrate,Q5T750
Q9NRB3,Substrate,Q9NRB3
Q9Y5Z9,Substrate,Q9Y5Z9
Q9BXF9,Substrate,Q9BXF9
P57727,Substrate,P57727
P16435,Substrate,P16435
Q9Y5X3,Substrate,Q9Y5X3
Q13705,Substrate,Q13705
Q9Y6G9,Substrate,Q9Y6G9
P50402,Substrate,P50402
Q7Z569,E3,Q7Z569
P10092,Substrate,P10092
Q9BRC7,Substrate,Q9BRC7
Q9Y3A3,Substrate,Q9Y3A3
Q7Z6J6,Substrate,Q7Z6J6
O15145,Substrate,O15145
Q9Y2M2,Substrate,Q9Y2M2
O43511,Substrate,O43511
P10586,Substrate,P10586
Q9NQ31,Substrate,Q9NQ31
Q9H3N1,Substrate,Q9H3N1
P13497,Substrate,P13497
Q17RA5,Substrate,Q17RA5
O60291,Substrate,O60291
Q9H156,Substrate,Q9H156
P0DPD5,Substrate,P0DPD5
P15531,Substrate,P15531
Q9NQ25,Substrate,Q9NQ25
Q8IW70,Substrate,Q8IW70
P09488,Substrate,P09488
Q5BKX6,Substrate,Q5BKX6
Q9UKG1,Substrate,Q9UKG1
Q9NQ84,Substrate,Q9NQ84
O43240,Substrate,O43240
F8W1W9,Substrate,F8W1W9
P01133,Substrate,P01133
Q5VIY5,Substrate,Q5VIY5
Q5JTZ9,Substrate,Q5JTZ9
P50452,Substrate,P50452
Q9Y291,Substrate,Q9Y291
P51153,Substrate,P51153
P35520,Substrate,P35520
Q5ST30,Substrate,Q5ST30
Q9UFW8,Substrate,Q9UFW8
O00746,Substrate,O00746
O95563,Substrate,O95563
O14529,Substrate,O14529
P33261,Substrate,P33261
Q6ZVL6,Substrate,Q6ZVL6
Q96SE7,Substrate,Q96SE7
Q96EH8,Substrate,Q96EH8
Q03692,Substrate,Q03692
P07948,Substrate,P07948
O95793,Substrate,O95793
P23942,Substrate,P23942
P01303,Substrate,P01303
Q9HCC8,Substrate,Q9HCC8
Q12837,Substrate,Q12837
A4IF30,Substrate,A4IF30
Q9HB09,Substrate,Q9HB09
Q9NXF1,Substrate,Q9NXF1
P57721,Substrate,P57721
P01225,Substrate,P01225
Q8NCC3,Substrate,Q8NCC3
Q9NPR2,Substrate,Q9NPR2
S4R3P1,Substrate,S4R3P1
Q7Z3V4,Substrate,Q7Z3V4
Q7Z7K2,Substrate,Q7Z7K2
Q9Y577,E3,Q9Y577
Q14CZ0,Substrate,Q14CZ0
P55087,Substrate,P55087
Q5VY80,Substrate,Q5VY80
P15918,E3,P15918
P11168,Substrate,P11168
Q9NZP2,Substrate,Q9NZP2
Q6ZN11,Substrate,Q6ZN11
A0A075B6R0,Substrate,A0A075B6R0
Q02763,Substrate,Q02763
O14986,Substrate,O14986
Q9BXP5,Substrate,Q9BXP5
Q86UK7,Substrate,Q86UK7
Q99442,Substrate,Q99442
O60749,Substrate,O60749
Q9HAT1,Substrate,Q9HAT1
Q9BXY0,Substrate,Q9BXY0
Q8N3J6,Substrate,Q8N3J6
Q9UHF1,Substrate,Q9UHF1
P09016,Substrate,P09016
Q99988,Substrate,Q99988
Q9NVE5,Substrate,Q9NVE5
Q5BKU9,Substrate,Q5BKU9
O00116,Substrate,O00116
Q9NQC3,Substrate,Q9NQC3
O15360,Substrate,O15360
Q9UKF2,Substrate,Q9UKF2
Q86SG3,Substrate,Q86SG3
P54108,Substrate,P54108
Q96A35,Substrate,Q96A35
Q9BT78,E3,Q9BT78
P20340,Substrate,P20340
P12724,Substrate,P12724
Q8IZQ8,Substrate,Q8IZQ8
Q9UEG4,Substrate,Q9UEG4
Q96RQ3,Substrate,Q96RQ3
Q6UX01,Substrate,Q6UX01
Q8NDN9,Substrate,Q8NDN9
Q96AQ8,Substrate,Q96AQ8
Q9Y4L1,Substrate,Q9Y4L1
Q9P2N5,Substrate,Q9P2N5
Q96T76,Substrate,Q96T76
O75335,Substrate,O75335
P40126,Substrate,P40126
Q13480,Substrate,Q13480
Q92609,Substrate,Q92609
P01699,Substrate,P01699
Q3KRA9,Substrate,Q3KRA9
Q14738,Substrate,Q14738
Q8IZ73,Substrate,Q8IZ73
C9JFL3,Substrate,C9JFL3
Q9UJU6,Substrate,Q9UJU6
A0A087WSZ0,Substrate,A0A087WSZ0
P21757,Substrate,P21757
Q6ZN28,Substrate,Q6ZN28
Q8IW00,Substrate,Q8IW00
Q9H2Y9,Substrate,Q9H2Y9
O15239,Substrate,O15239
Q96QS3,Substrate,Q96QS3
O15355,Substrate,O15355
P55347,Substrate,P55347
Q86YC2,Substrate,Q86YC2
Q96P68,Substrate,Q96P68
A4GXA9,Substrate,A4GXA9
Q5T7M4,Substrate,Q5T7M4
Q15125,Substrate,Q15125
Q96PL5,Substrate,Q96PL5
Q01113,Substrate,Q01113
Q8TDN2,Substrate,Q8TDN2
Q9Y3E0,Substrate,Q9Y3E0
Q6PIL6,Substrate,Q6PIL6
Q9P287,Substrate,Q9P287
Q5TAP6,Substrate,Q5TAP6
Q6PJG2,Substrate,Q6PJG2
P07951,Substrate,P07951
Q9H9V9,Substrate,Q9H9V9
Q9H0H9,Substrate,Q9H0H9
Q9HCX3,Substrate,Q9HCX3
A0A494C0Z2,Substrate,A0A494C0Z2
A2RRL7,Substrate,A2RRL7
Q9P244,Substrate,Q9P244
Q15468,Substrate,Q15468
O75051,Substrate,O75051
P14859,Substrate,P14859
Q8IZC6,Substrate,Q8IZC6
Q9NPA0,Substrate,Q9NPA0
Q9H4R4,Substrate,Q9H4R4
Q96PE7,Substrate,Q96PE7
P0DW28,Substrate,P0DW28
P11021,Substrate,P11021
Q9H3Y0,Substrate,Q9H3Y0
Q96G75,Substrate,Q96G75
Q14296,Substrate,Q14296
O15228,Substrate,O15228
Q9HD34,Substrate,Q9HD34
P35711,Substrate,P35711
Q15465,Substrate,Q15465
Q96M20,Substrate,Q96M20
Q9NQB0,Substrate,Q9NQB0
Q15940,Substrate,Q15940
P12757,Substrate,P12757
Q96SL8,Substrate,Q96SL8
Q8WXC6,E3,Q8WXC6
P01584,Substrate,P01584
Q5TG30,Substrate,Q5TG30
Q9NQ66,Substrate,Q9NQ66
Q5SW24,Substrate,Q5SW24
Q6L8G5,Substrate,Q6L8G5
Q99986,Substrate,Q99986
Q8NES8,Substrate,Q8NES8
Q9BZX4,Substrate,Q9BZX4
Q96LR7,Substrate,Q96LR7
Q9ULH0,Substrate,Q9ULH0
Q9NYF3,Substrate,Q9NYF3
Q6AZZ1,E3,Q6AZZ1
Q99638,Substrate,Q99638
Q7L4E1,Substrate,Q7L4E1
A0A0U1RQS6,Substrate,A0A0U1RQS6
Q8TEY5,Substrate,Q8TEY5
P80404,Substrate,P80404
Q9H091,Substrate,Q9H091
Q6ZN68,Substrate,Q6ZN68
Q96MV8,Substrate,Q96MV8
Q92583,Substrate,Q92583
P60985,Substrate,P60985
Q86XF0,Substrate,Q86XF0
Q93084,Substrate,Q93084
C9JDP6,Substrate,C9JDP6
Q8NGW6,Substrate,Q8NGW6
A0A8I5KQE6,Substrate,A0A8I5KQE6
P35318,Substrate,P35318
P17844,Substrate,P17844
Q7RTY3,Substrate,Q7RTY3
Q9BZJ7,Substrate,Q9BZJ7
Q5BKY6,Substrate,Q5BKY6
Q495Y7,Substrate,Q495Y7
P08047,Substrate,P08047
P13866,Substrate,P13866
Q8TBK2,Substrate,Q8TBK2
Q13018,Substrate,Q13018
Q3KNW1,Substrate,Q3KNW1
Q13278,Substrate,Q13278
Q6NUP7,Substrate,Q6NUP7
O75845,Substrate,O75845
Q9Y5Z7,Substrate,Q9Y5Z7
Q15916,Substrate,Q15916
Q96A29,Substrate,Q96A29
Q9UBI4,Substrate,Q9UBI4
Q96SF7,Substrate,Q96SF7
Q8TDS4,Substrate,Q8TDS4
Q9NSA2,Substrate,Q9NSA2
Q9HCU0,Substrate,Q9HCU0
Q8N9X5,Substrate,Q8N9X5
Q99437,Substrate,Q99437
P49407,Substrate,P49407
Q16695,Substrate,Q16695
O75127,Substrate,O75127
Q6ZR03,Substrate,Q6ZR03
Q18PE1,Substrate,Q18PE1
A5PLL1,Substrate,A5PLL1
Q6L8H1,Substrate,Q6L8H1
H3BTG2,Substrate,H3BTG2
Q9UIQ6,Substrate,Q9UIQ6
P52945,Substrate,P52945
Q8NG78,Substrate,Q8NG78
Q8TAF3,Substrate,Q8TAF3
Q9BWW8,Substrate,Q9BWW8
Q9NQZ8,Substrate,Q9NQZ8
Q9UBD0,Substrate,Q9UBD0
P07919,Substrate,P07919
Q27J81,Substrate,Q27J81
P47881,Substrate,P47881
Q86TJ5,Substrate,Q86TJ5
O95755,Substrate,O95755
P60033,Substrate,P60033
Q9NRR4,Substrate,Q9NRR4
Q8NHQ1,Substrate,Q8NHQ1
P84101,Substrate,P84101
Q6P575,Substrate,Q6P575
Q86U10,Substrate,Q86U10
P62753,Substrate,P62753
Q9HBL0,Substrate,Q9HBL0
Q92615,Substrate,Q92615
Q9NQL9,Substrate,Q9NQL9
P25490,Substrate,P25490
Q9NRX2,Substrate,Q9NRX2
Q9NYL5,Substrate,Q9NYL5
Q9HCS7,Substrate,Q9HCS7
O43529,Substrate,O43529
Q9UNX4,Substrate,Q9UNX4
Q9NYV4,Substrate,Q9NYV4
P21917,Substrate,P21917
O43447,Substrate,O43447
Q9HBA0,Substrate,Q9HBA0
A0A075B6I9,Substrate,A0A075B6I9
P49760,Substrate,P49760
O00178,Substrate,O00178
Q96GX2,Substrate,Q96GX2
A0A1B0GVZ9,Substrate,A0A1B0GVZ9
Q9NWZ8,Substrate,Q9NWZ8
O43187,Substrate,O43187
P0DMP2,Substrate,P0DMP2
Q8N1G0,Substrate,Q8N1G0
O95456,Substrate,O95456
Q96JB2,Substrate,Q96JB2
Q12816,Substrate,Q12816
Q8N2F6,Substrate,Q8N2F6
F7VJQ1,Substrate,F7VJQ1
P26927,Substrate,P26927
O75293,Substrate,O75293
Q6ZVK8,Substrate,Q6ZVK8
Q8IVB5,Substrate,Q8IVB5
Q969Q6,Substrate,Q969Q6
O95487,Substrate,O95487
P78312,Substrate,P78312
O95947,Substrate,O95947
O75386,Substrate,O75386
O43592,Substrate,O43592
P07942,Substrate,P07942
Q8NGG5,Substrate,Q8NGG5
Q9P0K1,Substrate,Q9P0K1
P50750,Substrate,P50750
Q8NFH8,Substrate,Q8NFH8
Q8WWI5,Substrate,Q8WWI5
P08236,Substrate,P08236
Q6ZRF7,Substrate,Q6ZRF7
P09923,Substrate,P09923
Q15776,Substrate,Q15776
Q9H9V4,E3,Q9H9V4
Q86TC9,Substrate,Q86TC9
Q96PL1,Substrate,Q96PL1
P35575,Substrate,P35575
Q8NGS7,Substrate,Q8NGS7
Q9NZK7,Substrate,Q9NZK7
Q9Y5L5,Substrate,Q9Y5L5
P49798,Substrate,P49798
Q9H227,Substrate,Q9H227
Q9NQ94,Substrate,Q9NQ94
Q96FN9,Substrate,Q96FN9
Q6P5R6,Substrate,Q6P5R6
O95450,Substrate,O95450
P15863,Substrate,P15863
Q8N3V7,Substrate,Q8N3V7
P35548,Substrate,P35548
P08174,Substrate,P08174
Q6DWJ6,Substrate,Q6DWJ6
P51149,Substrate,P51149
Q16288,Substrate,Q16288
O95985,Substrate,O95985
Q16526,Substrate,Q16526
Q9NZD4,Substrate,Q9NZD4
P08861,Substrate,P08861
Q8N4J0,Substrate,Q8N4J0
P19971,Substrate,P19971
Q9NRL3,Substrate,Q9NRL3
Q92618,Substrate,Q92618
O43566,Substrate,O43566
O60508,Substrate,O60508
Q9UIU6,Substrate,Q9UIU6
A6NMT0,Substrate,A6NMT0
O60658,Substrate,O60658
Q14031,Substrate,Q14031
O60502,Substrate,O60502
P60153,Substrate,P60153
Q8WWA1,Substrate,Q8WWA1
P0DUD2,Substrate,P0DUD2
O95486,Substrate,O95486
P48553,Substrate,P48553
Q96A49,Substrate,Q96A49
Q86SR1,Substrate,Q86SR1
Q96GD3,Substrate,Q96GD3
P09110,Substrate,P09110
P31391,Substrate,P31391
Q8IUH5,Substrate,Q8IUH5
Q8N4V1,Substrate,Q8N4V1
O00238,Substrate,O00238
Q16619,Substrate,Q16619
Q969T9,Substrate,Q969T9
Q6IMI6,Substrate,Q6IMI6
Q9NWT6,Substrate,Q9NWT6
Q9Y496,Substrate,Q9Y496
Q8N3Z3,Substrate,Q8N3Z3
Q9Y3P9,Substrate,Q9Y3P9
Q96E35,Substrate,Q96E35
O95837,Substrate,O95837
Q96MF7,Substrate,Q96MF7
P04899,Substrate,P04899
Q13651,Substrate,Q13651
Q9C0D6,Substrate,Q9C0D6
Q8N616,Substrate,Q8N616
Q02086,Substrate,Q02086
O60271,Substrate,O60271
Q9NX63,Substrate,Q9NX63
Q9BZ71,Substrate,Q9BZ71
Q5M775,Substrate,Q5M775
Q8N878,Substrate,Q8N878
A0AVF1,Substrate,A0AVF1
Q96B77,Substrate,Q96B77
Q9H6D7,Substrate,Q9H6D7
P12532,Substrate,P12532
O00515,Substrate,O00515
O15399,Substrate,O15399
A8MWA4,Substrate,A8MWA4
Q9NPF4,Substrate,Q9NPF4
A0A1B0GTI8,Substrate,A0A1B0GTI8
Q7RTS9,Substrate,Q7RTS9
Q8NFI3,Substrate,Q8NFI3
Q86TY3,Substrate,Q86TY3
Q8TAA3,Substrate,Q8TAA3
Q68DK7,Substrate,Q68DK7
Q5BKX8,Substrate,Q5BKX8
P36383,Substrate,P36383
Q9HA47,Substrate,Q9HA47
P35504,Substrate,P35504
Q9Y2I8,Substrate,Q9Y2I8
Q96QU6,Substrate,Q96QU6
Q7Z5A4,Substrate,Q7Z5A4
Q9BQP9,Substrate,Q9BQP9
P21217,Substrate,P21217
Q96MF6,Substrate,Q96MF6
Q05086,E3,Q05086
Q8NGH3,Substrate,Q8NGH3
Q9NYZ2,Substrate,Q9NYZ2
Q99962,Substrate,Q99962
Q96A04,Substrate,Q96A04
P62699,Substrate,P62699
Q8N4B5,Substrate,Q8N4B5
Q3B726,Substrate,Q3B726
Q12905,Substrate,Q12905
Q4ZHG4,Substrate,Q4ZHG4
A0A3B3IS91,Substrate,A0A3B3IS91
P61254,Substrate,P61254
Q6P050,E3,Q6P050
Q5VSD8,Substrate,Q5VSD8
Q5T8I3,Substrate,Q5T8I3
Q9NNW5,Substrate,Q9NNW5
P0CJ70,Substrate,P0CJ70
Q8N2E2,Substrate,Q8N2E2
O43264,Substrate,O43264
Q7Z3B3,Substrate,Q7Z3B3
Q5VZR4,Substrate,Q5VZR4
A0A0K0K1B3,Substrate,A0A0K0K1B3
Q15651,Substrate,Q15651
P30939,Substrate,P30939
O43615,Substrate,O43615
Q01524,Substrate,Q01524
P01706,Substrate,P01706
O43488,Substrate,O43488
Q8NB50,Substrate,Q8NB50
Q53TS8,Substrate,Q53TS8
A6NHP3,Substrate,A6NHP3
P34949,Substrate,P34949
Q5TAH2,Substrate,Q5TAH2
P63244,E3,P63244
Q9BPZ7,Substrate,Q9BPZ7
Q9UBS8,E3,Q9UBS8
Q9Y586,Substrate,Q9Y586
Q9Y333,Substrate,Q9Y333
Q6ZRP7,Substrate,Q6ZRP7
P08254,Substrate,P08254
Q14112,Substrate,Q14112
P25025,Substrate,P25025
Q9Y2K6,Substrate,Q9Y2K6
Q13608,Substrate,Q13608
Q8IXN7,Substrate,Q8IXN7
P61962,Substrate,P61962
Q6UWK7,Substrate,Q6UWK7
Q9BZM6,Substrate,Q9BZM6
C4AMC7,Substrate,C4AMC7
Q9GZN4,Substrate,Q9GZN4
Q8N3G9,Substrate,Q8N3G9
Q96L14,Substrate,Q96L14
O95258,Substrate,O95258
P02511,Substrate,P02511
O95672,Substrate,O95672
Q9UQC9,Substrate,Q9UQC9
Q9NRF8,Substrate,Q9NRF8
O96013,Substrate,O96013
A0A087X0K7,Substrate,A0A087X0K7
Q8NBN3,Substrate,Q8NBN3
Q06520,Substrate,Q06520
O60841,Substrate,O60841
Q6NSI4,Substrate,Q6NSI4
Q8NG92,Substrate,Q8NG92
P16083,Substrate,P16083
P54829,Substrate,P54829
P10646,Substrate,P10646
Q8NEX5,Substrate,Q8NEX5
O43541,Substrate,O43541
Q9HAZ2,Substrate,Q9HAZ2
Q8TD55,Substrate,Q8TD55
Q86YV6,Substrate,Q86YV6
P05093,Substrate,P05093
Q8N568,Substrate,Q8N568
Q08AM6,Substrate,Q08AM6
Q8NB14,Substrate,Q8NB14
Q9Y2T4,Substrate,Q9Y2T4
Q9Y6Y0,Substrate,Q9Y6Y0
P48357,Substrate,P48357
O60906,Substrate,O60906
Q8IX21,Substrate,Q8IX21
P02686,Substrate,P02686
Q96FV0,Substrate,Q96FV0
O43795,Substrate,O43795
Q9H6Q3,Substrate,Q9H6Q3
Q3BBV0,Substrate,Q3BBV0
Q9BWM5,Substrate,Q9BWM5
Q8TD30,Substrate,Q8TD30
O14626,Substrate,O14626
Q8TEH3,Substrate,Q8TEH3
Q68J44,Substrate,Q68J44
O75528,Substrate,O75528
Q9H490,Substrate,Q9H490
Q92945,Substrate,Q92945
P49916,Substrate,P49916
Q9BXC0,Substrate,Q9BXC0
P78415,Substrate,P78415
Q53H82,Substrate,Q53H82
O60431,Substrate,O60431
P12525,Substrate,P12525
Q12908,Substrate,Q12908
P20962,Substrate,P20962
Q969N4,Substrate,Q969N4
Q86XQ3,Substrate,Q86XQ3
P62937,Substrate,P62937
Q96RN1,Substrate,Q96RN1
Q6PK04,Substrate,Q6PK04
P47893,Substrate,P47893
Q9NYA4,Substrate,Q9NYA4
Q8WYA6,Substrate,Q8WYA6
P20592,Substrate,P20592
O15270,Substrate,O15270
Q99819,Substrate,Q99819
Q9Y4F5,Substrate,Q9Y4F5
Q9H560,Substrate,Q9H560
Q9BYL1,Substrate,Q9BYL1
Q7Z2Z1,Substrate,Q7Z2Z1
Q8IZ07,Substrate,Q8IZ07
Q7Z3E1,Substrate,Q7Z3E1
Q8TCU3,Substrate,Q8TCU3
A0A0C4DH62,Substrate,A0A0C4DH62
Q5VTA0,Substrate,Q5VTA0
Q8IYM1,Substrate,Q8IYM1
P51817,Substrate,P51817
Q9UBN7,E3,Q9UBN7
O95047,Substrate,O95047
Q495C1,Substrate,Q495C1
P19447,Substrate,P19447
Q8WTS1,Substrate,Q8WTS1
Q9H3G5,Substrate,Q9H3G5
P0DMR3,Substrate,P0DMR3
P50454,Substrate,P50454
A0A1B0GTI1,Substrate,A0A1B0GTI1
P09758,Substrate,P09758
Q8N556,Substrate,Q8N556
H3BV12,Substrate,H3BV12
Q9Y3P4,Substrate,Q9Y3P4
P12830,E3,P12830
Q96KD3,Substrate,Q96KD3
O60763,Substrate,O60763
Q9BYQ6,Substrate,Q9BYQ6
P28331,Substrate,P28331
Q8N336,Substrate,Q8N336
Q86VQ0,Substrate,Q86VQ0
Q9NX18,Substrate,Q9NX18
Q6ZPA2,Substrate,Q6ZPA2
Q9NSD7,Substrate,Q9NSD7
Q5TEZ4,Substrate,Q5TEZ4
Q93075,Substrate,Q93075
P15248,Substrate,P15248
P35462,Substrate,P35462
P27144,Substrate,P27144
P78424,Substrate,P78424
Q6NVU6,Substrate,Q6NVU6
Q9Y2G5,Substrate,Q9Y2G5
Q6UWF3,Substrate,Q6UWF3
Q8N0Y7,Substrate,Q8N0Y7
P0DMT0,Substrate,P0DMT0
A0A1B0GX31,Substrate,A0A1B0GX31
P53999,Substrate,P53999
P46721,Substrate,P46721
Q5H9S7,E3,Q5H9S7
O94933,Substrate,O94933
Q86US8,Substrate,Q86US8
Q14680,Substrate,Q14680
P29475,Substrate,P29475
Q16613,Substrate,Q16613
Q96RI8,Substrate,Q96RI8
P22102,Substrate,P22102
I3L3R5,Substrate,I3L3R5
O14936,Substrate,O14936
O60884,Substrate,O60884
A6NCI8,Substrate,A6NCI8
Q12962,Substrate,Q12962
Q96P09,E3,Q96P09
Q9BYT5,Substrate,Q9BYT5
Q5SXM1,Substrate,Q5SXM1
Q86UX7,Substrate,Q86UX7
Q6XCG6,Substrate,Q6XCG6
P11413,Substrate,P11413
O60732,Substrate,O60732
Q8WW43,Substrate,Q8WW43
Q96PC3,Substrate,Q96PC3
Q12965,Substrate,Q12965
O95342,Substrate,O95342
Q6BAA4,Substrate,Q6BAA4
Q9Y6X6,Substrate,Q9Y6X6
P49286,Substrate,P49286
Q8NBD8,Substrate,Q8NBD8
P06400,Substrate,P06400
Q96LD8,Substrate,Q96LD8
Q13444,Substrate,Q13444
Q5T0J3,Substrate,Q5T0J3
Q5VV43,Substrate,Q5VV43
Q5W0U4,Substrate,Q5W0U4
Q5FYB0,Substrate,Q5FYB0
Q9UM19,Substrate,Q9UM19
Q9Y375,Substrate,Q9Y375
P05937,Substrate,P05937
Q9UKB5,Substrate,Q9UKB5
Q01780,Substrate,Q01780
Q15326,Substrate,Q15326
Q8NGC3,Substrate,Q8NGC3
Q3LI70,Substrate,Q3LI70
Q9NZP0,Substrate,Q9NZP0
P08700,Substrate,P08700
Q9NQX1,Substrate,Q9NQX1
P08571,Substrate,P08571
Q9UKA8,Substrate,Q9UKA8
Q16540,Substrate,Q16540
P59666,Substrate,P59666
P06703,Substrate,P06703
P55060,Substrate,P55060
Q9Y6K1,Substrate,Q9Y6K1
P10909,Substrate,P10909
P35659,Substrate,P35659
Q9NS67,Substrate,Q9NS67
O60216,Substrate,O60216
P54252,Substrate,P54252
P12277,Substrate,P12277
P43361,Substrate,P43361
Q7Z3V5,Substrate,Q7Z3V5
P06734,Substrate,P06734
Q3MIR4,Substrate,Q3MIR4
Q9H0K6,Substrate,Q9H0K6
Q8NBC4,Substrate,Q8NBC4
Q9H6L2,Substrate,Q9H6L2
Q3YBR2,Substrate,Q3YBR2
Q8N6M8,Substrate,Q8N6M8
Q9UH65,Substrate,Q9UH65
P51795,Substrate,P51795
A0A0C4DH28,Substrate,A0A0C4DH28
O95170,Substrate,O95170
P22528,Substrate,P22528
Q9Y3D8,Substrate,Q9Y3D8
Q9UBE0,Substrate,Q9UBE0
D6RGH6,Substrate,D6RGH6
Q8WUB2,Substrate,Q8WUB2
O14672,Substrate,O14672
Q96MU6,Substrate,Q96MU6
Q04756,Substrate,Q04756
Q5EBM0,Substrate,Q5EBM0
Q15059,Substrate,Q15059
Q14990,Substrate,Q14990
A7E2S9,Substrate,A7E2S9
Q9BYR2,Substrate,Q9BYR2
Q96C74,Substrate,Q96C74
P53805,Substrate,P53805
Q99447,Substrate,Q99447
P21695,Substrate,P21695
Q9UKT6,E3,Q9UKT6
P0C860,Substrate,P0C860
Q8NFF2,Substrate,Q8NFF2
Q6P1L5,Substrate,Q6P1L5
P0DPD6,Substrate,P0DPD6
Q14376,Substrate,Q14376
Q9Y265,Substrate,Q9Y265
Q9Y6C5,Substrate,Q9Y6C5
P21953,Substrate,P21953
Q96QZ7,Substrate,Q96QZ7
P85037,Substrate,P85037
O43427,Substrate,O43427
P80297,Substrate,P80297
A6NNF4,Substrate,A6NNF4
Q92888,Substrate,Q92888
Q9Y263,Substrate,Q9Y263
O43474,Substrate,O43474
Q9NS75,Substrate,Q9NS75
Q8NCF5,Substrate,Q8NCF5
Q6IQ23,Substrate,Q6IQ23
Q9NZL6,Substrate,Q9NZL6
Q53QW1,Substrate,Q53QW1
Q96B97,Substrate,Q96B97
Q9BR76,Substrate,Q9BR76
Q8TF64,Substrate,Q8TF64
Q5GJ75,Substrate,Q5GJ75
Q6DN12,Substrate,Q6DN12
P08631,Substrate,P08631
Q8TAX0,Substrate,Q8TAX0
Q8N2H4,Substrate,Q8N2H4
Q14149,Substrate,Q14149
O14581,Substrate,O14581
A0A1B0GTR4,Substrate,A0A1B0GTR4
Q9P1Y5,Substrate,Q9P1Y5
Q7Z443,Substrate,Q7Z443
Q96BU1,Substrate,Q96BU1
P09661,Substrate,P09661
Q86UZ6,Substrate,Q86UZ6
Q8IUH3,Substrate,Q8IUH3
P49674,Substrate,P49674
P61570,Substrate,P61570
Q4KMQ1,Substrate,Q4KMQ1
O75934,Substrate,O75934
Q15642,Substrate,Q15642
P38936,Substrate,P38936
A6NK53,Substrate,A6NK53
Q86VD9,Substrate,Q86VD9
P04053,Substrate,P04053
P78545,Substrate,P78545
A0A0B4J244,Substrate,A0A0B4J244
P37088,Substrate,P37088
Q8WUM0,Substrate,Q8WUM0
Q8TD46,Substrate,Q8TD46
Q16659,Substrate,Q16659
P43268,Substrate,P43268
Q9BTK6,Substrate,Q9BTK6
P00742,Substrate,P00742
Q99728,E3,Q99728
Q5JUK2,Substrate,Q5JUK2
Q8NGQ6,Substrate,Q8NGQ6
Q9H0Q0,Substrate,Q9H0Q0
Q6UN15,Substrate,Q6UN15
Q8NH41,Substrate,Q8NH41
P28358,Substrate,P28358
Q8IZL2,Substrate,Q8IZL2
O75928,E3,O75928
Q13562,Substrate,Q13562
P87889,Substrate,P87889
P04733,Substrate,P04733
P43356,Substrate,P43356
Q9H8K7,Substrate,Q9H8K7
P52746,Substrate,P52746
Q9UGF6,Substrate,Q9UGF6
Q92879,Substrate,Q92879
O95870,Substrate,O95870
Q93038,Substrate,Q93038
A8MUK1,Substrate,A8MUK1
P0DUD1,Substrate,P0DUD1
Q6TCH7,Substrate,Q6TCH7
Q9P2G9,E3,Q9P2G9
Q7Z5Q5,Substrate,Q7Z5Q5
Q8WXX5,Substrate,Q8WXX5
P18085,Substrate,P18085
Q8NCR0,Substrate,Q8NCR0
P40197,Substrate,P40197
Q9Y281,Substrate,Q9Y281
P04233,Substrate,P04233
Q04837,Substrate,Q04837
P16871,Substrate,P16871
A0A1B0GU71,Substrate,A0A1B0GU71
Q9NUQ8,Substrate,Q9NUQ8
P31994,Substrate,P31994
Q8TE12,Substrate,Q8TE12
Q99757,Substrate,Q99757
Q9H300,Substrate,Q9H300
Q96LC9,Substrate,Q96LC9
Q2NKX8,Substrate,Q2NKX8
Q5HYA8,Substrate,Q5HYA8
P26678,Substrate,P26678
Q14684,Substrate,Q14684
P46060,Substrate,P46060
P05814,Substrate,P05814
Q86SG4,Substrate,Q86SG4
Q96ER9,Substrate,Q96ER9
Q86X76,Substrate,Q86X76
Q96AA3,Substrate,Q96AA3
Q96MW7,Substrate,Q96MW7
Q9NRJ1,Substrate,Q9NRJ1
Q9Y376,Substrate,Q9Y376
Q7Z2Z2,Substrate,Q7Z2Z2
A6NGG8,Substrate,A6NGG8
Q9UHP6,Substrate,Q9UHP6
O95259,Substrate,O95259
P31270,Substrate,P31270
B3SHH9,Substrate,B3SHH9
P30626,Substrate,P30626
Q86Y38,Substrate,Q86Y38
Q9H6R0,Substrate,Q9H6R0
O15527,Substrate,O15527
P17509,Substrate,P17509
Q9UKN5,Substrate,Q9UKN5
Q8TEV8,Substrate,Q8TEV8
Q9BUT9,Substrate,Q9BUT9
Q07326,Substrate,Q07326
Q8TAX7,Substrate,Q8TAX7
Q9BZB8,Substrate,Q9BZB8
P27540,Substrate,P27540
O43166,Substrate,O43166
Q8IVW8,Substrate,Q8IVW8
Q9HD89,Substrate,Q9HD89
Q96F07,Substrate,Q96F07
P0DX52,Substrate,P0DX52
Q8TDM6,Substrate,Q8TDM6
Q8N7Q3,Substrate,Q8N7Q3
P50222,Substrate,P50222
Q9UIJ5,Substrate,Q9UIJ5
Q05925,Substrate,Q05925
Q8IV01,Substrate,Q8IV01
P32754,Substrate,P32754
Q8N350,Substrate,Q8N350
P69892,Substrate,P69892
O15164,E3,O15164
Q8N103,Substrate,Q8N103
Q99714,Substrate,Q99714
Q29983,Substrate,Q29983
Q86V15,Substrate,Q86V15
O60825,Substrate,O60825
P08217,Substrate,P08217
Q96G46,Substrate,Q96G46
Q9BY44,Substrate,Q9BY44
P14778,Substrate,P14778
Q86XK3,Substrate,Q86XK3
Q6ZMR3,Substrate,Q6ZMR3
Q96M78,Substrate,Q96M78
P15144,Substrate,P15144
P24864,Substrate,P24864
Q9ULU8,Substrate,Q9ULU8
P16671,Substrate,P16671
A5PKW4,Substrate,A5PKW4
O94804,Substrate,O94804
P42336,Substrate,P42336
Q9NUM4,Substrate,Q9NUM4
Q8NF37,Substrate,Q8NF37
Q9HCN3,Substrate,Q9HCN3
P60022,Substrate,P60022
Q6ZRR5,Substrate,Q6ZRR5
Q8IZF4,Substrate,Q8IZF4
Q8NGZ2,Substrate,Q8NGZ2
Q14129,Substrate,Q14129
O60725,Substrate,O60725
Q9BWD3,Substrate,Q9BWD3
Q495D7,Substrate,Q495D7
Q5VTB9,E3,Q5VTB9
Q6Q795,Substrate,Q6Q795
Q93062,Substrate,Q93062
Q14721,Substrate,Q14721
Q8N8C0,Substrate,Q8N8C0
Q53RE8,Substrate,Q53RE8
P56282,Substrate,P56282
Q99417,Substrate,Q99417
Q8N108,Substrate,Q8N108
Q9H665,Substrate,Q9H665
Q9UHF5,Substrate,Q9UHF5
P02708,Substrate,P02708
Q9H8E8,Substrate,Q9H8E8
P06870,Substrate,P06870
Q8N5C8,Substrate,Q8N5C8
Q99570,Substrate,Q99570
O75794,Substrate,O75794
Q9BVC3,Substrate,Q9BVC3
Q7Z5B4,Substrate,Q7Z5B4
Q9P2G4,Substrate,Q9P2G4
O60721,Substrate,O60721
Q5T3J3,Substrate,Q5T3J3
Q9UK55,Substrate,Q9UK55
Q6IQ19,Substrate,Q6IQ19
Q9H0M0,E3,Q9H0M0
P00439,Substrate,P00439
Q8WTQ4,Substrate,Q8WTQ4
Q9NQQ7,Substrate,Q9NQQ7
Q6V0L0,Substrate,Q6V0L0
P35475,Substrate,P35475
Q04671,Substrate,Q04671
P28161,Substrate,P28161
Q6UE05,Substrate,Q6UE05
P35226,E3,P35226
P69208,Substrate,P69208
P43359,Substrate,P43359
Q16877,Substrate,Q16877
Q9NYP9,Substrate,Q9NYP9
Q9HAW0,Substrate,Q9HAW0
Q7Z6B7,Substrate,Q7Z6B7
Q8IZP1,Substrate,Q8IZP1
P05067,Substrate,P05067
P50897,Substrate,P50897
P05813,Substrate,P05813
Q16637,Substrate,Q16637
O14804,Substrate,O14804
P0CG39,Substrate,P0CG39
Q9H6S3,Substrate,Q9H6S3
Q5JTW2,Substrate,Q5JTW2
O00237,E3,O00237
Q8NBZ0,Substrate,Q8NBZ0
P0C7N5,Substrate,P0C7N5
Q14587,Substrate,Q14587
P54886,Substrate,P54886
P0DW12,Substrate,P0DW12
A6NGG3,Substrate,A6NGG3
Q00839,Substrate,Q00839
Q8NDV3,Substrate,Q8NDV3
Q13303,Substrate,Q13303
Q7Z7B1,Substrate,Q7Z7B1
Q9NVH0,Substrate,Q9NVH0
Q9UPQ3,Substrate,Q9UPQ3
Q6ZTI6,Substrate,Q6ZTI6
P16885,Substrate,P16885
Q14588,Substrate,Q14588
A6NCN8,Substrate,A6NCN8
Q9NY93,Substrate,Q9NY93
Q15366,Substrate,Q15366
Q96DZ7,Substrate,Q96DZ7
Q6UXG8,Substrate,Q6UXG8
P0CB38,Substrate,P0CB38
Q07065,Substrate,Q07065
P54105,Substrate,P54105
P09496,Substrate,P09496
Q96EU6,Substrate,Q96EU6
P08574,Substrate,P08574
Q12884,Substrate,Q12884
P25105,Substrate,P25105
Q15057,Substrate,Q15057
Q9C030,E3,Q9C030
Q8NGA2,Substrate,Q8NGA2
P19022,Substrate,P19022
Q99999,Substrate,Q99999
Q15560,Substrate,Q15560
Q9BX46,Substrate,Q9BX46
P36639,Substrate,P36639
O00472,Substrate,O00472
P02679,Substrate,P02679
P01286,Substrate,P01286
Q8IWA0,Substrate,Q8IWA0
O75474,Substrate,O75474
Q9NVM4,Substrate,Q9NVM4
Q15436,Substrate,Q15436
Q8NGA4,Substrate,Q8NGA4
Q02221,Substrate,Q02221
O43148,Substrate,O43148
Q9BYG3,Substrate,Q9BYG3
Q8WV92,Substrate,Q8WV92
P27824,Substrate,P27824
Q9H788,Substrate,Q9H788
O00305,Substrate,O00305
Q96KS9,Substrate,Q96KS9
Q9BS31,Substrate,Q9BS31
Q9Y519,Substrate,Q9Y519
Q14114,Substrate,Q14114
Q96D31,Substrate,Q96D31
Q8WXF3,Substrate,Q8WXF3
A6NN14,Substrate,A6NN14
Q6ZMT4,Substrate,Q6ZMT4
Q2NL98,Substrate,Q2NL98
Q86T13,Substrate,Q86T13
Q14331,Substrate,Q14331
P56159,Substrate,P56159
Q9HB58,Substrate,Q9HB58
Q8NEZ3,Substrate,Q8NEZ3
Q8N456,Substrate,Q8N456
P67775,Substrate,P67775
Q76N32,Substrate,Q76N32
Q9BYH1,Substrate,Q9BYH1
Q9HCJ2,Substrate,Q9HCJ2
Q8N9N2,Substrate,Q8N9N2
Q9ULR0,Substrate,Q9ULR0
Q9UM00,Substrate,Q9UM00
P68036,Substrate,P68036
Q9UHB4,Substrate,Q9UHB4
Q6ZN17,Substrate,Q6ZN17
Q96CW1,Substrate,Q96CW1
P29074,Substrate,P29074
Q9UHL4,Substrate,Q9UHL4
O75478,Substrate,O75478
Q96D59,E3,Q96D59
Q92738,Substrate,Q92738
Q04759,Substrate,Q04759
Q92963,Substrate,Q92963
Q16832,Substrate,Q16832
Q6NSX1,Substrate,Q6NSX1
P57678,Substrate,P57678
Q9Y3B6,Substrate,Q9Y3B6
Q9UBM7,Substrate,Q9UBM7
O75752,Substrate,O75752
Q9NP64,Substrate,Q9NP64
Q9Y5Z0,Substrate,Q9Y5Z0
P48061,Substrate,P48061
Q6NT76,Substrate,Q6NT76
Q96BT1,Substrate,Q96BT1
Q9BTD8,Substrate,Q9BTD8
Q8IZF2,Substrate,Q8IZF2
Q6IMN6,Substrate,Q6IMN6
Q5JUK3,Substrate,Q5JUK3
Q6P2M8,Substrate,Q6P2M8
P30837,Substrate,P30837
Q8NDD1,Substrate,Q8NDD1
Q9UJU5,Substrate,Q9UJU5
Q8IZ57,Substrate,Q8IZ57
Q96AV8,Substrate,Q96AV8
Q13007,Substrate,Q13007
Q15648,Substrate,Q15648
Q96M27,Substrate,Q96M27
Q8N9K5,Substrate,Q8N9K5
Q3LHN2,Substrate,Q3LHN2
O00124,Substrate,O00124
P18615,Substrate,P18615
Q567V2,Substrate,Q567V2
Q9HBE5,Substrate,Q9HBE5
Q86SQ4,Substrate,Q86SQ4
Q9HAE3,Substrate,Q9HAE3
Q9UJY5,Substrate,Q9UJY5
Q502W7,Substrate,Q502W7
Q4G0N7,Substrate,Q4G0N7
Q86UY5,Substrate,Q86UY5
Q86TM3,Substrate,Q86TM3
P13804,Substrate,P13804
P48645,Substrate,P48645
Q6P582,Substrate,Q6P582
P06730,Substrate,P06730
Q96PG8,Substrate,Q96PG8
O60264,Substrate,O60264
O00294,Substrate,O00294
Q12788,Substrate,Q12788
Q9NX40,Substrate,Q9NX40
Q1W6H9,Substrate,Q1W6H9
Q9UI72,Substrate,Q9UI72
Q8NDF8,Substrate,Q8NDF8
Q96NW4,Substrate,Q96NW4
Q9NRG1,Substrate,Q9NRG1
Q6P5S2,Substrate,Q6P5S2
O94811,Substrate,O94811
O97980,Substrate,O97980
Q8N9B5,Substrate,Q8N9B5
O95998,Substrate,O95998
Q9NSY1,Substrate,Q9NSY1
Q13072,Substrate,Q13072
Q9HCE7,E3,Q9HCE7
Q9P215,Substrate,Q9P215
Q8IWJ2,Substrate,Q8IWJ2
Q9NYB0,Substrate,Q9NYB0
Q86X19,Substrate,Q86X19
Q8N8E1,Substrate,Q8N8E1
Q9P275,Substrate,Q9P275
A0A1B0GVG4,Substrate,A0A1B0GVG4
Q58FF8,Substrate,Q58FF8
A6NFE2,Substrate,A6NFE2
Q9NPB6,Substrate,Q9NPB6
Q9NXV6,Substrate,Q9NXV6
E7ETH6,Substrate,E7ETH6
P13727,Substrate,P13727
O60337,E3,O60337
P50213,Substrate,P50213
Q99811,Substrate,Q99811
P28335,Substrate,P28335
Q96HH6,Substrate,Q96HH6
Q9BSA4,Substrate,Q9BSA4
Q8IZV2,Substrate,Q8IZV2
A6NHZ5,Substrate,A6NHZ5
Q9Y2S7,Substrate,Q9Y2S7
Q8IYL3,Substrate,Q8IYL3
Q6SA08,Substrate,Q6SA08
P0C1Z6,Substrate,P0C1Z6
Q8NHW5,Substrate,Q8NHW5
Q96HG1,Substrate,Q96HG1
Q13469,Substrate,Q13469
O15522,Substrate,O15522
Q13772,Substrate,Q13772
O95944,Substrate,O95944
Q99453,Substrate,Q99453
Q9NPC8,Substrate,Q9NPC8
Q96J77,Substrate,Q96J77
Q8WVF2,Substrate,Q8WVF2
Q9BYZ6,Substrate,Q9BYZ6
Q86X52,Substrate,Q86X52
P55008,Substrate,P55008
P0CJ69,Substrate,P0CJ69
A6NJT0,Substrate,A6NJT0
Q96PS8,Substrate,Q96PS8
Q96B01,Substrate,Q96B01
Q8NEN9,Substrate,Q8NEN9
Q8WVZ1,Substrate,Q8WVZ1
Q6NVY1,Substrate,Q6NVY1
Q99611,Substrate,Q99611
O14793,Substrate,O14793
Q99954,Substrate,Q99954
Q9BQR3,Substrate,Q9BQR3
Q9Y6H1,Substrate,Q9Y6H1
Q15726,Substrate,Q15726
Q86SP6,Substrate,Q86SP6
Q9BZW8,Substrate,Q9BZW8
O75343,Substrate,O75343
O00254,Substrate,O00254
Q6P435,Substrate,Q6P435
Q9BTY7,Substrate,Q9BTY7
Q8NGC7,Substrate,Q8NGC7
Q0GE19,Substrate,Q0GE19
Q92835,Substrate,Q92835
O43174,Substrate,O43174
O76054,Substrate,O76054
Q86T03,Substrate,Q86T03
Q99643,Substrate,Q99643
P33993,Substrate,P33993
Q7Z418,Substrate,Q7Z418
Q9NPB9,Substrate,Q9NPB9
Q6ZWL3,Substrate,Q6ZWL3
Q969G3,Substrate,Q969G3
O60353,Substrate,O60353
Q14410,Substrate,Q14410
P0CG32,Substrate,P0CG32
P51617,E3,P51617
Q96RP3,Substrate,Q96RP3
Q9BUP3,Substrate,Q9BUP3
H3BQL2,Substrate,H3BQL2
O15118,Substrate,O15118
P14653,Substrate,P14653
P55317,Substrate,P55317
Q9BT76,Substrate,Q9BT76
Q6J272,Substrate,Q6J272
Q9UP52,Substrate,Q9UP52
P10619,Substrate,P10619
Q92828,Substrate,Q92828
Q5JY77,Substrate,Q5JY77
Q8N4X5,Substrate,Q8N4X5
Q13253,Substrate,Q13253
Q86T90,Substrate,Q86T90
Q969P5,E3,Q969P5
Q9P2F8,Substrate,Q9P2F8
Q9H6B1,Substrate,Q9H6B1
Q6UWT2,Substrate,Q6UWT2
Q8WY64,E3,Q8WY64
Q02535,Substrate,Q02535
Q8NGJ5,Substrate,Q8NGJ5
Q6UW10,Substrate,Q6UW10
Q6P9F7,Substrate,Q6P9F7
Q3C1V0,Substrate,Q3C1V0
Q58FG0,Substrate,Q58FG0
Q9Y2B2,Substrate,Q9Y2B2
Q99871,Substrate,Q99871
O75106,Substrate,O75106
Q5JTH9,Substrate,Q5JTH9
Q12974,Substrate,Q12974
Q5GH70,Substrate,Q5GH70
Q5VV17,Substrate,Q5VV17
Q5JST6,Substrate,Q5JST6
P04118,Substrate,P04118
P62081,Substrate,P62081
Q9H4Z2,Substrate,Q9H4Z2
P51589,Substrate,P51589
Q92834,Substrate,Q92834
P0DP25,Substrate,P0DP25
Q00013,Substrate,Q00013
P43243,Substrate,P43243
A8MWE9,Substrate,A8MWE9
P15408,Substrate,P15408
Q9H1U4,Substrate,Q9H1U4
Q9Y5M1,Substrate,Q9Y5M1
Q8NCQ3,Substrate,Q8NCQ3
Q6B0B8,Substrate,Q6B0B8
P13945,Substrate,P13945
Q96IG2,Substrate,Q96IG2
P82933,Substrate,P82933
Q8NC56,Substrate,Q8NC56
A6NEH6,Substrate,A6NEH6
Q8N883,Substrate,Q8N883
A3QJZ7,Substrate,A3QJZ7
Q9BRL6,Substrate,Q9BRL6
A6NKQ9,Substrate,A6NKQ9
Q96A11,Substrate,Q96A11
P04004,Substrate,P04004
Q4LDG9,Substrate,Q4LDG9
P57739,Substrate,P57739
P13984,Substrate,P13984
Q99487,Substrate,Q99487
A8MTY7,Substrate,A8MTY7
Q96BY2,Substrate,Q96BY2
Q9BUB7,Substrate,Q9BUB7
Q86VZ2,Substrate,Q86VZ2
Q9HCS4,Substrate,Q9HCS4
Q8TCT1,Substrate,Q8TCT1
P07315,Substrate,P07315
P30531,Substrate,P30531
A5D6W6,Substrate,A5D6W6
Q96E14,Substrate,Q96E14
Q6IQ49,Substrate,Q6IQ49
P46736,Substrate,P46736
Q9H3V2,Substrate,Q9H3V2
Q99798,Substrate,Q99798
O00212,Substrate,O00212
Q8N0V3,Substrate,Q8N0V3
Q8TCW7,Substrate,Q8TCW7
P37198,Substrate,P37198
Q86W42,Substrate,Q86W42
A0A589,Substrate,A0A589
P60709,Substrate,P60709
Q92564,E3,Q92564
P05412,Substrate,P05412
Q9Y278,Substrate,Q9Y278
Q96MS3,Substrate,Q96MS3
Q3SYB3,Substrate,Q3SYB3
Q93015,Substrate,Q93015
P49247,Substrate,P49247
Q86V85,Substrate,Q86V85
O15335,Substrate,O15335
Q9NWD8,Substrate,Q9NWD8
Q9UPT8,Substrate,Q9UPT8
Q7Z2H8,Substrate,Q7Z2H8
Q8NFB2,Substrate,Q8NFB2
P20292,Substrate,P20292
Q99748,Substrate,Q99748
Q96C57,Substrate,Q96C57
Q70J99,Substrate,Q70J99
O43597,Substrate,O43597
Q96QT6,Substrate,Q96QT6
P43378,Substrate,P43378
Q9HCH5,Substrate,Q9HCH5
A6ND36,Substrate,A6ND36
Q9H7X2,Substrate,Q9H7X2
Q86YF9,Substrate,Q86YF9
A0A0U1RQG5,Substrate,A0A0U1RQG5
Q96P71,Substrate,Q96P71
Q9P217,Substrate,Q9P217
Q99435,Substrate,Q99435
Q63HM9,Substrate,Q63HM9
Q8NEJ9,Substrate,Q8NEJ9
Q8NFU4,Substrate,Q8NFU4
Q9NV56,Substrate,Q9NV56
P60507,Substrate,P60507
Q5T6F0,E3,Q5T6F0
P17861,Substrate,P17861
Q15858,Substrate,Q15858
O15031,Substrate,O15031
P17405,Substrate,P17405
O60759,Substrate,O60759
Q15746,Substrate,Q15746
Q9NX94,Substrate,Q9NX94
Q6NXS1,Substrate,Q6NXS1
Q5UE93,Substrate,Q5UE93
P0CG31,Substrate,P0CG31
Q14151,Substrate,Q14151
Q96H72,Substrate,Q96H72
Q9UF11,Substrate,Q9UF11
Q9BVW5,Substrate,Q9BVW5
Q7L1W4,Substrate,Q7L1W4
A6NHT5,Substrate,A6NHT5
O14901,Substrate,O14901
P62993,Substrate,P62993
P55089,Substrate,P55089
O95336,Substrate,O95336
Q9UBU7,Substrate,Q9UBU7
Q15696,Substrate,Q15696
A0A0J9YXM7,Substrate,A0A0J9YXM7
Q92539,Substrate,Q92539
Q9Y5W7,Substrate,Q9Y5W7
Q8N8U2,Substrate,Q8N8U2
Q6P3R8,Substrate,Q6P3R8
Q6PI25,Substrate,Q6PI25
P43034,Substrate,P43034
Q7Z6L0,Substrate,Q7Z6L0
Q6ZRC1,Substrate,Q6ZRC1
Q9BZW7,Substrate,Q9BZW7
Q96RY5,Substrate,Q96RY5
A8MZ26,Substrate,A8MZ26
Q8NCM2,Substrate,Q8NCM2
Q8WYH8,Substrate,Q8WYH8
Q8IWA4,Substrate,Q8IWA4
P18206,Substrate,P18206
Q86W28,Substrate,Q86W28
Q8NE22,Substrate,Q8NE22
P98169,Substrate,P98169
Q14142,Substrate,Q14142
Q96M42,Substrate,Q96M42
Q13224,Substrate,Q13224
P14598,Substrate,P14598
Q9HAZ1,Substrate,Q9HAZ1
Q5T7N3,Substrate,Q5T7N3
Q9UBV8,Substrate,Q9UBV8
Q8N954,Substrate,Q8N954
O75385,Substrate,O75385
O15357,Substrate,O15357
Q8N3T6,Substrate,Q8N3T6
Q9NR61,Substrate,Q9NR61
Q8NCH0,Substrate,Q8NCH0
Q9UDV6,Substrate,Q9UDV6
O60248,Substrate,O60248
P13929,Substrate,P13929
Q6QNK2,Substrate,Q6QNK2
Q8NEY1,Substrate,Q8NEY1
A6NCW7,Substrate,A6NCW7
P0DMV8,Substrate,P0DMV8
Q96A46,Substrate,Q96A46
O14818,Substrate,O14818
Q13228,Substrate,Q13228
Q9UKM7,Substrate,Q9UKM7
B5MCY1,Substrate,B5MCY1
P57071,Substrate,P57071
Q96F10,Substrate,Q96F10
Q86UD7,Substrate,Q86UD7
O15231,Substrate,O15231
O15488,Substrate,O15488
Q10589,Substrate,Q10589
O43251,Substrate,O43251
P0C7Q5,Substrate,P0C7Q5
Q12979,Substrate,Q12979
Q8N7M2,Substrate,Q8N7M2
P58499,Substrate,P58499
P54219,Substrate,P54219
Q8TAC9,Substrate,Q8TAC9
Q8WZ59,Substrate,Q8WZ59
Q9BYQ7,Substrate,Q9BYQ7
Q9P2M4,Substrate,Q9P2M4
P09417,Substrate,P09417
Q08AH1,Substrate,Q08AH1
Q9UHN1,Substrate,Q9UHN1
P55316,Substrate,P55316
O60359,Substrate,O60359
Q96RJ3,Substrate,Q96RJ3
Q7L5L3,Substrate,Q7L5L3
A0A2R8Y7D0,Substrate,A0A2R8Y7D0
Q9H0R6,Substrate,Q9H0R6
Q92504,Substrate,Q92504
P10768,Substrate,P10768
P28676,Substrate,P28676
Q9Y6J8,Substrate,Q9Y6J8
Q7L3S4,Substrate,Q7L3S4
Q96N53,Substrate,Q96N53
Q5TG53,Substrate,Q5TG53
A0A1B0GUV1,Substrate,A0A1B0GUV1
O15439,Substrate,O15439
Q9GZZ8,Substrate,Q9GZZ8
Q68D91,Substrate,Q68D91
Q8TF71,Substrate,Q8TF71
Q8N0W5,Substrate,Q8N0W5
B3EWG3,Substrate,B3EWG3
P12694,Substrate,P12694
Q6ZU35,Substrate,Q6ZU35
Q9HB19,Substrate,Q9HB19
Q8N163,Substrate,Q8N163
P47224,Substrate,P47224
P48047,Substrate,P48047
P41236,Substrate,P41236
P43631,Substrate,P43631
Q9UBW7,Substrate,Q9UBW7
Q15760,Substrate,Q15760
O76009,Substrate,O76009
P17098,Substrate,P17098
P57737,Substrate,P57737
O15554,Substrate,O15554
Q86WZ0,Substrate,Q86WZ0
P49641,Substrate,P49641
Q9H4P4,E3,Q9H4P4
Q9BT92,Substrate,Q9BT92
Q9H4B8,Substrate,Q9H4B8
P17023,Substrate,P17023
P22735,Substrate,P22735
Q5JQS5,Substrate,Q5JQS5
A6NLU0,E3,A6NLU0
Q8NG80,Substrate,Q8NG80
Q96D05,Substrate,Q96D05
P24522,Substrate,P24522
Q66K79,Substrate,Q66K79
Q8N8F7,Substrate,Q8N8F7
P51531,Substrate,P51531
P12235,Substrate,P12235
Q9Y4C4,Substrate,Q9Y4C4
Q9Y3X0,Substrate,Q9Y3X0
P11177,Substrate,P11177
Q99538,Substrate,Q99538
P63151,Substrate,P63151
Q8NFU0,Substrate,Q8NFU0
Q6ICL7,Substrate,Q6ICL7
P30279,Substrate,P30279
Q96GS4,Substrate,Q96GS4
Q96N11,Substrate,Q96N11
Q6YHU6,Substrate,Q6YHU6
O43915,Substrate,O43915
P69891,Substrate,P69891
Q9NPD7,Substrate,Q9NPD7
Q9Y215,Substrate,Q9Y215
Q9NYV8,Substrate,Q9NYV8
Q3V6T2,Substrate,Q3V6T2
P17482,Substrate,P17482
Q92847,Substrate,Q92847
P51815,Substrate,P51815
P0C7U0,Substrate,P0C7U0
Q8TF63,Substrate,Q8TF63
P0C880,Substrate,P0C880
Q03701,Substrate,Q03701
P78383,Substrate,P78383
Q96KG9,Substrate,Q96KG9
Q03135,Substrate,Q03135
O60447,Substrate,O60447
Q9BUL9,Substrate,Q9BUL9
Q8NHY3,Substrate,Q8NHY3
A6NK58,Substrate,A6NK58
Q6IF63,Substrate,Q6IF63
Q96NB3,Substrate,Q96NB3
Q96A33,Substrate,Q96A33
Q92911,Substrate,Q92911
Q3I5F7,Substrate,Q3I5F7
Q969G5,Substrate,Q969G5
Q9HAT0,Substrate,Q9HAT0
Q63HQ0,Substrate,Q63HQ0
X6R8R1,Substrate,X6R8R1
Q9NVW2,E3,Q9NVW2
Q9BXL5,Substrate,Q9BXL5
O00182,Substrate,O00182
P81534,Substrate,P81534
P0C646,Substrate,P0C646
Q6Q0C1,Substrate,Q6Q0C1
Q9H489,Substrate,Q9H489
Q9UPZ6,Substrate,Q9UPZ6
Q1L6U9,Substrate,Q1L6U9
O75534,Substrate,O75534
Q96MC2,Substrate,Q96MC2
Q0VDG4,Substrate,Q0VDG4
O95816,Substrate,O95816
P49005,Substrate,P49005
O95861,Substrate,O95861
Q03014,Substrate,Q03014
P17481,Substrate,P17481
Q9UMW8,Substrate,Q9UMW8
A6NFN3,Substrate,A6NFN3
O75541,Substrate,O75541
Q8WY50,Substrate,Q8WY50
Q8NHG8,E3,Q8NHG8
P16152,Substrate,P16152
Q86UP2,Substrate,Q86UP2
Q9UIK4,Substrate,Q9UIK4
Q9UKI9,Substrate,Q9UKI9
Q9BWK5,Substrate,Q9BWK5
Q5HYK3,Substrate,Q5HYK3
O15245,Substrate,O15245
O95150,Substrate,O95150
P30153,Substrate,P30153
Q9BXE9,Substrate,Q9BXE9
Q6UXZ0,Substrate,Q6UXZ0
Q96GE6,Substrate,Q96GE6
Q6ZWH5,Substrate,Q6ZWH5
P14616,Substrate,P14616
Q9UQ90,Substrate,Q9UQ90
P12318,Substrate,P12318
Q96DH6,Substrate,Q96DH6
Q9Y3A4,Substrate,Q9Y3A4
Q8ND07,Substrate,Q8ND07
O95185,Substrate,O95185
Q8N6P7,Substrate,Q8N6P7
Q96RQ1,Substrate,Q96RQ1
Q8TCB7,Substrate,Q8TCB7
Q8NHC6,Substrate,Q8NHC6
Q96ME7,Substrate,Q96ME7
P57740,Substrate,P57740
Q96ST2,Substrate,Q96ST2
Q9H8H0,Substrate,Q9H8H0
Q4VXU2,Substrate,Q4VXU2
Q8NBP0,Substrate,Q8NBP0
Q6ZNA4,E3,Q6ZNA4
Q5VTQ0,Substrate,Q5VTQ0
Q9BYR7,Substrate,Q9BYR7
O14602,Substrate,O14602
Q8N6S4,Substrate,Q8N6S4
Q9H6Z4,Substrate,Q9H6Z4
Q96NY7,Substrate,Q96NY7
Q6UW88,Substrate,Q6UW88
Q9UK23,Substrate,Q9UK23
O94885,Substrate,O94885
Q8WZ94,Substrate,Q8WZ94
Q5JWF8,Substrate,Q5JWF8
I6L899,Substrate,I6L899
O14802,Substrate,O14802
Q8NB15,Substrate,Q8NB15
Q13889,Substrate,Q13889
P23284,Substrate,P23284
Q99909,Substrate,Q99909
Q15596,Substrate,Q15596
Q56UQ5,Substrate,Q56UQ5
P01602,Substrate,P01602
Q2KHM9,Substrate,Q2KHM9
O95707,Substrate,O95707
Q7Z7J5,Substrate,Q7Z7J5
Q9NUR3,Substrate,Q9NUR3
Q969W3,Substrate,Q969W3
P98172,Substrate,P98172
P24593,Substrate,P24593
Q96AJ9,Substrate,Q96AJ9
Q8N9I5,Substrate,Q8N9I5
P49336,Substrate,P49336
P36222,Substrate,P36222
P34932,Substrate,P34932
Q07283,Substrate,Q07283
Q8TF76,Substrate,Q8TF76
P51686,Substrate,P51686
Q15024,Substrate,Q15024
Q8N184,Substrate,Q8N184
Q4G0G5,Substrate,Q4G0G5
O75618,Substrate,O75618
A6NCK2,Substrate,A6NCK2
Q8NI60,Substrate,Q8NI60
Q9NZN3,Substrate,Q9NZN3
P82094,Substrate,P82094
Q9H1C0,Substrate,Q9H1C0
Q9HD43,Substrate,Q9HD43
Q9NQH7,Substrate,Q9NQH7
P10451,Substrate,P10451
A0A096LNW5,Substrate,A0A096LNW5
Q9NVP1,Substrate,Q9NVP1
Q00653,Substrate,Q00653
Q6UXI7,Substrate,Q6UXI7
P03979,Substrate,P03979
Q495M9,Substrate,Q495M9
O75161,Substrate,O75161
O15047,Substrate,O15047
Q9HAU8,Substrate,Q9HAU8
P0DMP1,Substrate,P0DMP1
Q15004,Substrate,Q15004
Q9H2L5,Substrate,Q9H2L5
Q9ULP0,Substrate,Q9ULP0
Q96RU8,E3,Q96RU8
A2VDF0,Substrate,A2VDF0
A6NE52,Substrate,A6NE52
Q8NGL4,Substrate,Q8NGL4
Q01432,Substrate,Q01432
Q14714,Substrate,Q14714
A0A0C4DH73,Substrate,A0A0C4DH73
Q9BUG6,Substrate,Q9BUG6
P14784,Substrate,P14784
Q15643,Substrate,Q15643
Q14940,Substrate,Q14940
Q9BQ04,Substrate,Q9BQ04
Q99075,Substrate,Q99075
Q6FHJ7,Substrate,Q6FHJ7
Q9BYQ3,Substrate,Q9BYQ3
Q7Z4V0,Substrate,Q7Z4V0
Q8NEA6,Substrate,Q8NEA6
P08620,Substrate,P08620
P48637,Substrate,P48637
P53634,Substrate,P53634
Q14498,Substrate,Q14498
Q96SZ4,Substrate,Q96SZ4
P0C5Z0,Substrate,P0C5Z0
P50616,Substrate,P50616
Q9HCJ3,Substrate,Q9HCJ3
Q6ZVD7,Substrate,Q6ZVD7
Q9NQC1,E3,Q9NQC1
Q96PC5,Substrate,Q96PC5
Q9BW60,Substrate,Q9BW60
P46926,Substrate,P46926
P49842,Substrate,P49842
Q9BQI5,Substrate,Q9BQI5
Q9BQI4,Substrate,Q9BQI4
Q14565,Substrate,Q14565
P60368,Substrate,P60368
P51636,Substrate,P51636
P20674,Substrate,P20674
Q6NUQ1,Substrate,Q6NUQ1
P29597,Substrate,P29597
Q9P2S2,Substrate,Q9P2S2
Q2VIQ3,Substrate,Q2VIQ3
Q9H0L4,Substrate,Q9H0L4
P68871,Substrate,P68871
Q9Y2T1,Substrate,Q9Y2T1
Q96LX8,Substrate,Q96LX8
O60361,Substrate,O60361
Q9UDX5,Substrate,Q9UDX5
P09693,Substrate,P09693
P0DTE0,Substrate,P0DTE0
Q8TD23,Substrate,Q8TD23
Q5VX52,Substrate,Q5VX52
Q9Y4D7,Substrate,Q9Y4D7
Q6ZWK6,Substrate,Q6ZWK6
Q96J84,Substrate,Q96J84
Q9NQR9,Substrate,Q9NQR9
Q14435,Substrate,Q14435
Q7Z398,Substrate,Q7Z398
Q9Y5Y7,Substrate,Q9Y5Y7
Q9P2S5,Substrate,Q9P2S5
Q15546,Substrate,Q15546
Q2TAC2,Substrate,Q2TAC2
Q9H1K0,Substrate,Q9H1K0
Q9HC29,Substrate,Q9HC29
Q6W349,Substrate,Q6W349
Q05901,Substrate,Q05901
O95202,Substrate,O95202
Q5FWF6,Substrate,Q5FWF6
Q8WZ92,Substrate,Q8WZ92
Q9H115,Substrate,Q9H115
P16219,Substrate,P16219
Q9Y4X3,Substrate,Q9Y4X3
O60320,Substrate,O60320
Q8IY95,Substrate,Q8IY95
O95711,Substrate,O95711
O00625,Substrate,O00625
Q96BM0,Substrate,Q96BM0
Q8NBL1,Substrate,Q8NBL1
Q86UD5,Substrate,Q86UD5
Q8N474,Substrate,Q8N474
Q3B7S5,Substrate,Q3B7S5
P07360,Substrate,P07360
Q9Y4E6,Substrate,Q9Y4E6
Q9BRZ2,E3,Q9BRZ2
Q7RTY0,Substrate,Q7RTY0
O00160,Substrate,O00160
Q68E01,Substrate,Q68E01
Q92765,Substrate,Q92765
Q8WVM8,Substrate,Q8WVM8
A0A075B700,Substrate,A0A075B700
Q9UK08,Substrate,Q9UK08
Q96C36,Substrate,Q96C36
O96028,Substrate,O96028
Q96B45,Substrate,Q96B45
Q96N77,Substrate,Q96N77
Q9Y296,Substrate,Q9Y296
P25800,Substrate,P25800
Q8WY98,Substrate,Q8WY98
Q8TAP8,Substrate,Q8TAP8
Q6GMV3,Substrate,Q6GMV3
Q15029,Substrate,Q15029
Q5JVG2,Substrate,Q5JVG2
P43246,Substrate,P43246
P07864,Substrate,P07864
Q86TI0,Substrate,Q86TI0
P49763,Substrate,P49763
P22891,Substrate,P22891
Q9H5P4,Substrate,Q9H5P4
O60231,Substrate,O60231
Q58FF3,Substrate,Q58FF3
Q4G0X9,Substrate,Q4G0X9
Q9GZV9,Substrate,Q9GZV9
Q96IT6,Substrate,Q96IT6
Q8ND56,Substrate,Q8ND56
P08138,Substrate,P08138
Q2TAA8,Substrate,Q2TAA8
Q13509,Substrate,Q13509
P15260,Substrate,P15260
P01178,Substrate,P01178
P35913,Substrate,P35913
Q13557,Substrate,Q13557
Q96MW5,Substrate,Q96MW5
Q6PUV4,Substrate,Q6PUV4
P32243,Substrate,P32243
Q9BZE3,Substrate,Q9BZE3
Q96PE1,Substrate,Q96PE1
P48066,Substrate,P48066
Q9NSA3,Substrate,Q9NSA3
Q8TF61,Substrate,Q8TF61
Q8IWD4,Substrate,Q8IWD4
Q9BSH4,Substrate,Q9BSH4
P35236,Substrate,P35236
Q5PT55,Substrate,Q5PT55
Q719H9,Substrate,Q719H9
Q9Y5K2,Substrate,Q9Y5K2
C0HLS1,Substrate,C0HLS1
Q9UPY6,Substrate,Q9UPY6
P35626,Substrate,P35626
P46527,Substrate,P46527
Q6NUI1,Substrate,Q6NUI1
P56179,Substrate,P56179
Q9NUJ7,Substrate,Q9NUJ7
P53350,Substrate,P53350
Q9H6A9,Substrate,Q9H6A9
Q7RTS5,Substrate,Q7RTS5
Q9Y2V3,Substrate,Q9Y2V3
P18825,Substrate,P18825
O95622,Substrate,O95622
Q8N8N7,Substrate,Q8N8N7
Q9NTK1,Substrate,Q9NTK1
O95671,Substrate,O95671
Q96S97,Substrate,Q96S97
A6NDY0,Substrate,A6NDY0
P42226,Substrate,P42226
Q14849,Substrate,Q14849
Q8N5B7,Substrate,Q8N5B7
Q9UBC0,Substrate,Q9UBC0
Q8IUX4,Substrate,Q8IUX4
Q9P0L1,Substrate,Q9P0L1
O14977,Substrate,O14977
Q8IXL9,Substrate,Q8IXL9
Q14739,Substrate,Q14739
P56180,Substrate,P56180
P25106,Substrate,P25106
Q96MX3,Substrate,Q96MX3
Q92734,Substrate,Q92734
Q8TB33,Substrate,Q8TB33
P63272,Substrate,P63272
Q6GQQ9,Substrate,Q6GQQ9
Q9Y289,Substrate,Q9Y289
P21980,Substrate,P21980
Q9UD57,Substrate,Q9UD57
Q13427,Substrate,Q13427
P46976,Substrate,P46976
O60706,Substrate,O60706
Q8IUC1,Substrate,Q8IUC1
Q9GZV5,Substrate,Q9GZV5
O95237,Substrate,O95237
Q9BX74,Substrate,Q9BX74
Q8WUU4,Substrate,Q8WUU4
Q86SI9,Substrate,Q86SI9
P57773,Substrate,P57773
Q96NH3,Substrate,Q96NH3
Q8WUU5,Substrate,Q8WUU5
Q9H0W8,Substrate,Q9H0W8
A0A804HLA8,Substrate,A0A804HLA8
Q9NTJ3,Substrate,Q9NTJ3
Q96P50,Substrate,Q96P50
Q8N0X2,Substrate,Q8N0X2
Q2M2I3,Substrate,Q2M2I3
Q9BZ81,Substrate,Q9BZ81
Q02386,Substrate,Q02386
Q569K4,Substrate,Q569K4
Q8N5N7,Substrate,Q8N5N7
Q8IU89,Substrate,Q8IU89
Q9NZQ9,Substrate,Q9NZQ9
O14653,Substrate,O14653
P27448,Substrate,P27448
A6NGW2,Substrate,A6NGW2
Q8WUA7,Substrate,Q8WUA7
Q8WZA0,Substrate,Q8WZA0
O43324,Substrate,O43324
O75907,Substrate,O75907
B1AJZ9,Substrate,B1AJZ9
Q96DR5,Substrate,Q96DR5
Q9NZR1,Substrate,Q9NZR1
Q16799,Substrate,Q16799
P40424,Substrate,P40424
A6NHN6,Substrate,A6NHN6
Q3KNT7,Substrate,Q3KNT7
Q13428,Substrate,Q13428
Q86VQ3,Substrate,Q86VQ3
P0CJ79,Substrate,P0CJ79
Q9H069,Substrate,Q9H069
P52564,Substrate,P52564
Q9P1W8,Substrate,Q9P1W8
Q9Y2S2,Substrate,Q9Y2S2
O75352,Substrate,O75352
Q7Z6J8,Substrate,Q7Z6J8
Q99983,Substrate,Q99983
Q96BS2,Substrate,Q96BS2
Q6S8J3,Substrate,Q6S8J3
O00442,Substrate,O00442
Q99814,Substrate,Q99814
Q8N6U2,Substrate,Q8N6U2
Q96FC7,Substrate,Q96FC7
Q15038,Substrate,Q15038
Q9UQ16,Substrate,Q9UQ16
Q8NF99,Substrate,Q8NF99
O75828,Substrate,O75828
Q9NY25,Substrate,Q9NY25
Q6VUC0,Substrate,Q6VUC0
Q5JXC2,Substrate,Q5JXC2
Q5W0A0,Substrate,Q5W0A0
Q15796,Substrate,Q15796
P01911,Substrate,P01911
O75360,Substrate,O75360
Q9HCD6,Substrate,Q9HCD6
O43167,Substrate,O43167
Q8N9P6,Substrate,Q8N9P6
Q9UI47,Substrate,Q9UI47
Q8NEP7,Substrate,Q8NEP7
Q8N2Q7,Substrate,Q8N2Q7
A6NNA5,Substrate,A6NNA5
Q9H920,Substrate,Q9H920
Q9NRH1,Substrate,Q9NRH1
A0A096LPK9,Substrate,A0A096LPK9
Q9GZT3,Substrate,Q9GZT3
P18509,Substrate,P18509
Q9HCP6,Substrate,Q9HCP6
O95954,Substrate,O95954
Q8NHR7,Substrate,Q8NHR7
Q8N1A0,Substrate,Q8N1A0
P19883,Substrate,P19883
Q5SRN2,Substrate,Q5SRN2
Q9GZV4,Substrate,Q9GZV4
Q9NPF2,Substrate,Q9NPF2
Q9NUQ3,Substrate,Q9NUQ3
Q9H0F6,E3,Q9H0F6
Q13541,Substrate,Q13541
P25787,Substrate,P25787
P54753,Substrate,P54753
Q9NZJ0,E3,Q9NZJ0
Q16769,Substrate,Q16769
Q9C0C6,Substrate,Q9C0C6
Q6UWZ7,Substrate,Q6UWZ7
Q0VGE8,Substrate,Q0VGE8
A1A4V9,Substrate,A1A4V9
Q8TBZ8,Substrate,Q8TBZ8
O95969,Substrate,O95969
Q8NGG6,Substrate,Q8NGG6
Q14653,Substrate,Q14653
O43395,Substrate,O43395
P22413,Substrate,P22413
O94776,Substrate,O94776
Q8IXB3,Substrate,Q8IXB3
Q96EP0,E3,Q96EP0
Q8TEQ8,Substrate,Q8TEQ8
Q7Z353,Substrate,Q7Z353
P06132,Substrate,P06132
Q8N228,Substrate,Q8N228
Q8TC21,Substrate,Q8TC21
Q99581,Substrate,Q99581
Q70IA6,Substrate,Q70IA6
Q96D96,Substrate,Q96D96
P04798,Substrate,P04798
Q5R372,Substrate,Q5R372
Q5VV42,Substrate,Q5VV42
O14576,Substrate,O14576
A6NCQ9,Substrate,A6NCQ9
P39900,Substrate,P39900
A0A597,Substrate,A0A597
Q32NB8,Substrate,Q32NB8
Q9BYM8,E3,Q9BYM8
Q96JN0,Substrate,Q96JN0
Q9HCM7,Substrate,Q9HCM7
P50225,Substrate,P50225
Q92685,Substrate,Q92685
Q86UP6,Substrate,Q86UP6
O60809,Substrate,O60809
O60245,Substrate,O60245
Q86YJ5,E3,Q86YJ5
P0DPK5,Substrate,P0DPK5
Q9H756,Substrate,Q9H756
O95400,Substrate,O95400
Q9P2H5,Substrate,Q9P2H5
O95639,Substrate,O95639
Q86Y01,E3,Q86Y01
Q9Y2L1,Substrate,Q9Y2L1
P36894,Substrate,P36894
Q8NF86,Substrate,Q8NF86
Q8N3J5,Substrate,Q8N3J5
Q86Y91,Substrate,Q86Y91
P15328,Substrate,P15328
Q9Y4X4,Substrate,Q9Y4X4
Q9BUX1,Substrate,Q9BUX1
Q9UGQ3,Substrate,Q9UGQ3
Q5TGZ0,Substrate,Q5TGZ0
O60266,Substrate,O60266
Q15561,Substrate,Q15561
Q9H3D4,Substrate,Q9H3D4
Q3C1V1,Substrate,Q3C1V1
Q9UBG3,Substrate,Q9UBG3
Q9UKV3,Substrate,Q9UKV3
Q96QK8,Substrate,Q96QK8
Q9H2C1,Substrate,Q9H2C1
Q9C0E2,Substrate,Q9C0E2
Q6ZMG9,Substrate,Q6ZMG9
Q8N119,Substrate,Q8N119
Q6UW32,Substrate,Q6UW32
Q8N998,Substrate,Q8N998
Q96FS4,Substrate,Q96FS4
Q53GL7,Substrate,Q53GL7
O00186,Substrate,O00186
P31151,Substrate,P31151
Q8NDY8,Substrate,Q8NDY8
Q8N0Z9,Substrate,Q8N0Z9
Q6MZP7,Substrate,Q6MZP7
Q9UHC7,E3,Q9UHC7
P49761,Substrate,P49761
O95922,Substrate,O95922
P11686,Substrate,P11686
Q96PR1,Substrate,Q96PR1
Q9NQS3,Substrate,Q9NQS3
Q14691,Substrate,Q14691
Q5VZR2,Substrate,Q5VZR2
W5XKT8,Substrate,W5XKT8
P31150,Substrate,P31150
Q96GE5,Substrate,Q96GE5
E5RJM6,Substrate,E5RJM6
Q9UBC5,Substrate,Q9UBC5
Q9HD47,Substrate,Q9HD47
Q8IWF9,Substrate,Q8IWF9
P0C870,Substrate,P0C870
Q96NC0,Substrate,Q96NC0
Q9BQW3,Substrate,Q9BQW3
A0A494C103,Substrate,A0A494C103
B6A8C7,Substrate,B6A8C7
Q9BSW2,Substrate,Q9BSW2
A0A578,Substrate,A0A578
Q6X4T0,Substrate,Q6X4T0
Q15853,Substrate,Q15853
Q8TDD5,Substrate,Q8TDD5
Q9NZV5,Substrate,Q9NZV5
P00995,Substrate,P00995
Q8ND83,Substrate,Q8ND83
O43639,Substrate,O43639
Q96KE9,Substrate,Q96KE9
Q8TDQ0,Substrate,Q8TDQ0
P68402,Substrate,P68402
Q7Z5L2,Substrate,Q7Z5L2
Q14088,Substrate,Q14088
P32971,Substrate,P32971
Q99550,Substrate,Q99550
Q66K14,Substrate,Q66K14
Q569G3,Substrate,Q569G3
Q96EP5,Substrate,Q96EP5
Q9NYJ8,Substrate,Q9NYJ8
A0AVI4,Substrate,A0AVI4
Q8TAT6,Substrate,Q8TAT6
Q96LX7,Substrate,Q96LX7
O14773,Substrate,O14773
Q8TAQ9,Substrate,Q8TAQ9
Q8N660,Substrate,Q8N660
P54762,Substrate,P54762
Q9ULV5,Substrate,Q9ULV5
A4D1U4,Substrate,A4D1U4
O14807,Substrate,O14807
P42766,Substrate,P42766
P0DMV9,Substrate,P0DMV9
Q15758,Substrate,Q15758
Q969F1,Substrate,Q969F1
O14668,Substrate,O14668
Q9H0P0,Substrate,Q9H0P0
Q8TDD2,Substrate,Q8TDD2
Q9H161,Substrate,Q9H161
Q8N9U9,Substrate,Q8N9U9
Q8TD19,Substrate,Q8TD19
Q8N9V6,Substrate,Q8N9V6
P13584,Substrate,P13584
Q14416,Substrate,Q14416
Q53EV4,Substrate,Q53EV4
Q5TCH4,Substrate,Q5TCH4
Q17RB8,Substrate,Q17RB8
O43247,Substrate,O43247
P59534,Substrate,P59534
P59542,Substrate,P59542
Q9UKH3,Substrate,Q9UKH3
Q6JEL2,E3,Q6JEL2
P48556,Substrate,P48556
Q9UJN7,Substrate,Q9UJN7
Q99469,Substrate,Q99469
O94772,Substrate,O94772
P51957,Substrate,P51957
P46934,E3,P46934
P41134,Substrate,P41134
Q9H7P9,Substrate,Q9H7P9
Q9ULC3,Substrate,Q9ULC3
Q9Y342,Substrate,Q9Y342
Q5JSS6,Substrate,Q5JSS6
Q5JU69,Substrate,Q5JU69
Q9H2G4,Substrate,Q9H2G4
P01229,Substrate,P01229
Q8TC59,Substrate,Q8TC59
P61165,Substrate,P61165
P32456,Substrate,P32456
Q6UX04,Substrate,Q6UX04
Q969M2,Substrate,Q969M2
Q53SZ7,Substrate,Q53SZ7
A2RUQ5,Substrate,A2RUQ5
Q9NP85,Substrate,Q9NP85
Q6EEV4,Substrate,Q6EEV4
Q6TFL3,Substrate,Q6TFL3
P49335,Substrate,P49335
Q401N2,Substrate,Q401N2
Q8NG95,Substrate,Q8NG95
Q6PEX3,Substrate,Q6PEX3
Q8NDZ4,Substrate,Q8NDZ4
Q9NVN3,Substrate,Q9NVN3
Q16594,Substrate,Q16594
Q8N4M1,Substrate,Q8N4M1
Q07812,Substrate,Q07812
Q9HBT7,Substrate,Q9HBT7
Q92484,Substrate,Q92484
Q8NBP7,Substrate,Q8NBP7
Q2M1K9,Substrate,Q2M1K9
Q7L590,Substrate,Q7L590
Q9UHQ7,Substrate,Q9UHQ7
P12645,Substrate,P12645
P62308,Substrate,P62308
Q7Z6R9,Substrate,Q7Z6R9
Q9UBC2,Substrate,Q9UBC2
Q6NUM9,Substrate,Q6NUM9
Q969X2,Substrate,Q969X2
Q06455,Substrate,Q06455
Q15831,Substrate,Q15831
Q107X0,Substrate,Q107X0
O43402,Substrate,O43402
Q3MJ16,Substrate,Q3MJ16
A0A0A6YYD4,Substrate,A0A0A6YYD4
Q86WT6,E3,Q86WT6
Q8N158,Substrate,Q8N158
Q9UL01,Substrate,Q9UL01
Q9UMX1,Substrate,Q9UMX1
Q68DV7,E3,Q68DV7
Q9BV38,Substrate,Q9BV38
Q8NH49,Substrate,Q8NH49
Q9NTI2,Substrate,Q9NTI2
Q9Y6Y9,Substrate,Q9Y6Y9
P51178,Substrate,P51178
Q9N2K0,Substrate,Q9N2K0
Q9BYW1,Substrate,Q9BYW1
P40225,Substrate,P40225
Q6UXQ8,Substrate,Q6UXQ8
P04746,Substrate,P04746
Q15131,Substrate,Q15131
O75712,Substrate,O75712
Q8IV16,Substrate,Q8IV16
Q6NUR6,Substrate,Q6NUR6
O00213,Substrate,O00213
Q9BQE9,Substrate,Q9BQE9
Q9Y698,Substrate,Q9Y698
Q96DY7,Substrate,Q96DY7
Q86YI8,Substrate,Q86YI8
O43147,Substrate,O43147
Q00LT1,Substrate,Q00LT1
P49257,Substrate,P49257
Q9BRP0,Substrate,Q9BRP0
O75351,Substrate,O75351
Q8NGJ7,Substrate,Q8NGJ7
Q6L8G9,Substrate,Q6L8G9
P0CJ74,Substrate,P0CJ74
O00155,Substrate,O00155
Q5TC12,Substrate,Q5TC12
Q86TA4,Substrate,Q86TA4
Q8NH05,Substrate,Q8NH05
Q71F23,Substrate,Q71F23
O15432,Substrate,O15432
Q8TDV0,Substrate,Q8TDV0
Q92570,Substrate,Q92570
Q9H2Y7,Substrate,Q9H2Y7
Q8NGZ6,Substrate,Q8NGZ6
Q9Y5X0,Substrate,Q9Y5X0
Q04323,Substrate,Q04323
Q6UW02,Substrate,Q6UW02
Q6ZNG0,Substrate,Q6ZNG0
P0CJ71,Substrate,P0CJ71
Q3SYF9,Substrate,Q3SYF9
Q05682,Substrate,Q05682
Q9Y4D1,Substrate,Q9Y4D1
O75952,Substrate,O75952
Q8IZJ0,Substrate,Q8IZJ0
Q9C0D9,Substrate,Q9C0D9
Q3MJ40,Substrate,Q3MJ40
Q9BRQ4,Substrate,Q9BRQ4
Q9Y2T7,Substrate,Q9Y2T7
Q9P2J5,Substrate,Q9P2J5
Q6W3E5,Substrate,Q6W3E5
Q8IYM9,E3,Q8IYM9
Q76KP1,Substrate,Q76KP1
O15063,Substrate,O15063
Q8N4V2,Substrate,Q8N4V2
Q92896,Substrate,Q92896
Q86W10,Substrate,Q86W10
O95271,Substrate,O95271
P28325,Substrate,P28325
P05556,Substrate,P05556
Q13885,Substrate,Q13885
Q9Y2E8,Substrate,Q9Y2E8
Q8N668,Substrate,Q8N668
Q53HC0,Substrate,Q53HC0
Q5SNT2,Substrate,Q5SNT2
Q8N8Y5,Substrate,Q8N8Y5
P33260,Substrate,P33260
Q16352,Substrate,Q16352
Q8N2U0,Substrate,Q8N2U0
P07358,Substrate,P07358
Q66K66,Substrate,Q66K66
Q8IU54,Substrate,Q8IU54
O15287,Substrate,O15287
Q6ZNF0,Substrate,Q6ZNF0
O43325,Substrate,O43325
O94967,Substrate,O94967
Q6UWH4,Substrate,Q6UWH4
Q6MZM9,Substrate,Q6MZM9
Q6XPR3,Substrate,Q6XPR3
Q6ZW49,E3,Q6ZW49
Q9BTW9,Substrate,Q9BTW9
A6NI79,Substrate,A6NI79
Q06190,Substrate,Q06190
P15309,Substrate,P15309
Q9HD42,Substrate,Q9HD42
P50440,Substrate,P50440
Q8IXP5,Substrate,Q8IXP5
Q9HBD1,E3,Q9HBD1
P32249,Substrate,P32249
A0PJY2,Substrate,A0PJY2
P55345,Substrate,P55345
O60575,Substrate,O60575
P01624,Substrate,P01624
Q6PCB0,Substrate,Q6PCB0
Q9NP08,Substrate,Q9NP08
O75628,Substrate,O75628
Q8N475,Substrate,Q8N475
P22061,Substrate,P22061
Q15392,Substrate,Q15392
Q8WUM9,Substrate,Q8WUM9
A6NIJ9,Substrate,A6NIJ9
Q96HE8,Substrate,Q96HE8
Q7L945,Substrate,Q7L945
O14684,Substrate,O14684
A0A075B6S4,Substrate,A0A075B6S4
Q9UHY7,Substrate,Q9UHY7
Q15075,Substrate,Q15075
Q6ZWB6,Substrate,Q6ZWB6
Q2NL68,Substrate,Q2NL68
Q96AY3,Substrate,Q96AY3
Q1KMD3,Substrate,Q1KMD3
A0A0C4DH42,Substrate,A0A0C4DH42
O95741,Substrate,O95741
Q8TCV5,Substrate,Q8TCV5
Q99062,Substrate,Q99062
Q9H4B4,Substrate,Q9H4B4
Q5TA89,Substrate,Q5TA89
O95864,Substrate,O95864
O14791,Substrate,O14791
Q96MK2,Substrate,Q96MK2
Q96FV9,Substrate,Q96FV9
Q9BRQ5,Substrate,Q9BRQ5
A6NLX3,Substrate,A6NLX3
Q69YH5,Substrate,Q69YH5
Q9NSI8,Substrate,Q9NSI8
O75173,Substrate,O75173
Q9Y5U9,Substrate,Q9Y5U9
Q9H6J7,Substrate,Q9H6J7
Q6PDB4,Substrate,Q6PDB4
Q9NYW6,Substrate,Q9NYW6
Q9UBD5,Substrate,Q9UBD5
P43115,Substrate,P43115
P21810,Substrate,P21810
P20671,Substrate,P20671
P06732,Substrate,P06732
Q6PEW0,Substrate,Q6PEW0
Q96PV0,Substrate,Q96PV0
Q5TA78,Substrate,Q5TA78
P55795,Substrate,P55795
Q6ZVE7,Substrate,Q6ZVE7
Q9NWS0,Substrate,Q9NWS0
P27449,Substrate,P27449
Q14533,Substrate,Q14533
Q9H9F9,Substrate,Q9H9F9
C0HMA1,Substrate,C0HMA1
P13612,Substrate,P13612
O43248,Substrate,O43248
Q9NQ48,Substrate,Q9NQ48
A0A7P0TBJ1,Substrate,A0A7P0TBJ1
Q9NUT2,Substrate,Q9NUT2
O00221,Substrate,O00221
Q9H2X9,Substrate,Q9H2X9
Q8IYR6,Substrate,Q8IYR6
Q07617,Substrate,Q07617
O14558,Substrate,O14558
Q8TD35,Substrate,Q8TD35
P60328,Substrate,P60328
Q9NZM3,Substrate,Q9NZM3
L0R8F8,Substrate,L0R8F8
Q96DN6,Substrate,Q96DN6
Q5T6X5,Substrate,Q5T6X5
P18075,Substrate,P18075
P20718,Substrate,P20718
Q5JTB6,Substrate,Q5JTB6
Q86T82,Substrate,Q86T82
P37235,Substrate,P37235
P09848,Substrate,P09848
Q9NR77,Substrate,Q9NR77
D6REC4,Substrate,D6REC4
P43363,Substrate,P43363
P09525,Substrate,P09525
Q8NH06,Substrate,Q8NH06
Q9Y297,E3,Q9Y297
P02760,Substrate,P02760
Q96L03,Substrate,Q96L03
Q4V328,Substrate,Q4V328
Q9P265,Substrate,Q9P265
Q5VW38,Substrate,Q5VW38
Q8IY33,Substrate,Q8IY33
P10082,Substrate,P10082
Q12798,Substrate,Q12798
O95199,Substrate,O95199
Q9H0H5,Substrate,Q9H0H5
Q13563,Substrate,Q13563
A0A599,Substrate,A0A599
Q9NQZ5,Substrate,Q9NQZ5
Q9NR20,Substrate,Q9NR20
P55210,Substrate,P55210
Q9BXU0,Substrate,Q9BXU0
Q86V88,Substrate,Q86V88
O00399,Substrate,O00399
O00512,Substrate,O00512
P01579,Substrate,P01579
Q53H80,Substrate,Q53H80
P12643,Substrate,P12643
Q6AI12,Substrate,Q6AI12
Q9P242,Substrate,Q9P242
P42025,Substrate,P42025
Q9NXF7,E3,Q9NXF7
A6NIU2,Substrate,A6NIU2
Q8NEE8,Substrate,Q8NEE8
Q9Y2T6,Substrate,Q9Y2T6
Q8IY92,Substrate,Q8IY92
Q9HAW4,Substrate,Q9HAW4
Q6ZSZ6,Substrate,Q6ZSZ6
Q9H4B7,Substrate,Q9H4B7
Q13057,Substrate,Q13057
Q9BXT4,Substrate,Q9BXT4
Q86YE8,Substrate,Q86YE8
Q16795,Substrate,Q16795
Q9BUE0,Substrate,Q9BUE0
P0DTF9,Substrate,P0DTF9
Q9NRN5,Substrate,Q9NRN5
Q6ZMC9,Substrate,Q6ZMC9
Q96PV6,Substrate,Q96PV6
O94906,Substrate,O94906
Q96HT8,Substrate,Q96HT8
Q8NH92,Substrate,Q8NH92
P08263,Substrate,P08263
Q07352,Substrate,Q07352
Q8N6Q8,Substrate,Q8N6Q8
D0EPY3,Substrate,D0EPY3
Q6DN03,Substrate,Q6DN03
Q9Y597,Substrate,Q9Y597
Q9H4I9,Substrate,Q9H4I9
Q9NRW3,Substrate,Q9NRW3
Q4G0A6,Substrate,Q4G0A6
Q96S96,Substrate,Q96S96
Q7L7V1,Substrate,Q7L7V1
P09467,Substrate,P09467
Q8N8B7,Substrate,Q8N8B7
O43505,Substrate,O43505
Q5GH76,Substrate,Q5GH76
A6NJZ7,Substrate,A6NJZ7
Q7Z736,Substrate,Q7Z736
Q9Y250,Substrate,Q9Y250
Q86Y26,Substrate,Q86Y26
O15041,Substrate,O15041
Q8N6W0,Substrate,Q8N6W0
O43663,E3,O43663
Q5T6V5,Substrate,Q5T6V5
Q9NRG4,Substrate,Q9NRG4
Q6P5Q4,Substrate,Q6P5Q4
Q8N6F8,Substrate,Q8N6F8
Q969N2,Substrate,Q969N2
P49711,Substrate,P49711
Q6ZMW2,Substrate,Q6ZMW2
Q8N831,Substrate,Q8N831
P49223,Substrate,P49223
Q07890,Substrate,Q07890
O15391,Substrate,O15391
P29508,Substrate,P29508
Q7Z7J7,Substrate,Q7Z7J7
Q9C0B1,Substrate,Q9C0B1
P51810,Substrate,P51810
Q9UPT6,Substrate,Q9UPT6
P40189,Substrate,P40189
A0A1W2PQ72,Substrate,A0A1W2PQ72
Q969U6,E3,Q969U6
Q8N9F7,Substrate,Q8N9F7
Q2KHN1,Substrate,Q2KHN1
O75563,Substrate,O75563
Q9NYY1,Substrate,Q9NYY1
Q7Z388,Substrate,Q7Z388
P17301,Substrate,P17301
Q86Y28,Substrate,Q86Y28
Q9BV29,Substrate,Q9BV29
Q9UJY1,Substrate,Q9UJY1
O75116,Substrate,O75116
Q8NH54,Substrate,Q8NH54
Q8N8W4,Substrate,Q8N8W4
A6NF89,Substrate,A6NF89
P49910,Substrate,P49910
Q9H293,Substrate,Q9H293
Q9Y5X4,Substrate,Q9Y5X4
Q6RW13,Substrate,Q6RW13
P20810,Substrate,P20810
Q8NH50,Substrate,Q8NH50
Q9HAP6,Substrate,Q9HAP6
Q7Z7H8,Substrate,Q7Z7H8
Q16627,Substrate,Q16627
Q9BX84,Substrate,Q9BX84
Q7Z5L3,Substrate,Q7Z5L3
O60885,Substrate,O60885
P52655,Substrate,P52655
P0CG21,Substrate,P0CG21
Q96MT3,Substrate,Q96MT3
Q9Y6J9,Substrate,Q9Y6J9
Q6ZN66,Substrate,Q6ZN66
Q14722,Substrate,Q14722
P48436,Substrate,P48436
P00367,Substrate,P00367
P01569,Substrate,P01569
Q00444,Substrate,Q00444
Q8IY63,Substrate,Q8IY63
Q13472,Substrate,Q13472
Q9ULC5,Substrate,Q9ULC5
Q96L46,Substrate,Q96L46
P49841,Substrate,P49841
Q8IYW4,Substrate,Q8IYW4
P40337,E3,P40337
P55145,Substrate,P55145
Q92636,Substrate,Q92636
Q08462,Substrate,Q08462
Q5T6J7,Substrate,Q5T6J7
Q9Y3B8,Substrate,Q9Y3B8
Q13291,Substrate,Q13291
Q8N9Q2,Substrate,Q8N9Q2
Q9C029,E3,Q9C029
Q9UI36,Substrate,Q9UI36
P14222,Substrate,P14222
O00165,Substrate,O00165
Q7Z7C8,Substrate,Q7Z7C8
Q8TBY8,Substrate,Q8TBY8
Q0P5N6,Substrate,Q0P5N6
Q86Y78,Substrate,Q86Y78
Q8N2K1,Substrate,Q8N2K1
Q5U4N7,Substrate,Q5U4N7
Q9NR34,Substrate,Q9NR34
Q6ZU45,Substrate,Q6ZU45
O14627,Substrate,O14627
P35713,Substrate,P35713
P0DXC3,Substrate,P0DXC3
Q9H4W6,Substrate,Q9H4W6
O14544,E3,O14544
Q6ZVN8,Substrate,Q6ZVN8
Q8N3Y1,E3,Q8N3Y1
Q96CS2,Substrate,Q96CS2
Q13572,Substrate,Q13572
A6NJ08,Substrate,A6NJ08
Q08J23,Substrate,Q08J23
Q16609,Substrate,Q16609
Q7Z7K0,Substrate,Q7Z7K0
A0A0B4J1Z2,Substrate,A0A0B4J1Z2
P04156,Substrate,P04156
Q9Y343,Substrate,Q9Y343
Q8TAZ6,Substrate,Q8TAZ6
P08637,Substrate,P08637
P0CW23,Substrate,P0CW23
P62269,Substrate,P62269
A0A0K0K1C4,Substrate,A0A0K0K1C4
Q8IZ16,Substrate,Q8IZ16
O94886,Substrate,O94886
Q9BT73,Substrate,Q9BT73
A6NI03,Substrate,A6NI03
Q5T2D3,Substrate,Q5T2D3
Q8WYR1,Substrate,Q8WYR1
P19021,Substrate,P19021
P02100,Substrate,P02100
O94941,E3,O94941
Q9HBW0,Substrate,Q9HBW0
Q8NGN4,Substrate,Q8NGN4
O95665,Substrate,O95665
P34130,Substrate,P34130
P52895,Substrate,P52895
O75347,Substrate,O75347
Q9NSA0,Substrate,Q9NSA0
Q8TDX6,Substrate,Q8TDX6
Q8N413,Substrate,Q8N413
Q9Y2L8,Substrate,Q9Y2L8
Q9HAK2,Substrate,Q9HAK2
Q99685,Substrate,Q99685
Q13470,Substrate,Q13470
Q86Y37,Substrate,Q86Y37
Q9Y305,Substrate,Q9Y305
Q92729,Substrate,Q92729
O76015,Substrate,O76015
P0DN86,Substrate,P0DN86
Q96RR1,Substrate,Q96RR1
P52429,Substrate,P52429
Q14028,Substrate,Q14028
Q9GZX5,Substrate,Q9GZX5
Q04695,Substrate,Q04695
Q6UWM7,Substrate,Q6UWM7
Q9BX68,Substrate,Q9BX68
Q8IUC8,Substrate,Q8IUC8
Q9Y3M2,Substrate,Q9Y3M2
Q8WW36,Substrate,Q8WW36
Q9UJX6,E3,Q9UJX6
Q9H773,Substrate,Q9H773
Q08830,Substrate,Q08830
Q6UWN8,Substrate,Q6UWN8
P11766,Substrate,P11766
Q96MG8,Substrate,Q96MG8
P51812,Substrate,P51812
Q49AM1,Substrate,Q49AM1
P24390,Substrate,P24390
Q9Y3E2,Substrate,Q9Y3E2
Q9UL45,Substrate,Q9UL45
Q96NS5,Substrate,Q96NS5
P05129,Substrate,P05129
Q8N1B3,Substrate,Q8N1B3
Q7Z5L7,Substrate,Q7Z5L7
Q96JC4,Substrate,Q96JC4
P78368,Substrate,P78368
Q9H2X8,Substrate,Q9H2X8
Q86WK6,Substrate,Q86WK6
Q6P1W5,Substrate,Q6P1W5
Q96A44,E3,Q96A44
Q12933,E3,Q12933
Q99607,Substrate,Q99607
Q9H3U7,Substrate,Q9H3U7
Q9BRQ0,Substrate,Q9BRQ0
Q09MP3,Substrate,Q09MP3
Q9Y5A9,Substrate,Q9Y5A9
P23409,Substrate,P23409
O75795,Substrate,O75795
Q14318,Substrate,Q14318
Q96P56,Substrate,Q96P56
Q9UNH6,Substrate,Q9UNH6
Q96F81,Substrate,Q96F81
Q96F24,Substrate,Q96F24
P24903,Substrate,P24903
P17936,Substrate,P17936
G3V0H7,Substrate,G3V0H7
Q92813,Substrate,Q92813
P32246,Substrate,P32246
O00418,Substrate,O00418
Q9NYJ7,Substrate,Q9NYJ7
Q14BN4,Substrate,Q14BN4
Q9NUN5,Substrate,Q9NUN5
P48788,Substrate,P48788
Q8N5X7,Substrate,Q8N5X7
Q05397,Substrate,Q05397
Q8IXK0,Substrate,Q8IXK0
Q6J9G0,Substrate,Q6J9G0
Q9NQ11,Substrate,Q9NQ11
Q9UK00,Substrate,Q9UK00
Q5TF39,Substrate,Q5TF39
Q9H0E2,Substrate,Q9H0E2
P78337,Substrate,P78337
Q460N3,Substrate,Q460N3
Q96M61,Substrate,Q96M61
Q08ER8,Substrate,Q08ER8
A6NEQ2,Substrate,A6NEQ2
D6RA61,Substrate,D6RA61
Q16539,Substrate,Q16539
Q8NBM4,Substrate,Q8NBM4
P0DOX5,Substrate,P0DOX5
A6NFC5,Substrate,A6NFC5
P35498,Substrate,P35498
Q8IVI9,Substrate,Q8IVI9
Q96DR4,Substrate,Q96DR4
L0R6Q1,Substrate,L0R6Q1
Q6P9H5,Substrate,Q6P9H5
P07197,Substrate,P07197
O14948,Substrate,O14948
P55318,Substrate,P55318
Q13045,Substrate,Q13045
Q8N5C6,Substrate,Q8N5C6
P0C851,Substrate,P0C851
O60813,Substrate,O60813
Q15599,Substrate,Q15599
I1YAP6,Substrate,I1YAP6
Q9BXL8,Substrate,Q9BXL8
Q8NH69,Substrate,Q8NH69
Q9NSE2,E3,Q9NSE2
Q9NYS7,Substrate,Q9NYS7
Q8TA94,Substrate,Q8TA94
Q5T870,Substrate,Q5T870
Q9Y5Y9,Substrate,Q9Y5Y9
Q92918,Substrate,Q92918
Q8TD08,Substrate,Q8TD08
Q8WVS4,Substrate,Q8WVS4
P42658,Substrate,P42658
Q6ZWE6,Substrate,Q6ZWE6
A0A0J9YX35,Substrate,A0A0J9YX35
Q9UBR4,Substrate,Q9UBR4
Q8NGK0,Substrate,Q8NGK0
Q96RR4,Substrate,Q96RR4
Q9UNL4,E3,Q9UNL4
Q8NHA6,Substrate,Q8NHA6
A0A024RBG1,Substrate,A0A024RBG1
Q562E7,Substrate,Q562E7
Q8NFJ8,Substrate,Q8NFJ8
Q99653,Substrate,Q99653
Q8NCN4,E3,Q8NCN4
P12644,Substrate,P12644
P98170,E3,P98170
Q9NT22,Substrate,Q9NT22
Q9NS28,Substrate,Q9NS28
Q15782,Substrate,Q15782
P08246,Substrate,P08246
P13647,Substrate,P13647
Q9BVC6,Substrate,Q9BVC6
P78423,Substrate,P78423
Q96HI0,Substrate,Q96HI0
Q6UW49,Substrate,Q6UW49
O15492,Substrate,O15492
P36957,Substrate,P36957
Q5VZ18,Substrate,Q5VZ18
A7E2F4,Substrate,A7E2F4
A5A3E0,Substrate,A5A3E0
Q92826,Substrate,Q92826
Q96SC8,Substrate,Q96SC8
Q6NWY9,Substrate,Q6NWY9
P08195,Substrate,P08195
Q9ULX3,Substrate,Q9ULX3
P06396,Substrate,P06396
P60174,Substrate,P60174
P05164,Substrate,P05164
Q8TF46,Substrate,Q8TF46
Q86SQ9,Substrate,Q86SQ9
Q8IZ26,Substrate,Q8IZ26
Q8TAF8,Substrate,Q8TAF8
O43482,Substrate,O43482
P59074,Substrate,P59074
Q8NHP1,Substrate,Q8NHP1
C9JCN9,Substrate,C9JCN9
Q68BL8,Substrate,Q68BL8
Q6WN34,Substrate,Q6WN34
P05106,Substrate,P05106
Q9NU19,Substrate,Q9NU19
Q9Y5B9,Substrate,Q9Y5B9
Q8IZ21,Substrate,Q8IZ21
Q9BQY6,Substrate,Q9BQY6
O15444,Substrate,O15444
O00443,Substrate,O00443
O95415,Substrate,O95415
Q9BWV7,Substrate,Q9BWV7
Q8IX15,Substrate,Q8IX15
O75128,Substrate,O75128
O95424,Substrate,O95424
A8MWK0,Substrate,A8MWK0
P52738,Substrate,P52738
Q9HBL6,Substrate,Q9HBL6
Q8IV53,Substrate,Q8IV53
P51668,Substrate,P51668
P0DMQ9,Substrate,P0DMQ9
Q8WTP9,Substrate,Q8WTP9
P30533,Substrate,P30533
Q9NWA0,Substrate,Q9NWA0
Q13636,Substrate,Q13636
P49675,Substrate,P49675
P39877,Substrate,P39877
A0A1B0GTB2,Substrate,A0A1B0GTB2
P38432,Substrate,P38432
P59998,Substrate,P59998
Q08334,Substrate,Q08334
Q03252,Substrate,Q03252
Q96PB7,Substrate,Q96PB7
Q8NEZ2,Substrate,Q8NEZ2
P11908,Substrate,P11908
G9CGD6,Substrate,G9CGD6
Q53ET0,Substrate,Q53ET0
Q5TD97,Substrate,Q5TD97
Q8NGI0,Substrate,Q8NGI0
P0DPI3,Substrate,P0DPI3
P0CG20,Substrate,P0CG20
Q9UQR0,Substrate,Q9UQR0
Q96R27,Substrate,Q96R27
Q01892,Substrate,Q01892
Q13231,Substrate,Q13231
Q9UBR5,Substrate,Q9UBR5
Q9BXK5,Substrate,Q9BXK5
O60285,Substrate,O60285
P05015,Substrate,P05015
A0A1B0GVQ3,Substrate,A0A1B0GVQ3
Q96GW7,Substrate,Q96GW7
Q8NES3,Substrate,Q8NES3
O75077,Substrate,O75077
Q96BZ8,Substrate,Q96BZ8
P53567,Substrate,P53567
P23946,Substrate,P23946
Q9BTA9,Substrate,Q9BTA9
Q9HB03,Substrate,Q9HB03
P09919,Substrate,P09919
Q9BYR4,Substrate,Q9BYR4
P48060,Substrate,P48060
Q2VY69,Substrate,Q2VY69
Q9BZJ3,Substrate,Q9BZJ3
Q9UFC0,Substrate,Q9UFC0
Q8N159,Substrate,Q8N159
Q96QB1,Substrate,Q96QB1
Q70EL2,Substrate,Q70EL2
Q9UHA2,Substrate,Q9UHA2
Q5JR12,Substrate,Q5JR12
Q9BU20,Substrate,Q9BU20
P18669,Substrate,P18669
Q8WVJ2,Substrate,Q8WVJ2
Q13607,Substrate,Q13607
P62879,Substrate,P62879
Q9ULJ6,Substrate,Q9ULJ6
Q15973,Substrate,Q15973
P35372,Substrate,P35372
Q01130,Substrate,Q01130
Q96ER3,Substrate,Q96ER3
P23588,Substrate,P23588
Q53GD3,Substrate,Q53GD3
A8MTL0,Substrate,A8MTL0
Q8N7U6,Substrate,Q8N7U6
P02786,Substrate,P02786
O95379,Substrate,O95379
A0A0B4J1V1,Substrate,A0A0B4J1V1
P20719,Substrate,P20719
Q8TDN4,Substrate,Q8TDN4
P25311,Substrate,P25311
Q9UN86,Substrate,Q9UN86
Q8NAX2,Substrate,Q8NAX2
O60486,Substrate,O60486
P10070,Substrate,P10070
O60704,Substrate,O60704
Q9P2P1,Substrate,Q9P2P1
Q9H1Z8,Substrate,Q9H1Z8
Q8IWZ8,Substrate,Q8IWZ8
P32019,Substrate,P32019
Q5VZM2,Substrate,Q5VZM2
A0A0B4J200,Substrate,A0A0B4J200
P55201,Substrate,P55201
Q15155,Substrate,Q15155
P35249,Substrate,P35249
Q969Q1,E3,Q969Q1
Q01546,Substrate,Q01546
P51508,Substrate,P51508
Q14993,Substrate,Q14993
Q9H0C8,Substrate,Q9H0C8
Q70EK8,Substrate,Q70EK8
Q7L2Z9,Substrate,Q7L2Z9
O95232,Substrate,O95232
Q13423,Substrate,Q13423
Q96NJ1,Substrate,Q96NJ1
P16050,Substrate,P16050
Q9NNX9,Substrate,Q9NNX9
P35503,Substrate,P35503
Q9NVC6,Substrate,Q9NVC6
Q8WXD5,Substrate,Q8WXD5
Q96MK3,Substrate,Q96MK3
Q8N131,Substrate,Q8N131
A0A584,Substrate,A0A584
A6NN73,Substrate,A6NN73
A3KN83,Substrate,A3KN83
Q9H8U3,Substrate,Q9H8U3
O75379,Substrate,O75379
Q9HD23,Substrate,Q9HD23
O43172,Substrate,O43172
Q5UCC4,Substrate,Q5UCC4
Q9BXJ9,Substrate,Q9BXJ9
Q9NQZ2,Substrate,Q9NQZ2
Q8N148,Substrate,Q8N148
A0A0J9YXY3,Substrate,A0A0J9YXY3
Q7L1S5,Substrate,Q7L1S5
Q9H4B6,Substrate,Q9H4B6
Q8WUF8,Substrate,Q8WUF8
Q15910,Substrate,Q15910
Q9H3H3,Substrate,Q9H3H3
O75306,Substrate,O75306
Q9H3M0,Substrate,Q9H3M0
Q9UPG8,Substrate,Q9UPG8
Q9H2J1,Substrate,Q9H2J1
Q8IZ41,Substrate,Q8IZ41
Q96GM8,Substrate,Q96GM8
Q9HBI0,Substrate,Q9HBI0
Q5T5B0,Substrate,Q5T5B0
Q99878,Substrate,Q99878
Q6P087,Substrate,Q6P087
P56182,Substrate,P56182
Q8WVV5,Substrate,Q8WVV5
Q6P1K2,Substrate,Q6P1K2
Q9H9H5,Substrate,Q9H9H5
Q13882,Substrate,Q13882
Q9BSB4,Substrate,Q9BSB4
Q9BXU1,Substrate,Q9BXU1
Q6ZQX7,Substrate,Q6ZQX7
O43283,Substrate,O43283
P48751,Substrate,P48751
Q96I34,Substrate,Q96I34
Q9H5U6,Substrate,Q9H5U6
P22392,Substrate,P22392
Q13606,Substrate,Q13606
P55774,Substrate,P55774
P02808,Substrate,P02808
O95343,Substrate,O95343
A6NMZ2,Substrate,A6NMZ2
Q8NA56,Substrate,Q8NA56
P08779,Substrate,P08779
A6NC05,Substrate,A6NC05
Q4ZIN3,Substrate,Q4ZIN3
Q9BYE0,Substrate,Q9BYE0
O15303,Substrate,O15303
P04181,Substrate,P04181
Q96JC1,Substrate,Q96JC1
O43561,Substrate,O43561
Q9BXD5,Substrate,Q9BXD5
Q7L3T8,Substrate,Q7L3T8
P63218,Substrate,P63218
P10321,Substrate,P10321
Q96M53,Substrate,Q96M53
P11279,Substrate,P11279
P82673,Substrate,P82673
Q5W0V3,Substrate,Q5W0V3
Q9H158,Substrate,Q9H158
P04234,Substrate,P04234
B2RXF0,Substrate,B2RXF0
Q8NB46,Substrate,Q8NB46
Q96PH6,Substrate,Q96PH6
O76093,Substrate,O76093
Q8WWN8,Substrate,Q8WWN8
Q92581,Substrate,Q92581
Q99719,Substrate,Q99719
P56539,Substrate,P56539
O14709,Substrate,O14709
Q15223,Substrate,Q15223
Q9UM54,Substrate,Q9UM54
Q86TB9,Substrate,Q86TB9
Q8NB16,Substrate,Q8NB16
Q96B96,Substrate,Q96B96
Q9HCB6,Substrate,Q9HCB6
A6H8Z2,Substrate,A6H8Z2
A6NDA9,Substrate,A6NDA9
P55786,Substrate,P55786
A0A1B0GTH9,Substrate,A0A1B0GTH9
Q13445,Substrate,Q13445
Q9UHV5,Substrate,Q9UHV5
Q9Y287,Substrate,Q9Y287
P35789,Substrate,P35789
Q6MZN7,Substrate,Q6MZN7
P80303,Substrate,P80303
Q5BLP8,Substrate,Q5BLP8
Q9NZI2,Substrate,Q9NZI2
Q6PIZ9,Substrate,Q6PIZ9
Q8N0V4,Substrate,Q8N0V4
Q9H1L0,Substrate,Q9H1L0
Q9UQF0,Substrate,Q9UQF0
H3BPF8,Substrate,H3BPF8
Q8N8L6,Substrate,Q8N8L6
Q9UI08,Substrate,Q9UI08
Q86T65,Substrate,Q86T65
Q5SY85,Substrate,Q5SY85
Q96IJ6,Substrate,Q96IJ6
Q9ULW2,Substrate,Q9ULW2
O00198,Substrate,O00198
P80192,Substrate,P80192
Q9BZF2,Substrate,Q9BZF2
P46597,Substrate,P46597
Q9NZI8,Substrate,Q9NZI8
P43320,Substrate,P43320
Q12805,Substrate,Q12805
Q53TN4,Substrate,Q53TN4
Q92519,E3,Q92519
A0A1W2PQC6,Substrate,A0A1W2PQC6
E9PJ23,Substrate,E9PJ23
Q15283,Substrate,Q15283
Q9UHR6,Substrate,Q9UHR6
O43189,Substrate,O43189
Q9H2Z4,Substrate,Q9H2Z4
Q6ZMV9,Substrate,Q6ZMV9
P01709,Substrate,P01709
Q9Y2K5,Substrate,Q9Y2K5
P49685,Substrate,P49685
A6NNE9,E3,A6NNE9
P05112,Substrate,P05112
O43301,Substrate,O43301
Q8NCJ5,Substrate,Q8NCJ5
Q2WGN9,Substrate,Q2WGN9
Q9NWF4,Substrate,Q9NWF4
P12273,Substrate,P12273
Q3SY77,Substrate,Q3SY77
P62917,Substrate,P62917
Q9Y483,Substrate,Q9Y483
P48048,Substrate,P48048
Q8WX93,Substrate,Q8WX93
P01137,Substrate,P01137
P55789,Substrate,P55789
P04406,Substrate,P04406
Q9NPB3,Substrate,Q9NPB3
F8WBI6,Substrate,F8WBI6
Q9P0T4,Substrate,Q9P0T4
A4D0V7,Substrate,A4D0V7
Q5T9C9,Substrate,Q5T9C9
Q2M3X9,Substrate,Q2M3X9
A0A1B0GW35,Substrate,A0A1B0GW35
Q8IYI0,Substrate,Q8IYI0
Q9H267,Substrate,Q9H267
Q9UPZ9,Substrate,Q9UPZ9
Q7Z3Z3,Substrate,Q7Z3Z3
Q96N21,Substrate,Q96N21
Q8IXW5,Substrate,Q8IXW5
Q8IYE1,Substrate,Q8IYE1
P29558,Substrate,P29558
C9JLJ4,Substrate,C9JLJ4
P49458,Substrate,P49458
P22309,Substrate,P22309
P06744,Substrate,P06744
Q9NYZ4,Substrate,Q9NYZ4
Q9Y2E5,Substrate,Q9Y2E5
A1L3X0,Substrate,A1L3X0
Q9BT49,Substrate,Q9BT49
Q1X8D7,Substrate,Q1X8D7
Q1W4C9,Substrate,Q1W4C9
Q9Y2Z0,Substrate,Q9Y2Z0
Q96HJ3,Substrate,Q96HJ3
O14579,Substrate,O14579
O75446,Substrate,O75446
O00716,Substrate,O00716
P08253,Substrate,P08253
Q8NHW4,Substrate,Q8NHW4
Q5T5A8,Substrate,Q5T5A8
O00541,Substrate,O00541
Q86UF2,Substrate,Q86UF2
Q13520,Substrate,Q13520
Q6PJE2,Substrate,Q6PJE2
Q14957,Substrate,Q14957
Q9BYF1,Substrate,Q9BYF1
Q5TEJ8,Substrate,Q5TEJ8
P0C866,Substrate,P0C866
P0DMQ5,Substrate,P0DMQ5
P0C2W7,Substrate,P0C2W7
P08962,Substrate,P08962
O95858,Substrate,O95858
P21583,E3,P21583
Q9NZ08,Substrate,Q9NZ08
Q14938,Substrate,Q14938
P04440,Substrate,P04440
Q9UBU2,Substrate,Q9UBU2
Q9NW38,E3,Q9NW38
P04083,Substrate,P04083
Q9HBI6,Substrate,Q9HBI6
Q99471,Substrate,Q99471
Q96A32,Substrate,Q96A32
P00734,Substrate,P00734
Q9H2U2,Substrate,Q9H2U2
Q96FX7,Substrate,Q96FX7
P42568,Substrate,P42568
Q8NGQ1,Substrate,Q8NGQ1
Q9BRH9,Substrate,Q9BRH9
Q9Y3B4,Substrate,Q9Y3B4
Q6ZVF9,Substrate,Q6ZVF9
Q8N8X9,Substrate,Q8N8X9
Q9H3U1,Substrate,Q9H3U1
Q8TB05,Substrate,Q8TB05
P25205,Substrate,P25205
Q9NTI5,Substrate,Q9NTI5
Q86WV5,Substrate,Q86WV5
Q6Y1H2,Substrate,Q6Y1H2
P62888,Substrate,P62888
Q9P1Z9,Substrate,Q9P1Z9
Q8NEW0,Substrate,Q8NEW0
Q9NUC0,Substrate,Q9NUC0
Q9Y3Q3,Substrate,Q9Y3Q3
P52799,Substrate,P52799
Q9UBR2,Substrate,Q9UBR2
Q3LI83,Substrate,Q3LI83
Q8WXB4,Substrate,Q8WXB4
Q6PID6,Substrate,Q6PID6
O95352,Substrate,O95352
Q7Z6G8,Substrate,Q7Z6G8
Q96NG3,Substrate,Q96NG3
Q96C03,Substrate,Q96C03
Q9Y2K1,Substrate,Q9Y2K1
Q8NGN2,Substrate,Q8NGN2
P78417,Substrate,P78417
Q96BK5,Substrate,Q96BK5
O94829,Substrate,O94829
Q96FI4,Substrate,Q96FI4
Q9BRD0,Substrate,Q9BRD0
Q8IVT5,Substrate,Q8IVT5
Q6L8G4,Substrate,Q6L8G4
P04180,Substrate,P04180
P78344,Substrate,P78344
Q13206,Substrate,Q13206
P36952,Substrate,P36952
Q9H8J5,Substrate,Q9H8J5
O75373,Substrate,O75373
P16389,Substrate,P16389
P41279,Substrate,P41279
O75879,Substrate,O75879
P84550,Substrate,P84550
Q9NZ45,Substrate,Q9NZ45
Q15759,Substrate,Q15759
Q9H307,Substrate,Q9H307
Q6T310,Substrate,Q6T310
P58170,Substrate,P58170
Q9BQ83,Substrate,Q9BQ83
Q9UFV1,Substrate,Q9UFV1
Q8TES7,Substrate,Q8TES7
P54368,Substrate,P54368
Q8N4P6,Substrate,Q8N4P6
P32856,Substrate,P32856
P31323,Substrate,P31323
Q02930,Substrate,Q02930
Q9BZ67,Substrate,Q9BZ67
Q5QGZ9,Substrate,Q5QGZ9
Q9NR45,Substrate,Q9NR45
P06858,Substrate,P06858
Q6ZT98,Substrate,Q6ZT98
Q9UGI8,Substrate,Q9UGI8
P56915,Substrate,P56915
Q8TF01,Substrate,Q8TF01
Q8WXI2,Substrate,Q8WXI2
Q9UPY3,Substrate,Q9UPY3
Q96S66,Substrate,Q96S66
Q9GZR2,Substrate,Q9GZR2
Q8N806,E3,Q8N806
Q8IVN3,Substrate,Q8IVN3
P16066,Substrate,P16066
P59923,Substrate,P59923
Q52M58,Substrate,Q52M58
Q8WYK2,Substrate,Q8WYK2
Q9NS98,Substrate,Q9NS98
Q8NHC8,Substrate,Q8NHC8
Q2M218,Substrate,Q2M218
Q86UT5,Substrate,Q86UT5
Q8N4P3,Substrate,Q8N4P3
Q6P9A2,Substrate,Q6P9A2
Q8N386,Substrate,Q8N386
Q13347,Substrate,Q13347
Q9H6D8,Substrate,Q9H6D8
Q14532,Substrate,Q14532
O95999,Substrate,O95999
Q96DU9,Substrate,Q96DU9
Q9BTV5,Substrate,Q9BTV5
Q6ZSS7,Substrate,Q6ZSS7
A8MVA2,Substrate,A8MVA2
Q8WV44,E3,Q8WV44
Q16739,Substrate,Q16739
Q4KMZ8,Substrate,Q4KMZ8
P33981,Substrate,P33981
P56537,Substrate,P56537
Q9BY19,Substrate,Q9BY19
Q9HB21,Substrate,Q9HB21
Q8NFW9,Substrate,Q8NFW9
Q674X7,Substrate,Q674X7
A6NCC3,Substrate,A6NCC3
Q9HCR9,Substrate,Q9HCR9
Q96MD2,Substrate,Q96MD2
Q99944,Substrate,Q99944
Q9Y5K3,Substrate,Q9Y5K3
Q701N2,Substrate,Q701N2
Q8IYL2,Substrate,Q8IYL2
Q9H246,Substrate,Q9H246
Q9H1B5,Substrate,Q9H1B5
Q6TDU7,Substrate,Q6TDU7
Q86XI2,Substrate,Q86XI2
Q6PK18,Substrate,Q6PK18
Q9P2L0,Substrate,Q9P2L0
Q9UM22,Substrate,Q9UM22
O95208,Substrate,O95208
O95460,Substrate,O95460
P81274,Substrate,P81274
Q9BS26,Substrate,Q9BS26
P19367,Substrate,P19367
Q9UGY1,Substrate,Q9UGY1
P30041,Substrate,P30041
Q8IYN6,Substrate,Q8IYN6
Q9H201,Substrate,Q9H201
Q16518,Substrate,Q16518
Q15077,Substrate,Q15077
Q9NST1,Substrate,Q9NST1
Q8N9P0,Substrate,Q8N9P0
Q92567,Substrate,Q92567
P84157,Substrate,P84157
P0DV74,Substrate,P0DV74
O75554,Substrate,O75554
Q99676,Substrate,Q99676
Q86Y29,Substrate,Q86Y29
Q8N434,Substrate,Q8N434
Q9BXY4,Substrate,Q9BXY4
Q6PHR2,Substrate,Q6PHR2
Q05D32,Substrate,Q05D32
Q9H3M9,Substrate,Q9H3M9
P48547,Substrate,P48547
Q92522,Substrate,Q92522
Q5T0T0,E3,Q5T0T0
Q8N823,Substrate,Q8N823
Q96DV4,Substrate,Q96DV4
O14949,Substrate,O14949
Q6NUI6,Substrate,Q6NUI6
P01033,Substrate,P01033
Q6ZN57,Substrate,Q6ZN57
O43542,Substrate,O43542
P02042,Substrate,P02042
A0A286YF77,Substrate,A0A286YF77
O95471,Substrate,O95471
Q9H3H9,Substrate,Q9H3H9
P20336,Substrate,P20336
O15160,Substrate,O15160
Q8IUE1,Substrate,Q8IUE1
Q9ULL5,Substrate,Q9ULL5
Q8NE71,Substrate,Q8NE71
O00712,Substrate,O00712
Q9H3T3,Substrate,Q9H3T3
Q9BT09,Substrate,Q9BT09
Q9UEE9,Substrate,Q9UEE9
Q8TCT8,Substrate,Q8TCT8
Q0VF96,Substrate,Q0VF96
Q9NRR1,Substrate,Q9NRR1
Q92922,Substrate,Q92922
Q9Y6H5,Substrate,Q9Y6H5
Q0D2H9,Substrate,Q0D2H9
A8MWA6,Substrate,A8MWA6
Q14656,Substrate,Q14656
P58062,Substrate,P58062
P49448,Substrate,P49448
P14921,Substrate,P14921
P36969,Substrate,P36969
C0HLZ6,Substrate,C0HLZ6
Q9Y4K4,Substrate,Q9Y4K4
P17813,Substrate,P17813
O15442,Substrate,O15442
P09211,Substrate,P09211
Q9HAH7,Substrate,Q9HAH7
P51813,Substrate,P51813
Q6IPU0,Substrate,Q6IPU0
A6ZKI3,Substrate,A6ZKI3
P13726,Substrate,P13726
Q9Y572,Substrate,Q9Y572
P46093,Substrate,P46093
Q96P64,Substrate,Q96P64
Q96JQ2,Substrate,Q96JQ2
Q6IEE8,Substrate,Q6IEE8
P40879,Substrate,P40879
Q8NCK3,Substrate,Q8NCK3
Q6PL18,Substrate,Q6PL18
Q6P1S2,Substrate,Q6P1S2
Q9BWT1,Substrate,Q9BWT1
P11049,Substrate,P11049
Q96HF1,Substrate,Q96HF1
O75381,Substrate,O75381
Q8IV20,Substrate,Q8IV20
O15042,Substrate,O15042
Q99697,Substrate,Q99697
Q6P988,Substrate,Q6P988
A6NN92,Substrate,A6NN92
P30414,Substrate,P30414
Q9NQW6,Substrate,Q9NQW6
Q9UND3,Substrate,Q9UND3
Q96R45,Substrate,Q96R45
Q9H0K4,Substrate,Q9H0K4
Q9BUU2,Substrate,Q9BUU2
Q5TZJ5,Substrate,Q5TZJ5
Q9BXB1,Substrate,Q9BXB1
Q96F45,Substrate,Q96F45
Q6UXH9,Substrate,Q6UXH9
Q9Y2P0,Substrate,Q9Y2P0
Q8NHZ7,Substrate,Q8NHZ7
P00709,Substrate,P00709
Q8N4W6,Substrate,Q8N4W6
P0C7P2,Substrate,P0C7P2
Q9Y314,E3,Q9Y314
Q6PIU1,Substrate,Q6PIU1
A6NER0,Substrate,A6NER0
Q9Y2M5,E3,Q9Y2M5
A6NIZ1,Substrate,A6NIZ1
Q8NGK9,Substrate,Q8NGK9
Q9H467,Substrate,Q9H467
Q9UPQ7,E3,Q9UPQ7
Q9UL41,Substrate,Q9UL41
Q96QF0,Substrate,Q96QF0
Q9H0U3,Substrate,Q9H0U3
A8MWX3,Substrate,A8MWX3
Q8N9V2,Substrate,Q8N9V2
Q16513,Substrate,Q16513
Q16643,Substrate,Q16643
Q9UHW9,Substrate,Q9UHW9
Q86WC4,E3,Q86WC4
Q9UBV7,Substrate,Q9UBV7
P0C6S8,Substrate,P0C6S8
Q6GPH6,Substrate,Q6GPH6
Q9H1C3,Substrate,Q9H1C3
Q92901,Substrate,Q92901
O00339,Substrate,O00339
P0CG41,Substrate,P0CG41
Q13522,Substrate,Q13522
Q9H8Y8,Substrate,Q9H8Y8
Q96N19,Substrate,Q96N19
P55197,Substrate,P55197
Q96S52,Substrate,Q96S52
Q9BXT2,Substrate,Q9BXT2
A8MXJ8,Substrate,A8MXJ8
Q9Y2N7,Substrate,Q9Y2N7
P28566,Substrate,P28566
P52735,Substrate,P52735
Q8IYF3,Substrate,Q8IYF3
Q13009,Substrate,Q13009
Q96QH2,Substrate,Q96QH2
Q96L92,Substrate,Q96L92
P61580,Substrate,P61580
Q8TBE1,Substrate,Q8TBE1
P50416,Substrate,P50416
A1L188,Substrate,A1L188
Q7RTT6,Substrate,Q7RTT6
P0DPK4,Substrate,P0DPK4
Q9UKQ2,Substrate,Q9UKQ2
O60861,Substrate,O60861
Q5HYN5,Substrate,Q5HYN5
Q9HBM6,Substrate,Q9HBM6
O95789,Substrate,O95789
Q7Z3Y9,Substrate,Q7Z3Y9
Q9Y2U8,Substrate,Q9Y2U8
A0A1B0GU33,Substrate,A0A1B0GU33
Q53TQ3,Substrate,Q53TQ3
Q15784,Substrate,Q15784
P0CJ75,Substrate,P0CJ75
P59827,Substrate,P59827
Q14201,Substrate,Q14201
Q9GZX3,Substrate,Q9GZX3
P0DN78,Substrate,P0DN78
Q8IUE0,Substrate,Q8IUE0
P50479,Substrate,P50479
Q9NYR8,Substrate,Q9NYR8
Q12889,Substrate,Q12889
A1L4Q6,Substrate,A1L4Q6
P63098,Substrate,P63098
Q9Y4Z2,Substrate,Q9Y4Z2
O43679,Substrate,O43679
Q9P0M6,Substrate,Q9P0M6
Q9H816,Substrate,Q9H816
Q6IQ21,Substrate,Q6IQ21
Q9UPZ3,Substrate,Q9UPZ3
Q13505,Substrate,Q13505
O00571,Substrate,O00571
P31645,Substrate,P31645
O00110,Substrate,O00110
Q9Y5C1,Substrate,Q9Y5C1
Q9NRD9,Substrate,Q9NRD9
Q8TD33,Substrate,Q8TD33
O95900,Substrate,O95900
Q8NGP3,Substrate,Q8NGP3
Q14774,Substrate,Q14774
Q13232,Substrate,Q13232
Q6PJG6,Substrate,Q6PJG6
Q8WVP5,Substrate,Q8WVP5
Q9Y388,Substrate,Q9Y388
O95759,Substrate,O95759
Q969J3,Substrate,Q969J3
Q14590,Substrate,Q14590
Q9H0Z9,Substrate,Q9H0Z9
A6NKC0,Substrate,A6NKC0
Q9NUE0,Substrate,Q9NUE0
Q7RTY5,Substrate,Q7RTY5
Q15822,Substrate,Q15822
P52272,Substrate,P52272
P07949,Substrate,P07949
Q8TE77,Substrate,Q8TE77
Q9H845,Substrate,Q9H845
Q96FL9,Substrate,Q96FL9
Q8N7Z2,Substrate,Q8N7Z2
Q9P2U7,Substrate,Q9P2U7
P54289,Substrate,P54289
P49755,Substrate,P49755
P49189,Substrate,P49189
Q9NXP7,Substrate,Q9NXP7
P52741,Substrate,P52741
Q9P0K8,Substrate,Q9P0K8
Q6P3V2,Substrate,Q6P3V2
P17066,Substrate,P17066
Q9H6X2,Substrate,Q9H6X2
Q8NCG5,Substrate,Q8NCG5
Q9H8V3,Substrate,Q9H8V3
Q6P2I3,Substrate,Q6P2I3
Q92558,Substrate,Q92558
A0A0G2JMD5,Substrate,A0A0G2JMD5
Q8N157,Substrate,Q8N157
Q86YT9,Substrate,Q86YT9
Q8N1F7,Substrate,Q8N1F7
F5H4A9,Substrate,F5H4A9
Q8NA03,Substrate,Q8NA03
Q15437,Substrate,Q15437
A6NHR9,Substrate,A6NHR9
P07307,Substrate,P07307
Q6IC98,Substrate,Q6IC98
Q99856,Substrate,Q99856
Q96D15,Substrate,Q96D15
Q8TB40,Substrate,Q8TB40
P31937,Substrate,P31937
Q96R84,Substrate,Q96R84
Q5T7N2,Substrate,Q5T7N2
Q9H4H8,Substrate,Q9H4H8
Q8NFJ9,Substrate,Q8NFJ9
Q6UUV7,Substrate,Q6UUV7
O95881,Substrate,O95881
A6NK75,Substrate,A6NK75
Q9BX69,Substrate,Q9BX69
Q9ULG3,Substrate,Q9ULG3
Q6P0N0,Substrate,Q6P0N0
Q96QF7,Substrate,Q96QF7
Q9Y3Q8,Substrate,Q9Y3Q8
Q9NVL1,Substrate,Q9NVL1
A6NEL2,Substrate,A6NEL2
Q9UIW2,Substrate,Q9UIW2
O43903,Substrate,O43903
P57789,Substrate,P57789
P06307,Substrate,P06307
Q8N0U2,Substrate,Q8N0U2
Q9NP92,Substrate,Q9NP92
Q01718,Substrate,Q01718
Q96SQ5,Substrate,Q96SQ5
Q9NPA1,Substrate,Q9NPA1
Q13075,Substrate,Q13075
Q13461,Substrate,Q13461
Q92730,Substrate,Q92730
Q9NSC7,Substrate,Q9NSC7
Q96CC6,Substrate,Q96CC6
Q7Z614,Substrate,Q7Z614
P29992,Substrate,P29992
Q96PN6,Substrate,Q96PN6
A6NDZ8,Substrate,A6NDZ8
Q6ZSI9,Substrate,Q6ZSI9
Q9HC97,Substrate,Q9HC97
Q92930,Substrate,Q92930
Q9UKY4,Substrate,Q9UKY4
Q8TBP0,Substrate,Q8TBP0
Q9BRF8,Substrate,Q9BRF8
Q5H9F3,Substrate,Q5H9F3
Q8NCR9,Substrate,Q8NCR9
P47928,Substrate,P47928
O75380,Substrate,O75380
Q6IF42,Substrate,Q6IF42
Q92934,Substrate,Q92934
Q5VXI9,Substrate,Q5VXI9
Q5SXM2,Substrate,Q5SXM2
Q8IYH5,Substrate,Q8IYH5
P19961,Substrate,P19961
A2RRD8,Substrate,A2RRD8
Q9NX62,Substrate,Q9NX62
P12814,Substrate,P12814
Q8NGS9,Substrate,Q8NGS9
Q7L523,Substrate,Q7L523
Q9Y462,Substrate,Q9Y462
O75586,Substrate,O75586
Q9NXR8,Substrate,Q9NXR8
Q96BF6,Substrate,Q96BF6
Q9H1Y0,Substrate,Q9H1Y0
Q6ZT12,E3,Q6ZT12
P62750,Substrate,P62750
Q8N815,Substrate,Q8N815
Q86V42,Substrate,Q86V42
O00408,Substrate,O00408
Q9BRP8,Substrate,Q9BRP8
O15056,Substrate,O15056
Q96AC1,Substrate,Q96AC1
Q8NGD1,Substrate,Q8NGD1
Q17RF5,Substrate,Q17RF5
A0A0K0K1E9,Substrate,A0A0K0K1E9
P04264,Substrate,P04264
P21506,Substrate,P21506
Q9UBS4,Substrate,Q9UBS4
Q6P1M0,Substrate,Q6P1M0
A1L3X4,Substrate,A1L3X4
Q96MY1,Substrate,Q96MY1
O75569,Substrate,O75569
Q8WYQ4,Substrate,Q8WYQ4
Q02297,Substrate,Q02297
Q9UI14,Substrate,Q9UI14
P40200,Substrate,P40200
Q5SRE5,Substrate,Q5SRE5
Q8TAD4,Substrate,Q8TAD4
A8MVX0,Substrate,A8MVX0
Q7Z572,Substrate,Q7Z572
P02462,Substrate,P02462
P41181,Substrate,P41181
Q96CX6,Substrate,Q96CX6
O95859,Substrate,O95859
Q9Y337,Substrate,Q9Y337
Q68EA5,Substrate,Q68EA5
Q9UPR5,Substrate,Q9UPR5
O14983,Substrate,O14983
Q8N9H8,Substrate,Q8N9H8
Q0D2J5,Substrate,Q0D2J5
Q96ST8,Substrate,Q96ST8
Q08499,Substrate,Q08499
Q9NR11,Substrate,Q9NR11
P0C7X2,Substrate,P0C7X2
Q7Z6G3,Substrate,Q7Z6G3
A0A075B6L6,Substrate,A0A075B6L6
Q7Z5J8,Substrate,Q7Z5J8
Q13951,Substrate,Q13951
Q9Y6Q3,Substrate,Q9Y6Q3
Q8NHH9,Substrate,Q8NHH9
Q9NXB0,Substrate,Q9NXB0
Q5HYJ3,Substrate,Q5HYJ3
Q86TS9,Substrate,Q86TS9
A1A5D9,Substrate,A1A5D9
P47710,Substrate,P47710
O94827,Substrate,O94827
Q15735,Substrate,Q15735
Q15119,Substrate,Q15119
Q13393,Substrate,Q13393
P13232,Substrate,P13232
P0CK97,Substrate,P0CK97
O75312,Substrate,O75312
Q8TBB1,E3,Q8TBB1
Q9BQN1,Substrate,Q9BQN1
Q7Z403,Substrate,Q7Z403
Q9UHT4,Substrate,Q9UHT4
Q9BRR6,Substrate,Q9BRR6
Q9NX07,Substrate,Q9NX07
P61916,Substrate,P61916
P26371,Substrate,P26371
A6NNL0,Substrate,A6NNL0
P51522,Substrate,P51522
Q68DI1,Substrate,Q68DI1
A6NFA1,Substrate,A6NFA1
Q96G97,Substrate,Q96G97
P49888,Substrate,P49888
P58872,Substrate,P58872
P0DPA3,Substrate,P0DPA3
Q9C0B7,Substrate,Q9C0B7
P98175,Substrate,P98175
Q9P1T7,Substrate,Q9P1T7
Q8NHY0,Substrate,Q8NHY0
Q8TE76,Substrate,Q8TE76
Q8IY47,Substrate,Q8IY47
A6NDG6,Substrate,A6NDG6
Q969P0,Substrate,Q969P0
Q9BUV8,Substrate,Q9BUV8
Q6U841,Substrate,Q6U841
Q8N349,Substrate,Q8N349
O43808,Substrate,O43808
Q9BXB5,Substrate,Q9BXB5
O14920,Substrate,O14920
P56557,Substrate,P56557
Q8IXS2,Substrate,Q8IXS2
Q8TCE9,Substrate,Q8TCE9
I3L1E1,Substrate,I3L1E1
P19174,Substrate,P19174
Q8WTX7,Substrate,Q8WTX7
Q96MP8,Substrate,Q96MP8
Q86TJ2,Substrate,Q86TJ2
Q9BZF1,Substrate,Q9BZF1
A0A0A0MS04,Substrate,A0A0A0MS04
P20396,Substrate,P20396
P10275,Substrate,P10275
Q16623,Substrate,Q16623
Q7Z4L5,Substrate,Q7Z4L5
P20226,Substrate,P20226
Q8N4F4,Substrate,Q8N4F4
Q8WY22,Substrate,Q8WY22
Q07108,Substrate,Q07108
P30281,Substrate,P30281
P56945,Substrate,P56945
Q9H0V1,Substrate,Q9H0V1
Q86U17,Substrate,Q86U17
Q2TBC4,Substrate,Q2TBC4
P0C7I0,Substrate,P0C7I0
P84095,Substrate,P84095
Q8NGF7,Substrate,Q8NGF7
Q96S21,E3,Q96S21
P24723,Substrate,P24723
Q96LM6,Substrate,Q96LM6
A0A0C4DH69,Substrate,A0A0C4DH69
Q5TC63,Substrate,Q5TC63
Q9BQ90,E3,Q9BQ90
Q9Y264,Substrate,Q9Y264
A0A1W2PR95,Substrate,A0A1W2PR95
P49683,Substrate,P49683
Q9BS91,Substrate,Q9BS91
Q495A1,Substrate,Q495A1
Q8TAS1,Substrate,Q8TAS1
P50895,Substrate,P50895
P35663,Substrate,P35663
A4D161,Substrate,A4D161
Q9UBB6,Substrate,Q9UBB6
Q9UK76,Substrate,Q9UK76
Q9P0S9,Substrate,Q9P0S9
Q8IYX1,Substrate,Q8IYX1
Q8N1N0,Substrate,Q8N1N0
P82909,Substrate,P82909
Q9UL17,Substrate,Q9UL17
P61970,Substrate,P61970
Q8N801,Substrate,Q8N801
P51151,Substrate,P51151
Q9H497,Substrate,Q9H497
P0DKV0,Substrate,P0DKV0
A6NFY7,Substrate,A6NFY7
Q9ULI2,Substrate,Q9ULI2
P09769,Substrate,P09769
Q9BQ24,Substrate,Q9BQ24
P40617,Substrate,P40617
Q96G04,Substrate,Q96G04
D6RBM5,Substrate,D6RBM5
P47985,Substrate,P47985
Q92966,Substrate,Q92966
Q8NG85,Substrate,Q8NG85
Q9Y620,Substrate,Q9Y620
P78543,Substrate,P78543
Q9NVH2,Substrate,Q9NVH2
Q8NFN8,Substrate,Q8NFN8
Q9NP72,Substrate,Q9NP72
P58753,Substrate,P58753
Q96FB5,Substrate,Q96FB5
P03886,Substrate,P03886
Q9NRF9,Substrate,Q9NRF9
Q9P2F9,Substrate,Q9P2F9
O95995,Substrate,O95995
Q8N8U3,Substrate,Q8N8U3
Q14526,Substrate,Q14526
Q9NQL2,Substrate,Q9NQL2
Q58FF6,Substrate,Q58FF6
A6NCS6,Substrate,A6NCS6
Q6IQ22,Substrate,Q6IQ22
P19012,Substrate,P19012
Q6ZMB0,Substrate,Q6ZMB0
O14832,Substrate,O14832
P80294,Substrate,P80294
Q9GZM5,Substrate,Q9GZM5
Q14247,Substrate,Q14247
A0A576,Substrate,A0A576
O95025,Substrate,O95025
Q0VDD5,Substrate,Q0VDD5
O14628,Substrate,O14628
Q9P0J6,Substrate,Q9P0J6
P0C854,Substrate,P0C854
Q9Y303,Substrate,Q9Y303
K9M1U5,Substrate,K9M1U5
Q14244,Substrate,Q14244
Q8IXM2,Substrate,Q8IXM2
Q9NV39,Substrate,Q9NV39
Q71RC9,Substrate,Q71RC9
Q3MII6,Substrate,Q3MII6
Q9Y3I1,E3,Q9Y3I1
P01615,Substrate,P01615
Q9NXG2,Substrate,Q9NXG2
Q9HAV5,Substrate,Q9HAV5
Q6U949,Substrate,Q6U949
P16860,Substrate,P16860
Q96SK2,Substrate,Q96SK2
A8MTI9,Substrate,A8MTI9
Q8IYU4,Substrate,Q8IYU4
Q96MD7,Substrate,Q96MD7
Q7Z2W9,Substrate,Q7Z2W9
P11308,Substrate,P11308
P54296,Substrate,P54296
Q9Y587,Substrate,Q9Y587
P53367,Substrate,P53367
P36544,Substrate,P36544
Q8N0Z6,Substrate,Q8N0Z6
Q8N0S2,Substrate,Q8N0S2
Q13442,Substrate,Q13442
Q8TF45,Substrate,Q8TF45
Q9Y6N9,Substrate,Q9Y6N9
Q86Y82,Substrate,Q86Y82
A8MQ03,Substrate,A8MQ03
Q9P0V3,Substrate,Q9P0V3
Q8IUG1,Substrate,Q8IUG1
Q96QT4,Substrate,Q96QT4
Q9ULZ9,Substrate,Q9ULZ9
Q9HCI6,Substrate,Q9HCI6
O94913,Substrate,O94913
Q8N628,Substrate,Q8N628
O15446,Substrate,O15446
Q9BPY8,Substrate,Q9BPY8
A6NE82,Substrate,A6NE82
Q96FJ0,Substrate,Q96FJ0
Q96LM9,Substrate,Q96LM9
P22894,Substrate,P22894
Q9NR96,Substrate,Q9NR96
Q6L8G8,Substrate,Q6L8G8
Q8NH73,Substrate,Q8NH73
Q8NHH1,Substrate,Q8NHH1
Q9BVM4,Substrate,Q9BVM4
Q8TE04,Substrate,Q8TE04
Q7L9L4,Substrate,Q7L9L4
O75791,Substrate,O75791
P14923,Substrate,P14923
Q16281,Substrate,Q16281
Q9H2X3,Substrate,Q9H2X3
A6NJ64,Substrate,A6NJ64
Q96IW7,Substrate,Q96IW7
O94805,Substrate,O94805
Q8NE63,Substrate,Q8NE63
Q9NQX6,Substrate,Q9NQX6
Q06730,Substrate,Q06730
P50570,Substrate,P50570
Q8IZD2,Substrate,Q8IZD2
P00491,Substrate,P00491
P11684,Substrate,P11684
Q9NZS9,E3,Q9NZS9
Q6Y2X3,Substrate,Q6Y2X3
Q9UIC8,Substrate,Q9UIC8
Q5T440,Substrate,Q5T440
Q8N682,Substrate,Q8N682
Q9BY67,Substrate,Q9BY67
H3BSY2,Substrate,H3BSY2
Q5TYX0,Substrate,Q5TYX0
Q06732,Substrate,Q06732
Q8NB25,Substrate,Q8NB25
Q9UJJ7,Substrate,Q9UJJ7
P14927,Substrate,P14927
P52198,Substrate,P52198
Q8TDT2,Substrate,Q8TDT2
Q5HYI8,Substrate,Q5HYI8
A4D2G3,Substrate,A4D2G3
Q9H2F5,Substrate,Q9H2F5
Q9P209,Substrate,Q9P209
A8MYB1,Substrate,A8MYB1
Q9BQ67,Substrate,Q9BQ67
Q15620,Substrate,Q15620
Q6ZVX9,Substrate,Q6ZVX9
Q9Y5G8,Substrate,Q9Y5G8
O60603,Substrate,O60603
A6NF36,Substrate,A6NF36
Q9Y450,Substrate,Q9Y450
Q4V326,Substrate,Q4V326
A0A075B6I1,Substrate,A0A075B6I1
A7MCY6,Substrate,A7MCY6
Q07001,Substrate,Q07001
Q9Y216,Substrate,Q9Y216
P13010,Substrate,P13010
O60238,Substrate,O60238
O14559,Substrate,O14559
Q9NYL9,Substrate,Q9NYL9
Q92953,Substrate,Q92953
Q6ZVH7,Substrate,Q6ZVH7
U3KPV4,Substrate,U3KPV4
Q9UQF2,Substrate,Q9UQF2
Q5T4B2,Substrate,Q5T4B2
Q8NGI1,Substrate,Q8NGI1
O95926,Substrate,O95926
P12931,Substrate,P12931
Q8NB78,Substrate,Q8NB78
P32245,Substrate,P32245
Q92954,Substrate,Q92954
Q13796,Substrate,Q13796
P09471,Substrate,P09471
O15146,Substrate,O15146
Q9UNE2,Substrate,Q9UNE2
Q8NDT2,Substrate,Q8NDT2
O15232,Substrate,O15232
Q93052,Substrate,Q93052
A8MYU2,Substrate,A8MYU2
Q5T481,Substrate,Q5T481
Q13506,Substrate,Q13506
Q3ZCQ8,Substrate,Q3ZCQ8
A0A0B4J248,Substrate,A0A0B4J248
P55209,Substrate,P55209
Q9Y6X2,Substrate,Q9Y6X2
Q8WV22,E3,Q8WV22
P49765,Substrate,P49765
P01213,Substrate,P01213
Q8NCP5,Substrate,Q8NCP5
Q7Z4K8,E3,Q7Z4K8
Q96BH1,E3,Q96BH1
P46094,Substrate,P46094
P62979,Substrate,P62979
Q9NP98,Substrate,Q9NP98
B1AL88,Substrate,B1AL88
Q9Y6J6,Substrate,Q9Y6J6
Q9BYV9,Substrate,Q9BYV9
Q9NVV0,Substrate,Q9NVV0
Q9C0I9,Substrate,Q9C0I9
Q9P2F5,Substrate,Q9P2F5
O95801,Substrate,O95801
P52742,Substrate,P52742
P48454,Substrate,P48454
Q9UGF5,Substrate,Q9UGF5
O43678,Substrate,O43678
Q8WUJ1,Substrate,Q8WUJ1
Q12931,Substrate,Q12931
Q8N8Q8,Substrate,Q8N8Q8
Q9UER7,Substrate,Q9UER7
P02775,Substrate,P02775
Q9BY71,Substrate,Q9BY71
Q9BPX7,Substrate,Q9BPX7
Q96CK0,Substrate,Q96CK0
Q9Y5P3,Substrate,Q9Y5P3
Q01415,Substrate,Q01415
Q7Z695,Substrate,Q7Z695
P30519,Substrate,P30519
P0DV60,Substrate,P0DV60
H3BU77,Substrate,H3BU77
Q7Z494,Substrate,Q7Z494
B3GLJ2,Substrate,B3GLJ2
Q5T5F5,Substrate,Q5T5F5
P53602,Substrate,P53602
Q14CN2,Substrate,Q14CN2
Q8N271,Substrate,Q8N271
Q9UNU6,Substrate,Q9UNU6
Q9UBX0,Substrate,Q9UBX0
Q5VT25,Substrate,Q5VT25
P61764,Substrate,P61764
Q86WA8,Substrate,Q86WA8
Q99578,Substrate,Q99578
Q99490,Substrate,Q99490
Q9NRP4,Substrate,Q9NRP4
Q5NUL3,Substrate,Q5NUL3
Q13127,Substrate,Q13127
O60760,Substrate,O60760
Q9BQ89,Substrate,Q9BQ89
P24468,Substrate,P24468
A0A1B0GV03,Substrate,A0A1B0GV03
A6NC98,Substrate,A6NC98
A0A0J9YY54,Substrate,A0A0J9YY54
Q68CJ6,Substrate,Q68CJ6
Q9GZX6,Substrate,Q9GZX6
P62685,Substrate,P62685
P78396,Substrate,P78396
P53384,Substrate,P53384
Q64ET8,Substrate,Q64ET8
Q6P0A1,Substrate,Q6P0A1
B2RD01,Substrate,B2RD01
Q9P2N6,Substrate,Q9P2N6
Q8TF05,Substrate,Q8TF05
Q5XUX1,Substrate,Q5XUX1
Q8TBB5,Substrate,Q8TBB5
Q30KR1,Substrate,Q30KR1
Q6ZN01,Substrate,Q6ZN01
P50221,Substrate,P50221
Q86XF7,Substrate,Q86XF7
Q8WXD0,Substrate,Q8WXD0
O60333,Substrate,O60333
Q8IZP6,Substrate,Q8IZP6
P43007,Substrate,P43007
Q9NXV2,E3,Q9NXV2
P05305,Substrate,P05305
Q5W041,Substrate,Q5W041
Q9Y2Y0,Substrate,Q9Y2Y0
P23142,Substrate,P23142
Q8TDU6,Substrate,Q8TDU6
P36537,Substrate,P36537
P40429,Substrate,P40429
Q7L311,Substrate,Q7L311
P05023,Substrate,P05023
Q9NX47,E3,Q9NX47
Q9HAV4,Substrate,Q9HAV4
P0DMR2,Substrate,P0DMR2
Q9UJG1,Substrate,Q9UJG1
P17041,Substrate,P17041
P34969,Substrate,P34969
Q8N7C0,Substrate,Q8N7C0
A6NCI4,Substrate,A6NCI4
Q15109,Substrate,Q15109
A0A1B0GX49,Substrate,A0A1B0GX49
Q99593,Substrate,Q99593
Q9H5Z6,Substrate,Q9H5Z6
P23193,Substrate,P23193
Q9Y277,Substrate,Q9Y277
O14867,Substrate,O14867
Q96KN1,Substrate,Q96KN1
O75154,Substrate,O75154
Q9Y6T7,Substrate,Q9Y6T7
Q99489,Substrate,Q99489
Q9BZ97,Substrate,Q9BZ97
Q9UEE5,Substrate,Q9UEE5
Q8IVP5,Substrate,Q8IVP5
Q9Y6S9,Substrate,Q9Y6S9
Q86U28,Substrate,Q86U28
O95628,E3,O95628
Q9Y4P8,Substrate,Q9Y4P8
Q8IXX5,Substrate,Q8IXX5
Q96ED9,Substrate,Q96ED9
Q5T2D2,Substrate,Q5T2D2
E9PRG8,Substrate,E9PRG8
Q9H871,Substrate,Q9H871
P47872,Substrate,P47872
P53667,Substrate,P53667
Q16890,Substrate,Q16890
O95139,Substrate,O95139
Q7Z7M9,Substrate,Q7Z7M9
Q7Z3B4,Substrate,Q7Z3B4
P00797,Substrate,P00797
Q96RU7,E3,Q96RU7
Q9H7F4,Substrate,Q9H7F4
B1AKI9,Substrate,B1AKI9
Q7L2R6,Substrate,Q7L2R6
Q9H8G2,Substrate,Q9H8G2
Q9H2J4,Substrate,Q9H2J4
O95782,Substrate,O95782
Q9H063,Substrate,Q9H063
Q8N8M0,Substrate,Q8N8M0
Q5U5R9,E3,Q5U5R9
Q53GI3,Substrate,Q53GI3
P17568,Substrate,P17568
Q3B820,Substrate,Q3B820
P35557,Substrate,P35557
P62341,Substrate,P62341
P49427,E3,P49427
Q8N0Z2,Substrate,Q8N0Z2
Q8N0U6,Substrate,Q8N0U6
Q13422,Substrate,Q13422
Q14952,Substrate,Q14952
Q6UWE0,E3,Q6UWE0
O00409,Substrate,O00409
Q6ZPD9,Substrate,Q6ZPD9
Q7Z7H3,Substrate,Q7Z7H3
Q5T035,Substrate,Q5T035
Q8N511,Substrate,Q8N511
A8MWD9,Substrate,A8MWD9
Q96AQ7,Substrate,Q96AQ7
P06727,Substrate,P06727
Q9BRS2,Substrate,Q9BRS2
A6NJL1,Substrate,A6NJL1
Q8NBK3,Substrate,Q8NBK3
Q9Y255,Substrate,Q9Y255
P22749,Substrate,P22749
Q9UI25,Substrate,Q9UI25
Q8N8Z8,Substrate,Q8N8Z8
Q5JV73,Substrate,Q5JV73
Q3LHN0,Substrate,Q3LHN0
Q0D2K0,Substrate,Q0D2K0
Q8NGB6,Substrate,Q8NGB6
O60678,Substrate,O60678
O60437,Substrate,O60437
Q9H0C5,E3,Q9H0C5
Q8N9V3,Substrate,Q8N9V3
C9JVI0,Substrate,C9JVI0
O43432,Substrate,O43432
Q92753,Substrate,Q92753
P02766,Substrate,P02766
Q01449,Substrate,Q01449
Q8IZT8,Substrate,Q8IZT8
Q96CJ1,Substrate,Q96CJ1
O43741,Substrate,O43741
P02746,Substrate,P02746
P50548,Substrate,P50548
Q06187,Substrate,Q06187
P98187,Substrate,P98187
Q5JSQ8,Substrate,Q5JSQ8
Q8IZF0,Substrate,Q8IZF0
Q5GAN3,Substrate,Q5GAN3
P0DMB1,Substrate,P0DMB1
Q68CQ4,Substrate,Q68CQ4
Q68CR1,Substrate,Q68CR1
Q5JSH3,Substrate,Q5JSH3
P52209,Substrate,P52209
Q8TAA5,Substrate,Q8TAA5
Q6ZN08,Substrate,Q6ZN08
Q6DRA6,Substrate,Q6DRA6
Q9P243,Substrate,Q9P243
Q9NWR8,Substrate,Q9NWR8
Q8WXD2,Substrate,Q8WXD2
Q8NGT0,Substrate,Q8NGT0
Q9BW04,Substrate,Q9BW04
Q9P2X7,Substrate,Q9P2X7
Q9ULR5,Substrate,Q9ULR5
Q9UBQ7,Substrate,Q9UBQ7
P19113,Substrate,P19113
Q15382,Substrate,Q15382
Q66K41,Substrate,Q66K41
Q9Y5P8,Substrate,Q9Y5P8
P08754,Substrate,P08754
O95427,Substrate,O95427
Q66LE6,Substrate,Q66LE6
Q5T0L3,Substrate,Q5T0L3
Q13642,Substrate,Q13642
P55103,Substrate,P55103
P62280,Substrate,P62280
P0DPQ3,Substrate,P0DPQ3
Q9NY12,Substrate,Q9NY12
Q9Y6F1,Substrate,Q9Y6F1
Q99729,Substrate,Q99729
P47944,Substrate,P47944
Q6NVH7,Substrate,Q6NVH7
Q16099,Substrate,Q16099
Q7Z3Z2,Substrate,Q7Z3Z2
Q96PC2,Substrate,Q96PC2
O14828,Substrate,O14828
P41091,Substrate,P41091
Q15399,Substrate,Q15399
P04818,Substrate,P04818
Q9NQT5,Substrate,Q9NQT5
P14625,Substrate,P14625
Q9BWL3,Substrate,Q9BWL3
P63000,Substrate,P63000
O14905,Substrate,O14905
Q8TEU7,Substrate,Q8TEU7
Q7Z7B7,Substrate,Q7Z7B7
Q8IVS2,Substrate,Q8IVS2
Q9ULE3,Substrate,Q9ULE3
O15116,Substrate,O15116
P23508,Substrate,P23508
Q5R3I4,Substrate,Q5R3I4
P48146,Substrate,P48146
O14543,E3,O14543
Q9HCN2,Substrate,Q9HCN2
P00736,Substrate,P00736
Q6NXT4,Substrate,Q6NXT4
P01189,Substrate,P01189
P04350,Substrate,P04350
P50395,Substrate,P50395
O95819,Substrate,O95819
Q6ZP82,Substrate,Q6ZP82
Q8TA86,Substrate,Q8TA86
P60568,Substrate,P60568
Q9Y251,Substrate,Q9Y251
P30874,Substrate,P30874
Q04609,Substrate,Q04609
Q15828,Substrate,Q15828
Q6VVB1,E3,Q6VVB1
P10412,Substrate,P10412
Q9C0K7,Substrate,Q9C0K7
Q9BWQ8,Substrate,Q9BWQ8
Q9HB20,Substrate,Q9HB20
Q9BR77,Substrate,Q9BR77
A0A087X179,Substrate,A0A087X179
A0JP26,Substrate,A0JP26
P00751,Substrate,P00751
P06737,Substrate,P06737
P84090,Substrate,P84090
P09430,Substrate,P09430
P49639,Substrate,P49639
P19013,Substrate,P19013
Q9UI12,Substrate,Q9UI12
Q9Y676,Substrate,Q9Y676
O43396,Substrate,O43396
Q6P1L6,Substrate,Q6P1L6
Q8NBF2,Substrate,Q8NBF2
Q8NI28,Substrate,Q8NI28
P30530,Substrate,P30530
Q9NQF3,Substrate,Q9NQF3
P18564,Substrate,P18564
A6NIX2,Substrate,A6NIX2
Q8N5A5,Substrate,Q8N5A5
Q6ZMS7,Substrate,Q6ZMS7
Q9P1Z0,Substrate,Q9P1Z0
Q9UKV0,Substrate,Q9UKV0
Q9H1V8,Substrate,Q9H1V8
P07196,Substrate,P07196
Q9H344,Substrate,Q9H344
Q9C0C9,E3,Q9C0C9
Q5T7M9,Substrate,Q5T7M9
Q8NEB7,Substrate,Q8NEB7
Q9H244,Substrate,Q9H244
P55017,Substrate,P55017
Q9BWP8,Substrate,Q9BWP8
Q9NX09,Substrate,Q9NX09
Q8WWL2,Substrate,Q8WWL2
Q96D21,Substrate,Q96D21
Q9NRS6,Substrate,Q9NRS6
O00311,Substrate,O00311
O60547,Substrate,O60547
Q8WY54,Substrate,Q8WY54
P36873,Substrate,P36873
Q96L94,Substrate,Q96L94
Q5T280,Substrate,Q5T280
O75069,Substrate,O75069
Q9BZM3,Substrate,Q9BZM3
Q9H400,Substrate,Q9H400
P31276,Substrate,P31276
P35348,Substrate,P35348
Q96S82,Substrate,Q96S82
O75631,Substrate,O75631
Q8NGV0,Substrate,Q8NGV0
Q8N4Q1,Substrate,Q8N4Q1
P52756,Substrate,P52756
Q8N961,Substrate,Q8N961
Q9UKI3,Substrate,Q9UKI3
P15311,Substrate,P15311
P49759,Substrate,P49759
A6NCS4,Substrate,A6NCS4
Q8NGR8,Substrate,Q8NGR8
Q03721,Substrate,Q03721
Q6UW78,Substrate,Q6UW78
O94973,Substrate,O94973
Q9NX38,Substrate,Q9NX38
O15294,Substrate,O15294
Q13296,Substrate,Q13296
O14683,Substrate,O14683
P17020,Substrate,P17020
Q9BWT6,Substrate,Q9BWT6
P08173,Substrate,P08173
P04839,Substrate,P04839
Q9HBX9,Substrate,Q9HBX9
Q96EY7,Substrate,Q96EY7
Q8N3R3,Substrate,Q8N3R3
P57796,Substrate,P57796
Q96S90,Substrate,Q96S90
P18405,Substrate,P18405
Q9H223,Substrate,Q9H223
P50461,Substrate,P50461
Q8IZ20,Substrate,Q8IZ20
Q9HC62,Substrate,Q9HC62
Q12774,Substrate,Q12774
Q9NZC2,Substrate,Q9NZC2
Q6ZSR6,Substrate,Q6ZSR6
Q99558,Substrate,Q99558
P04066,Substrate,P04066
P28827,Substrate,P28827
Q8IU99,Substrate,Q8IU99
Q5SZJ8,Substrate,Q5SZJ8
Q96JB5,Substrate,Q96JB5
E5RG02,Substrate,E5RG02
P34972,Substrate,P34972
P01036,Substrate,P01036
Q06136,Substrate,Q06136
O15060,Substrate,O15060
Q6IA86,Substrate,Q6IA86
P53779,Substrate,P53779
O94910,Substrate,O94910
Q16773,Substrate,Q16773
A0A087WXS9,Substrate,A0A087WXS9
Q9UPE1,Substrate,Q9UPE1
P08887,Substrate,P08887
P58181,Substrate,P58181
Q8WXH6,Substrate,Q8WXH6
P35251,Substrate,P35251
A7MBM2,Substrate,A7MBM2
Q14584,Substrate,Q14584
P35858,Substrate,P35858
P0CF97,Substrate,P0CF97
A0A075B6P5,Substrate,A0A075B6P5
Q8WTX9,Substrate,Q8WTX9
Q96N22,Substrate,Q96N22
P60321,Substrate,P60321
Q8WXQ3,Substrate,Q8WXQ3
P11215,Substrate,P11215
A0A8V8TPE2,Substrate,A0A8V8TPE2
Q13467,Substrate,Q13467
Q9Y5L4,Substrate,Q9Y5L4
Q7Z5L9,Substrate,Q7Z5L9
Q9UMX0,Substrate,Q9UMX0
P46781,Substrate,P46781
P48509,Substrate,P48509
P30203,Substrate,P30203
O60669,Substrate,O60669
Q9H160,Substrate,Q9H160
O60243,Substrate,O60243
O94993,Substrate,O94993
Q5TGU0,Substrate,Q5TGU0
A6NKF2,Substrate,A6NKF2
P50552,Substrate,P50552
Q6UWI4,Substrate,Q6UWI4
Q8TBX8,Substrate,Q8TBX8
Q7Z7L8,Substrate,Q7Z7L8
P78333,Substrate,P78333
Q9UGV2,Substrate,Q9UGV2
Q8TE67,E3,Q8TE67
P36578,Substrate,P36578
Q9H808,Substrate,Q9H808
Q96A58,Substrate,Q96A58
P17024,Substrate,P17024
Q14183,Substrate,Q14183
Q8NFD4,Substrate,Q8NFD4
Q5U5Q3,E3,Q5U5Q3
A1A4S6,Substrate,A1A4S6
Q8NFR3,Substrate,Q8NFR3
Q8TEM1,Substrate,Q8TEM1
Q9P218,Substrate,Q9P218
Q8IZ40,Substrate,Q8IZ40
Q5FYA8,Substrate,Q5FYA8
P09603,Substrate,P09603
O43291,Substrate,O43291
Q9NPL8,Substrate,Q9NPL8
P42224,Substrate,P42224
A0A0J9YWX3,Substrate,A0A0J9YWX3
Q5U649,Substrate,Q5U649
P22557,Substrate,P22557
Q75VX8,Substrate,Q75VX8
A8MV23,Substrate,A8MV23
Q969V6,Substrate,Q969V6
Q9NRH2,Substrate,Q9NRH2
O75807,Substrate,O75807
Q96Q35,Substrate,Q96Q35
Q15286,Substrate,Q15286
P54826,Substrate,P54826
Q8N4Z0,Substrate,Q8N4Z0
Q8NFR9,Substrate,Q8NFR9
Q86V24,Substrate,Q86V24
O00204,Substrate,O00204
O14944,Substrate,O14944
Q9BY64,Substrate,Q9BY64
Q9NPC3,E3,Q9NPC3
P09544,Substrate,P09544
Q9NYG8,Substrate,Q9NYG8
Q8N5Y8,Substrate,Q8N5Y8
Q5JS54,Substrate,Q5JS54
Q7Z794,Substrate,Q7Z794
Q86UW8,Substrate,Q86UW8
Q9H175,Substrate,Q9H175
Q15438,Substrate,Q15438
O15197,Substrate,O15197
Q96LA9,Substrate,Q96LA9
Q7Z465,Substrate,Q7Z465
Q99807,Substrate,Q99807
Q5BJD5,Substrate,Q5BJD5
A6NDU8,Substrate,A6NDU8
P20851,Substrate,P20851
Q8WVV9,Substrate,Q8WVV9
A8MV57,Substrate,A8MV57
Q8N7A1,Substrate,Q8N7A1
P48382,Substrate,P48382
Q9UQ03,Substrate,Q9UQ03
O14925,Substrate,O14925
Q9H867,Substrate,Q9H867
Q6QAJ8,Substrate,Q6QAJ8
Q03518,Substrate,Q03518
Q9NRD1,E3,Q9NRD1
Q8WXF1,Substrate,Q8WXF1
P43354,Substrate,P43354
Q9ULS5,Substrate,Q9ULS5
Q9HA64,Substrate,Q9HA64
Q96JG8,Substrate,Q96JG8
P05019,Substrate,P05019
O75526,Substrate,O75526
P22670,Substrate,P22670
P78345,Substrate,P78345
Q6UWE3,Substrate,Q6UWE3
P00488,Substrate,P00488
Q9H425,Substrate,Q9H425
P20702,Substrate,P20702
Q92886,Substrate,Q92886
P31948,Substrate,P31948
Q9H112,Substrate,Q9H112
Q9HCE1,Substrate,Q9HCE1
P78348,Substrate,P78348
Q9BPX1,Substrate,Q9BPX1
Q9GZV1,Substrate,Q9GZV1
O75817,Substrate,O75817
Q86VY4,Substrate,Q86VY4
P17028,Substrate,P17028
Q08AD1,Substrate,Q08AD1
P10599,Substrate,P10599
Q9UPT5,Substrate,Q9UPT5
Q96DX5,E3,Q96DX5
Q13363,Substrate,Q13363
Q9Y6N5,Substrate,Q9Y6N5
Q9BSU3,Substrate,Q9BSU3
A2RUC4,Substrate,A2RUC4
Q9BRK4,Substrate,Q9BRK4
Q5H9L4,Substrate,Q5H9L4
P08842,Substrate,P08842
Q13671,Substrate,Q13671
O14713,Substrate,O14713
P57738,Substrate,P57738
Q9UIK5,Substrate,Q9UIK5
P24001,Substrate,P24001
Q6NTF9,Substrate,Q6NTF9
Q6PJ61,Substrate,Q6PJ61
Q03936,Substrate,Q03936
Q5BJF6,Substrate,Q5BJF6
Q9UN79,Substrate,Q9UN79
P0DUD4,Substrate,P0DUD4
Q8NAP1,Substrate,Q8NAP1
Q96S37,Substrate,Q96S37
Q3B7I2,Substrate,Q3B7I2
P35240,Substrate,P35240
Q15120,Substrate,Q15120
Q9ULU4,Substrate,Q9ULU4
Q969J2,Substrate,Q969J2
Q2M2Z5,Substrate,Q2M2Z5
P01040,Substrate,P01040
Q13200,Substrate,Q13200
Q86SG7,Substrate,Q86SG7
Q9Y446,Substrate,Q9Y446
Q8IW93,Substrate,Q8IW93
Q8NI22,Substrate,Q8NI22
P49862,Substrate,P49862
P35443,Substrate,P35443
P11488,Substrate,P11488
Q9UIW0,Substrate,Q9UIW0
Q9P1W9,Substrate,Q9P1W9
Q9NRM2,Substrate,Q9NRM2
P17035,Substrate,P17035
Q5TGI4,Substrate,Q5TGI4
Q9C0B6,Substrate,Q9C0B6
Q76LX8,Substrate,Q76LX8
Q9BS16,Substrate,Q9BS16
P24557,Substrate,P24557
Q15646,Substrate,Q15646
Q9NTW7,Substrate,Q9NTW7
Q08AG7,Substrate,Q08AG7
O14771,Substrate,O14771
O43313,Substrate,O43313
A0A539,Substrate,A0A539
Q9Y6B2,Substrate,Q9Y6B2
Q8N5U1,Substrate,Q8N5U1
O75509,Substrate,O75509
P48443,Substrate,P48443
Q7LBE3,Substrate,Q7LBE3
Q9H4A4,Substrate,Q9H4A4
Q8NGF8,Substrate,Q8NGF8
Q8N1F8,Substrate,Q8N1F8
A6NMS7,Substrate,A6NMS7
Q7Z7M1,Substrate,Q7Z7M1
A6NKU9,Substrate,A6NKU9
Q9BQI0,Substrate,Q9BQI0
Q9Y6A4,Substrate,Q9Y6A4
P01903,Substrate,P01903
Q8WWR8,Substrate,Q8WWR8
Q86SG2,Substrate,Q86SG2
O95076,Substrate,O95076
Q9UHX1,Substrate,Q9UHX1
Q9H5J8,Substrate,Q9H5J8
P13349,Substrate,P13349
Q01167,Substrate,Q01167
Q8IV36,Substrate,Q8IV36
Q9BSA9,Substrate,Q9BSA9
Q8WXX7,Substrate,Q8WXX7
Q9BVG4,Substrate,Q9BVG4
Q92478,Substrate,Q92478
Q562R1,Substrate,Q562R1
A0A1W2PPM1,Substrate,A0A1W2PPM1
A0A1W2PS18,Substrate,A0A1W2PS18
Q02040,Substrate,Q02040
O75460,Substrate,O75460
Q3LI64,Substrate,Q3LI64
Q9Y6F9,Substrate,Q9Y6F9
O95521,Substrate,O95521
P10745,Substrate,P10745
P0CJ85,Substrate,P0CJ85
Q9NR83,Substrate,Q9NR83
Q8WV48,Substrate,Q8WV48
Q9H4A9,Substrate,Q9H4A9
A6NHY2,Substrate,A6NHY2
Q14582,Substrate,Q14582
Q6UXS0,Substrate,Q6UXS0
Q8TAG9,Substrate,Q8TAG9
P32926,Substrate,P32926
Q8NBN7,Substrate,Q8NBN7
P01588,Substrate,P01588
Q8IVD9,Substrate,Q8IVD9
Q8IX12,E3,Q8IX12
Q08357,Substrate,Q08357
C9JLW8,Substrate,C9JLW8
Q96T51,Substrate,Q96T51
P42679,Substrate,P42679
Q8NCX0,Substrate,Q8NCX0
Q9NTN3,Substrate,Q9NTN3
P33908,Substrate,P33908
Q6F5E8,Substrate,Q6F5E8
Q4U2R8,Substrate,Q4U2R8
Q13620,Substrate,Q13620
Q96N35,Substrate,Q96N35
Q8IXM3,Substrate,Q8IXM3
Q7RTP0,Substrate,Q7RTP0
Q5JU85,Substrate,Q5JU85
Q15615,Substrate,Q15615
Q5VZI3,Substrate,Q5VZI3
A0A1B0GUC4,Substrate,A0A1B0GUC4
Q8NB49,Substrate,Q8NB49
Q7Z4N2,Substrate,Q7Z4N2
Q15814,Substrate,Q15814
P22303,Substrate,P22303
A1L4K1,Substrate,A1L4K1
Q02880,Substrate,Q02880
Q9H0I3,Substrate,Q9H0I3
A0A1W2PQL4,Substrate,A0A1W2PQL4
Q9NUH8,Substrate,Q9NUH8
Q9BZE7,Substrate,Q9BZE7
Q8N427,Substrate,Q8N427
P57086,Substrate,P57086
Q5TCZ1,Substrate,Q5TCZ1
Q8NCK7,Substrate,Q8NCK7
Q5VVC0,Substrate,Q5VVC0
P15692,Substrate,P15692
Q9UGF7,Substrate,Q9UGF7
Q6ISU1,Substrate,Q6ISU1
Q92854,Substrate,Q92854
Q6NUQ4,Substrate,Q6NUQ4
Q9P253,E3,Q9P253
Q13017,Substrate,Q13017
Q9BVS5,Substrate,Q9BVS5
Q9UKL0,Substrate,Q9UKL0
Q6SPF0,Substrate,Q6SPF0
Q8NHP8,Substrate,Q8NHP8
Q15084,Substrate,Q15084
Q15506,Substrate,Q15506
Q9HC10,Substrate,Q9HC10
Q2M3R5,Substrate,Q2M3R5
Q8NG11,Substrate,Q8NG11
Q96NX5,Substrate,Q96NX5
Q7Z3J2,Substrate,Q7Z3J2
Q9UHD4,Substrate,Q9UHD4
Q9Y3C4,Substrate,Q9Y3C4
Q8TE69,Substrate,Q8TE69
Q05707,Substrate,Q05707
Q8N5J4,Substrate,Q8N5J4
P09105,Substrate,P09105
Q7Z5M8,Substrate,Q7Z5M8
A0A8V8TMC4,Substrate,A0A8V8TMC4
P49821,Substrate,P49821
Q9H6X4,Substrate,Q9H6X4
O00423,Substrate,O00423
Q8NH42,Substrate,Q8NH42
P41594,Substrate,P41594
Q8NGH8,Substrate,Q8NGH8
Q8IW36,Substrate,Q8IW36
P59047,Substrate,P59047
Q15617,Substrate,Q15617
P00918,Substrate,P00918
Q9Y2L5,Substrate,Q9Y2L5
Q9BQA9,Substrate,Q9BQA9
P09237,Substrate,P09237
Q86V40,Substrate,Q86V40
Q9Y230,Substrate,Q9Y230
Q9UPW0,Substrate,Q9UPW0
Q9BQ08,Substrate,Q9BQ08
O43609,Substrate,O43609
Q8WVX9,Substrate,Q8WVX9
Q96AY2,Substrate,Q96AY2
P61204,Substrate,P61204
P61583,Substrate,P61583
Q9Y286,Substrate,Q9Y286
Q6ZV50,Substrate,Q6ZV50
P32004,Substrate,P32004
Q8WXT5,Substrate,Q8WXT5
P27797,Substrate,P27797
Q15005,Substrate,Q15005
Q96AQ6,Substrate,Q96AQ6
P51809,Substrate,P51809
Q96QH8,Substrate,Q96QH8
Q8TAU0,Substrate,Q8TAU0
P0CG24,Substrate,P0CG24
O75052,Substrate,O75052
Q9NUL5,Substrate,Q9NUL5
P82979,Substrate,P82979
O75449,Substrate,O75449
Q03111,Substrate,Q03111
P42229,Substrate,P42229
Q14213,Substrate,Q14213
O15541,Substrate,O15541
Q96JC9,Substrate,Q96JC9
Q6UXN9,Substrate,Q6UXN9
Q9H9A5,Substrate,Q9H9A5
Q8TCD5,Substrate,Q8TCD5
P0DP74,Substrate,P0DP74
Q8ND04,Substrate,Q8ND04
Q01954,Substrate,Q01954
Q96A61,E3,Q96A61
Q96B86,Substrate,Q96B86
Q6S8J7,Substrate,Q6S8J7
Q8NFF5,Substrate,Q8NFF5
Q8WW24,Substrate,Q8WW24
Q8TAP9,Substrate,Q8TAP9
Q8N1L1,Substrate,Q8N1L1
P02538,Substrate,P02538
O60840,Substrate,O60840
Q9UKF7,Substrate,Q9UKF7
Q96GF1,E3,Q96GF1
Q96JA4,Substrate,Q96JA4
Q5T5C0,Substrate,Q5T5C0
Q96RD2,Substrate,Q96RD2
Q9NUL3,Substrate,Q9NUL3
O60507,Substrate,O60507
A6NF34,Substrate,A6NF34
Q2PZI1,Substrate,Q2PZI1
P51993,Substrate,P51993
Q9BV44,Substrate,Q9BV44
Q9NV88,Substrate,Q9NV88
Q9Y2B9,Substrate,Q9Y2B9
Q9Y3D0,Substrate,Q9Y3D0
Q70EL3,Substrate,Q70EL3
Q8N4Q0,Substrate,Q8N4Q0
P0C841,Substrate,P0C841
Q9BPZ3,Substrate,Q9BPZ3
Q9UBB5,Substrate,Q9UBB5
Q8IUQ4,E3,Q8IUQ4
A1YPR0,Substrate,A1YPR0
Q9UBL0,Substrate,Q9UBL0
O95382,Substrate,O95382
Q96QR1,Substrate,Q96QR1
P35638,Substrate,P35638
Q8IU85,Substrate,Q8IU85
Q02548,Substrate,Q02548
P51861,Substrate,P51861
Q05C16,Substrate,Q05C16
A6NDX5,Substrate,A6NDX5
Q8N2A8,Substrate,Q8N2A8
P10114,Substrate,P10114
Q9UJJ9,Substrate,Q9UJJ9
Q9NVZ3,Substrate,Q9NVZ3
P00558,Substrate,P00558
Q6L9T8,Substrate,Q6L9T8
P49810,Substrate,P49810
Q49A92,Substrate,Q49A92
Q96FV3,Substrate,Q96FV3
A6NJI1,Substrate,A6NJI1
P05783,Substrate,P05783
Q9UK58,Substrate,Q9UK58
Q9H0B6,Substrate,Q9H0B6
Q96CG3,Substrate,Q96CG3
Q9ULJ3,Substrate,Q9ULJ3
O00270,Substrate,O00270
O14842,Substrate,O14842
P0C7X4,Substrate,P0C7X4
Q53GS7,Substrate,Q53GS7
Q5JRV8,Substrate,Q5JRV8
Q8NC96,Substrate,Q8NC96
Q9BXC9,Substrate,Q9BXC9
Q52LR7,Substrate,Q52LR7
O14512,E3,O14512
Q02509,Substrate,Q02509
Q96PQ1,Substrate,Q96PQ1
O43559,Substrate,O43559
P49366,Substrate,P49366
Q86T29,Substrate,Q86T29
Q2NL82,Substrate,Q2NL82
P42331,Substrate,P42331
Q96MG7,Substrate,Q96MG7
Q9HAW9,Substrate,Q9HAW9
Q9UN72,Substrate,Q9UN72
Q8IUB2,Substrate,Q8IUB2
Q96JP5,E3,Q96JP5
Q9H8W2,Substrate,Q9H8W2
Q9C0J9,Substrate,Q9C0J9
Q3T906,Substrate,Q3T906
Q9H7S9,Substrate,Q9H7S9
Q5JXA9,Substrate,Q5JXA9
Q9BXG8,Substrate,Q9BXG8
Q96CB9,Substrate,Q96CB9
Q8ND76,Substrate,Q8ND76
P08648,Substrate,P08648
Q16635,Substrate,Q16635
Q9UNZ2,Substrate,Q9UNZ2
Q9H5Z1,Substrate,Q9H5Z1
Q86X59,Substrate,Q86X59
Q6B0K9,Substrate,Q6B0K9
Q92538,Substrate,Q92538
Q9NRZ9,Substrate,Q9NRZ9
Q9Y473,Substrate,Q9Y473
Q8IX18,Substrate,Q8IX18
P25713,Substrate,P25713
P13056,Substrate,P13056
Q13454,Substrate,Q13454
Q9BYR6,Substrate,Q9BYR6
P55212,Substrate,P55212
Q8WWZ4,Substrate,Q8WWZ4
Q9NZN9,Substrate,Q9NZN9
P50219,Substrate,P50219
A8MVS5,Substrate,A8MVS5
P29474,Substrate,P29474
Q13258,Substrate,Q13258
Q5JVG8,Substrate,Q5JVG8
P25440,Substrate,P25440
O95977,Substrate,O95977
Q96C28,Substrate,Q96C28
P62330,Substrate,P62330
Q96A84,Substrate,Q96A84
P45983,Substrate,P45983
Q96S15,Substrate,Q96S15
O75916,Substrate,O75916
Q9HAB8,Substrate,Q9HAB8
P13639,Substrate,P13639
P21127,Substrate,P21127
A8MT69,Substrate,A8MT69
Q9H0C1,Substrate,Q9H0C1
Q9UJ14,Substrate,Q9UJ14
P0CAP1,Substrate,P0CAP1
O95907,Substrate,O95907
Q5VXH4,Substrate,Q5VXH4
Q96D70,Substrate,Q96D70
Q9H0M5,Substrate,Q9H0M5
P28340,Substrate,P28340
Q9UBF2,Substrate,Q9UBF2
P16401,Substrate,P16401
Q9BV19,Substrate,Q9BV19
O43677,Substrate,O43677
Q9UPX0,Substrate,Q9UPX0
Q5TGS1,Substrate,Q5TGS1
Q03154,Substrate,Q03154
Q9Y536,Substrate,Q9Y536
Q9Y5G6,Substrate,Q9Y5G6
Q9H521,Substrate,Q9H521
Q9NZ20,Substrate,Q9NZ20
Q96FT9,Substrate,Q96FT9
Q8NH18,Substrate,Q8NH18
O60894,Substrate,O60894
Q14397,Substrate,Q14397
Q9HD90,Substrate,Q9HD90
Q7Z5P4,Substrate,Q7Z5P4
O95822,Substrate,O95822
Q9H5I1,Substrate,Q9H5I1
Q9NVP2,Substrate,Q9NVP2
Q7Z7F0,Substrate,Q7Z7F0
P55327,Substrate,P55327
Q8WZ71,Substrate,Q8WZ71
Q9GZN7,Substrate,Q9GZN7
P54727,Substrate,P54727
P46783,Substrate,P46783
O15240,Substrate,O15240
Q9HA82,Substrate,Q9HA82
O60518,Substrate,O60518
Q9Y442,Substrate,Q9Y442
Q9Y4Z0,Substrate,Q9Y4Z0
Q8NBS9,Substrate,Q8NBS9
Q32M78,Substrate,Q32M78
Q24JP5,Substrate,Q24JP5
P46777,Substrate,P46777
O95633,Substrate,O95633
Q5T9L3,Substrate,Q5T9L3
Q9UBF9,Substrate,Q9UBF9
Q09013,Substrate,Q09013
Q9H081,Substrate,Q9H081
Q9NY97,Substrate,Q9NY97
P30050,Substrate,P30050
Q2TAP0,Substrate,Q2TAP0
Q8NHY6,Substrate,Q8NHY6
Q6L9W6,Substrate,Q6L9W6
Q96CF2,Substrate,Q96CF2
Q00872,Substrate,Q00872
Q9BXU7,Substrate,Q9BXU7
O75914,Substrate,O75914
O94927,Substrate,O94927
Q99959,Substrate,Q99959
P52952,Substrate,P52952
Q8N143,Substrate,Q8N143
Q8NGK2,Substrate,Q8NGK2
Q9H040,Substrate,Q9H040
Q9BRI3,Substrate,Q9BRI3
Q9P2K8,Substrate,Q9P2K8
P14091,Substrate,P14091
Q8IUX7,Substrate,Q8IUX7
Q8TED0,Substrate,Q8TED0
Q99525,Substrate,Q99525
Q9Y5I3,Substrate,Q9Y5I3
Q5JS13,Substrate,Q5JS13
Q14692,Substrate,Q14692
Q9UIE0,Substrate,Q9UIE0
Q15032,Substrate,Q15032
Q96KM6,Substrate,Q96KM6
A6NJ88,Substrate,A6NJ88
Q9NYF0,Substrate,Q9NYF0
P18846,Substrate,P18846
P08686,Substrate,P08686
Q13751,Substrate,Q13751
O94868,Substrate,O94868
Q15695,Substrate,Q15695
O60663,Substrate,O60663
Q86V21,Substrate,Q86V21
P49771,Substrate,P49771
Q6P995,Substrate,Q6P995
P15621,Substrate,P15621
Q6P2C0,Substrate,Q6P2C0
Q14457,Substrate,Q14457
Q9BVX2,Substrate,Q9BVX2
Q4LE39,Substrate,Q4LE39
O43318,Substrate,O43318
Q8IV35,Substrate,Q8IV35
Q99835,Substrate,Q99835
O60481,Substrate,O60481
Q8N490,Substrate,Q8N490
Q9HAH1,Substrate,Q9HAH1
Q504Q3,Substrate,Q504Q3
P08493,Substrate,P08493
O43852,Substrate,O43852
Q6ZVK1,Substrate,Q6ZVK1
P01906,Substrate,P01906
O75493,Substrate,O75493
P17677,Substrate,P17677
O75022,Substrate,O75022
P18433,Substrate,P18433
Q96GY0,Substrate,Q96GY0
P35900,Substrate,P35900
P49643,Substrate,P49643
Q5T9C2,Substrate,Q5T9C2
Q02045,Substrate,Q02045
Q9HCL3,Substrate,Q9HCL3
P02794,Substrate,P02794
P35749,Substrate,P35749
P09529,Substrate,P09529
Q6NVV1,Substrate,Q6NVV1
Q92754,Substrate,Q92754
Q16816,Substrate,Q16816
Q8N319,Substrate,Q8N319
Q6H9L7,Substrate,Q6H9L7
Q9H321,Substrate,Q9H321
Q5T7P2,Substrate,Q5T7P2
P51610,Substrate,P51610
Q8IVM8,Substrate,Q8IVM8
Q12926,Substrate,Q12926
Q86V20,Substrate,Q86V20
Q8NBI3,Substrate,Q8NBI3
P23510,Substrate,P23510
Q8NGS1,Substrate,Q8NGS1
Q9Y6G3,Substrate,Q9Y6G3
P14780,Substrate,P14780
A8K4G0,Substrate,A8K4G0
Q8WWY3,Substrate,Q8WWY3
Q5I7T1,Substrate,Q5I7T1
A8MX19,Substrate,A8MX19
Q14696,Substrate,Q14696
Q96IR2,Substrate,Q96IR2
A5D8T8,Substrate,A5D8T8
Q9P2H0,Substrate,Q9P2H0
Q8WVN8,Substrate,Q8WVN8
Q5TC84,Substrate,Q5TC84
Q9GZZ6,Substrate,Q9GZZ6
Q8N693,Substrate,Q8N693
O95292,Substrate,O95292
P52798,Substrate,P52798
Q8N2S1,Substrate,Q8N2S1
O14795,Substrate,O14795
O00231,Substrate,O00231
P0DKB5,Substrate,P0DKB5
P46108,Substrate,P46108
Q6UW56,Substrate,Q6UW56
Q13972,Substrate,Q13972
Q6ZMY6,Substrate,Q6ZMY6
Q9H013,Substrate,Q9H013
O43312,Substrate,O43312
Q16602,Substrate,Q16602
Q16595,Substrate,Q16595
P60059,Substrate,P60059
A2RU37,Substrate,A2RU37
A8MT70,Substrate,A8MT70
Q14442,Substrate,Q14442
P09001,Substrate,P09001
Q14246,Substrate,Q14246
Q7L576,Substrate,Q7L576
Q9BYC8,Substrate,Q9BYC8
Q96KK5,Substrate,Q96KK5
P05090,Substrate,P05090
P27169,Substrate,P27169
Q8IY37,Substrate,Q8IY37
O00499,Substrate,O00499
P0DOX2,Substrate,P0DOX2
Q96I15,Substrate,Q96I15
Q14999,Substrate,Q14999
Q9Y5U4,Substrate,Q9Y5U4
Q8IUR6,Substrate,Q8IUR6
Q8NDX9,Substrate,Q8NDX9
Q86UR5,Substrate,Q86UR5
P78524,Substrate,P78524
Q8TF20,Substrate,Q8TF20
Q16658,Substrate,Q16658
Q9GZT8,Substrate,Q9GZT8
O76036,Substrate,O76036
O14917,Substrate,O14917
Q6DKI2,Substrate,Q6DKI2
Q6NVV9,Substrate,Q6NVV9
Q8NDW4,Substrate,Q8NDW4
O60499,Substrate,O60499
Q6PF18,Substrate,Q6PF18
Q9H853,Substrate,Q9H853
Q92968,Substrate,Q92968
Q86VR8,Substrate,Q86VR8
P50591,Substrate,P50591
Q6X4W1,Substrate,Q6X4W1
P48594,Substrate,P48594
Q9UIF7,Substrate,Q9UIF7
Q8N999,Substrate,Q8N999
Q9BW85,Substrate,Q9BW85
P62633,Substrate,P62633
Q96NL6,Substrate,Q96NL6
Q8WZ04,Substrate,Q8WZ04
P10301,Substrate,P10301
Q9UQN3,Substrate,Q9UQN3
P25940,Substrate,P25940
Q14192,Substrate,Q14192
Q13166,Substrate,Q13166
Q4JDL3,Substrate,Q4JDL3
Q9Y256,Substrate,Q9Y256
Q5JU67,Substrate,Q5JU67
Q96J88,Substrate,Q96J88
Q3KNS6,Substrate,Q3KNS6
O75419,Substrate,O75419
Q13627,Substrate,Q13627
Q9BVK6,Substrate,Q9BVK6
P49137,Substrate,P49137
O95630,E3,O95630
Q8WVF1,Substrate,Q8WVF1
P16403,Substrate,P16403
Q8IXM6,Substrate,Q8IXM6
P24046,Substrate,P24046
Q96JA3,Substrate,Q96JA3
Q9C019,E3,Q9C019
Q96HR9,Substrate,Q96HR9
Q6UXT8,Substrate,Q6UXT8
Q8NC44,Substrate,Q8NC44
P48668,Substrate,P48668
Q96QI5,Substrate,Q96QI5
Q9HCH0,Substrate,Q9HCH0
Q92626,Substrate,Q92626
Q96EN9,Substrate,Q96EN9
Q9H257,Substrate,Q9H257
C9JH25,Substrate,C9JH25
P20591,Substrate,P20591
Q53FZ2,Substrate,Q53FZ2
Q8N5V2,Substrate,Q8N5V2
Q8TEW6,Substrate,Q8TEW6
Q8NCD3,Substrate,Q8NCD3
Q9BUH8,Substrate,Q9BUH8
Q9UNF0,Substrate,Q9UNF0
Q10586,Substrate,Q10586
Q6UXB4,Substrate,Q6UXB4
Q96MH2,Substrate,Q96MH2
Q6UXV0,Substrate,Q6UXV0
Q8NBP5,Substrate,Q8NBP5
Q07627,Substrate,Q07627
P0DI81,Substrate,P0DI81
Q96KJ9,Substrate,Q96KJ9
Q6UXD7,Substrate,Q6UXD7
Q9NSC5,Substrate,Q9NSC5
O75112,Substrate,O75112
P0C7I6,Substrate,P0C7I6
P27695,Substrate,P27695
Q8NGX5,Substrate,Q8NGX5
P30405,Substrate,P30405
P81877,Substrate,P81877
Q86WI0,Substrate,Q86WI0
Q9UL26,Substrate,Q9UL26
P04150,Substrate,P04150
Q00973,Substrate,Q00973
Q05315,Substrate,Q05315
Q14697,Substrate,Q14697
Q96AN5,Substrate,Q96AN5
Q86SQ3,Substrate,Q86SQ3
Q9P127,Substrate,Q9P127
Q8WZ60,E3,Q8WZ60
Q86X55,Substrate,Q86X55
Q9Y471,Substrate,Q9Y471
Q9HBZ2,Substrate,Q9HBZ2
Q02410,Substrate,Q02410
Q03426,Substrate,Q03426
Q5EB52,Substrate,Q5EB52
Q9H1J5,Substrate,Q9H1J5
P26583,Substrate,P26583
Q9HCE3,Substrate,Q9HCE3
Q13241,Substrate,Q13241
Q8N720,Substrate,Q8N720
Q8NHP7,Substrate,Q8NHP7
Q8NH81,Substrate,Q8NH81
P0C263,Substrate,P0C263
Q6AZY7,Substrate,Q6AZY7
P22223,Substrate,P22223
A0FGR9,Substrate,A0FGR9
Q99717,Substrate,Q99717
Q8IZD9,Substrate,Q8IZD9
Q86VE3,Substrate,Q86VE3
Q8N6R0,Substrate,Q8N6R0
P01782,Substrate,P01782
Q8NEM7,Substrate,Q8NEM7
Q8IZK6,Substrate,Q8IZK6
Q32MK0,Substrate,Q32MK0
P29972,Substrate,P29972
Q96RU2,Substrate,Q96RU2
Q16633,Substrate,Q16633
P12074,Substrate,P12074
Q86VQ6,Substrate,Q86VQ6
Q9NVA4,Substrate,Q9NVA4
Q9Y5X1,Substrate,Q9Y5X1
Q03181,Substrate,Q03181
P29353,Substrate,P29353
Q9BZI7,Substrate,Q9BZI7
Q969L2,Substrate,Q969L2
Q9BRX5,Substrate,Q9BRX5
Q9H9C1,Substrate,Q9H9C1
A0A075B6T7,Substrate,A0A075B6T7
Q96DZ9,Substrate,Q96DZ9
Q9P291,Substrate,Q9P291
Q5R3K3,Substrate,Q5R3K3
A6NFC9,Substrate,A6NFC9
Q9UKF6,Substrate,Q9UKF6
P78560,Substrate,P78560
Q16543,Substrate,Q16543
Q9NYI0,Substrate,Q9NYI0
Q6E213,Substrate,Q6E213
Q6ZUT1,Substrate,Q6ZUT1
Q9C0K1,Substrate,Q9C0K1
Q6ZUB0,Substrate,Q6ZUB0
P15927,Substrate,P15927
Q8NA61,Substrate,Q8NA61
Q96H86,Substrate,Q96H86
Q5T751,Substrate,Q5T751
Q96JE9,Substrate,Q96JE9
A6PVS8,Substrate,A6PVS8
Q9H334,Substrate,Q9H334
O43614,Substrate,O43614
Q96BJ8,Substrate,Q96BJ8
Q93050,Substrate,Q93050
Q9H2S9,Substrate,Q9H2S9
Q9NUU7,Substrate,Q9NUU7
Q8WVL7,Substrate,Q8WVL7
Q7L8S5,Substrate,Q7L8S5
Q15849,Substrate,Q15849
O15127,Substrate,O15127
Q9HCJ5,Substrate,Q9HCJ5
Q15365,Substrate,Q15365
P35611,Substrate,P35611
P61201,Substrate,P61201
Q9UNL2,Substrate,Q9UNL2
Q99650,Substrate,Q99650
Q86WR6,Substrate,Q86WR6
Q8NEB9,Substrate,Q8NEB9
Q5BKX5,Substrate,Q5BKX5
Q14155,Substrate,Q14155
P0DPD8,Substrate,P0DPD8
Q9Y6C2,Substrate,Q9Y6C2
Q9HCH3,Substrate,Q9HCH3
P23025,Substrate,P23025
Q9H427,Substrate,Q9H427
O95218,Substrate,O95218
Q9UKU9,Substrate,Q9UKU9
Q9H6F2,Substrate,Q9H6F2
Q9NY57,Substrate,Q9NY57
O60895,Substrate,O60895
O95475,Substrate,O95475
Q9NU39,Substrate,Q9NU39
Q9UKA9,Substrate,Q9UKA9
Q9NSB4,Substrate,Q9NSB4
Q5VVB8,Substrate,Q5VVB8
Q9NSA1,Substrate,Q9NSA1
Q9H936,Substrate,Q9H936
O60927,Substrate,O60927
P60369,Substrate,P60369
Q2M2E3,Substrate,Q2M2E3
P60008,Substrate,P60008
Q7RTX7,Substrate,Q7RTX7
Q6ZS17,Substrate,Q6ZS17
Q96CP2,Substrate,Q96CP2
P43897,Substrate,P43897
Q6NSZ9,Substrate,Q6NSZ9
Q8NH48,Substrate,Q8NH48
Q9BZJ0,Substrate,Q9BZJ0
P35212,Substrate,P35212
Q8WW18,Substrate,Q8WW18
Q9BVQ7,Substrate,Q9BVQ7
O60224,Substrate,O60224
Q8IY67,Substrate,Q8IY67
Q2M3W8,Substrate,Q2M3W8
Q8N4S7,Substrate,Q8N4S7
P28347,Substrate,P28347
Q16656,Substrate,Q16656
O75899,Substrate,O75899
Q9NX65,Substrate,Q9NX65
Q8TE23,Substrate,Q8TE23
Q6UWJ1,Substrate,Q6UWJ1
P43220,Substrate,P43220
Q99527,Substrate,Q99527
O14874,Substrate,O14874
Q7Z4H3,Substrate,Q7Z4H3
Q8TED9,Substrate,Q8TED9
Q9H596,Substrate,Q9H596
O14545,Substrate,O14545
O60258,Substrate,O60258
Q96BR6,Substrate,Q96BR6
Q86X40,Substrate,Q86X40
Q9Y5Y0,Substrate,Q9Y5Y0
Q5T6F2,Substrate,Q5T6F2
Q16829,Substrate,Q16829
P21941,Substrate,P21941
O14715,Substrate,O14715
Q9H7Y0,Substrate,Q9H7Y0
A0A286YFG1,Substrate,A0A286YFG1
Q5TGP6,Substrate,Q5TGP6
Q8NGF3,Substrate,Q8NGF3
P55082,Substrate,P55082
Q0ZLH3,Substrate,Q0ZLH3
P62995,Substrate,P62995
O95674,Substrate,O95674
P61313,Substrate,P61313
Q6P1Q0,Substrate,Q6P1Q0
Q15526,Substrate,Q15526
P0CB33,Substrate,P0CB33
O60931,Substrate,O60931
Q86YQ8,Substrate,Q86YQ8
Q02241,Substrate,Q02241
Q9H239,Substrate,Q9H239
Q8NH93,Substrate,Q8NH93
Q6B8I1,Substrate,Q6B8I1
Q6P499,Substrate,Q6P499
Q8TF50,Substrate,Q8TF50
Q14644,Substrate,Q14644
P51671,Substrate,P51671
Q5TB80,Substrate,Q5TB80
P0DX00,Substrate,P0DX00
Q9H2B2,Substrate,Q9H2B2
Q86VE0,Substrate,Q86VE0
O15540,Substrate,O15540
Q9NXS3,Substrate,Q9NXS3
O43749,Substrate,O43749
O95631,Substrate,O95631
O75964,Substrate,O75964
Q6L8H2,Substrate,Q6L8H2
P62277,Substrate,P62277
Q9NQ76,Substrate,Q9NQ76
Q9NYG2,Substrate,Q9NYG2
Q9UDY2,Substrate,Q9UDY2
Q9UPY8,Substrate,Q9UPY8
A8MX80,Substrate,A8MX80
Q9BY49,Substrate,Q9BY49
Q5T653,Substrate,Q5T653
Q9HCC6,Substrate,Q9HCC6
Q9UJA3,Substrate,Q9UJA3
P0DO92,Substrate,P0DO92
O75955,Substrate,O75955
Q16849,Substrate,Q16849
P48039,Substrate,P48039
Q14094,Substrate,Q14094
Q96HM7,Substrate,Q96HM7
O14910,Substrate,O14910
P49802,Substrate,P49802
P30876,Substrate,P30876
O95696,Substrate,O95696
Q8WUD4,Substrate,Q8WUD4
Q9NUN7,Substrate,Q9NUN7
A7XYQ1,Substrate,A7XYQ1
Q8TAV5,Substrate,Q8TAV5
Q96JB6,Substrate,Q96JB6
Q5HY92,Substrate,Q5HY92
P10244,Substrate,P10244
Q9ULK5,Substrate,Q9ULK5
O43930,Substrate,O43930
Q9NQ33,Substrate,Q9NQ33
Q9H478,Substrate,Q9H478
Q86YR7,Substrate,Q86YR7
Q96S86,Substrate,Q96S86
Q9NQ88,Substrate,Q9NQ88
Q14956,Substrate,Q14956
P0CG12,Substrate,P0CG12
Q8N0Z3,Substrate,Q8N0Z3
O94763,Substrate,O94763
P21589,Substrate,P21589
Q16821,Substrate,Q16821
Q86TN4,Substrate,Q86TN4
O14757,Substrate,O14757
P43365,Substrate,P43365
P09210,Substrate,P09210
Q96JF6,Substrate,Q96JF6
Q08211,Substrate,Q08211
Q9NZB8,Substrate,Q9NZB8
O75694,Substrate,O75694
Q12968,Substrate,Q12968
Q5T160,Substrate,Q5T160
Q6ZTA4,Substrate,Q6ZTA4
Q8TDW4,Substrate,Q8TDW4
Q9Y3M8,Substrate,Q9Y3M8
Q15056,Substrate,Q15056
Q96ND0,Substrate,Q96ND0
Q13233,E3,Q13233
Q8WU20,Substrate,Q8WU20
O95372,Substrate,O95372
Q15466,Substrate,Q15466
Q8NA77,Substrate,Q8NA77
Q9UHB7,Substrate,Q9UHB7
O00268,Substrate,O00268
P34897,Substrate,P34897
Q9Y223,Substrate,Q9Y223
Q5T4W7,Substrate,Q5T4W7
Q92887,Substrate,Q92887
Q02978,Substrate,Q02978
Q5U623,Substrate,Q5U623
Q8TDH9,Substrate,Q8TDH9
C9JJ37,Substrate,C9JJ37
P26010,Substrate,P26010
Q96IK5,Substrate,Q96IK5
Q8NC51,Substrate,Q8NC51
O43502,Substrate,O43502
Q16690,Substrate,Q16690
Q12849,Substrate,Q12849
Q687X5,Substrate,Q687X5
P35523,Substrate,P35523
Q96IX9,Substrate,Q96IX9
Q8NB42,Substrate,Q8NB42
Q8IWE2,Substrate,Q8IWE2
Q00978,Substrate,Q00978
P59036,Substrate,P59036
Q9H269,Substrate,Q9H269
Q8NB90,Substrate,Q8NB90
Q9UKA1,E3,Q9UKA1
P08559,Substrate,P08559
Q9BRL7,Substrate,Q9BRL7
O15499,Substrate,O15499
P62873,Substrate,P62873
O60583,Substrate,O60583
Q96FF7,Substrate,Q96FF7
Q9UKU6,Substrate,Q9UKU6
Q76KD6,Substrate,Q76KD6
P31371,Substrate,P31371
Q9HB65,Substrate,Q9HB65
H3BQJ8,Substrate,H3BQJ8
Q8WUG5,Substrate,Q8WUG5
Q9BRP4,Substrate,Q9BRP4
A0A075B6J1,Substrate,A0A075B6J1
Q8WZA2,Substrate,Q8WZA2
Q86WQ0,Substrate,Q86WQ0
Q6NXP6,Substrate,Q6NXP6
Q9BQ95,Substrate,Q9BQ95
P01701,Substrate,P01701
Q9BYE4,Substrate,Q9BYE4
P11166,Substrate,P11166
O75431,Substrate,O75431
Q13873,Substrate,Q13873
Q5T5Y3,Substrate,Q5T5Y3
A0A0A0MT70,Substrate,A0A0A0MT70
Q8N8R7,Substrate,Q8N8R7
Q9UM13,E3,Q9UM13
Q96IV0,Substrate,Q96IV0
Q9P0J1,Substrate,Q9P0J1
Q15051,Substrate,Q15051
P55268,Substrate,P55268
P18848,Substrate,P18848
Q8NI77,Substrate,Q8NI77
Q5BKT4,Substrate,Q5BKT4
A8K8V0,Substrate,A8K8V0
Q8NFM4,Substrate,Q8NFM4
Q15233,Substrate,Q15233
O43151,Substrate,O43151
A6NHQ4,Substrate,A6NHQ4
Q9Y2S6,Substrate,Q9Y2S6
P47804,Substrate,P47804
O00329,Substrate,O00329
Q92688,Substrate,Q92688
Q9NYW5,Substrate,Q9NYW5
Q7Z2K6,Substrate,Q7Z2K6
Q01860,Substrate,Q01860
O43310,Substrate,O43310
P20800,Substrate,P20800
Q9BZQ6,Substrate,Q9BZQ6
P04198,Substrate,P04198
Q8NHS1,Substrate,Q8NHS1
O75762,Substrate,O75762
Q5GAN6,Substrate,Q5GAN6
Q66K89,E3,Q66K89
Q96JH8,Substrate,Q96JH8
P23434,Substrate,P23434
Q7RTR8,Substrate,Q7RTR8
Q8NGK4,Substrate,Q8NGK4
Q5QJE6,Substrate,Q5QJE6
Q96PE6,Substrate,Q96PE6
Q92750,Substrate,Q92750
P47901,Substrate,P47901
Q8NDP4,Substrate,Q8NDP4
A6NKL6,Substrate,A6NKL6
Q9Y6Y1,Substrate,Q9Y6Y1
Q16572,Substrate,Q16572
Q96HE9,Substrate,Q96HE9
Q86U42,Substrate,Q86U42
P03952,Substrate,P03952
Q6ZUK4,Substrate,Q6ZUK4
P41586,Substrate,P41586
P05198,Substrate,P05198
Q8N461,Substrate,Q8N461
Q8N468,Substrate,Q8N468
Q9BZQ2,Substrate,Q9BZQ2
P08311,Substrate,P08311
Q6PI77,Substrate,Q6PI77
Q5J5C9,Substrate,Q5J5C9
P15428,Substrate,P15428
Q9H1M4,Substrate,Q9H1M4
Q8NGG8,Substrate,Q8NGG8
P61244,Substrate,P61244
Q86UN3,Substrate,Q86UN3
Q9ULI1,Substrate,Q9ULI1
Q9H0F7,Substrate,Q9H0F7
P09669,Substrate,P09669
P57735,Substrate,P57735
O60784,E3,O60784
Q16555,Substrate,Q16555
Q3KNV8,Substrate,Q3KNV8
P52737,Substrate,P52737
Q9GZN0,Substrate,Q9GZN0
Q7L2E3,Substrate,Q7L2E3
Q96CH1,Substrate,Q96CH1
A6NGZ8,Substrate,A6NGZ8
P24394,Substrate,P24394
Q8IUK5,Substrate,Q8IUK5
Q92913,Substrate,Q92913
Q96GC9,Substrate,Q96GC9
Q9UN36,Substrate,Q9UN36
Q9H944,Substrate,Q9H944
Q0P670,Substrate,Q0P670
Q8N309,Substrate,Q8N309
P56381,Substrate,P56381
Q9NWD9,Substrate,Q9NWD9
O00422,Substrate,O00422
Q96MI9,Substrate,Q96MI9
Q14592,Substrate,Q14592
P28288,Substrate,P28288
Q8NDV7,Substrate,Q8NDV7
Q53HC5,Substrate,Q53HC5
Q9BY79,Substrate,Q9BY79
Q9NV31,Substrate,Q9NV31
Q2KHT4,Substrate,Q2KHT4
Q9UHC3,Substrate,Q9UHC3
O95221,Substrate,O95221
Q8NC38,Substrate,Q8NC38
Q6P4H8,Substrate,Q6P4H8
Q3KQV3,Substrate,Q3KQV3
Q8WTV0,Substrate,Q8WTV0
P50613,Substrate,P50613
Q86U70,Substrate,Q86U70
O76095,Substrate,O76095
Q15050,Substrate,Q15050
O14503,Substrate,O14503
Q14919,Substrate,Q14919
Q6HA08,Substrate,Q6HA08
Q8N145,Substrate,Q8N145
Q96DZ1,Substrate,Q96DZ1
O75781,Substrate,O75781
Q9NUG6,Substrate,Q9NUG6
Q9H7B7,Substrate,Q9H7B7
Q96RC9,Substrate,Q96RC9
Q9H0E7,Substrate,Q9H0E7
Q8NHS2,Substrate,Q8NHS2
Q4G0G2,Substrate,Q4G0G2
Q9C0I3,Substrate,Q9C0I3
H3BQB6,Substrate,H3BQB6
P47871,Substrate,P47871
P28074,Substrate,P28074
Q14353,Substrate,Q14353
P46940,Substrate,P46940
Q14493,Substrate,Q14493
P48200,Substrate,P48200
P35408,Substrate,P35408
Q9GZU2,Substrate,Q9GZU2
Q13795,Substrate,Q13795
P62314,Substrate,P62314
Q86T96,E3,Q86T96
Q6ZSR3,Substrate,Q6ZSR3
Q9H9E3,Substrate,Q9H9E3
P27348,Substrate,P27348
A0A1B0GTQ4,Substrate,A0A1B0GTQ4
A0A0A0MT76,Substrate,A0A0A0MT76
P05362,Substrate,P05362
Q14807,Substrate,Q14807
O43504,Substrate,O43504
O60347,Substrate,O60347
Q8TCJ0,E3,Q8TCJ0
P07602,Substrate,P07602
Q5U5X8,Substrate,Q5U5X8
Q53H12,Substrate,Q53H12
Q86TU7,Substrate,Q86TU7
Q5SSQ6,Substrate,Q5SSQ6
Q9Y4H2,Substrate,Q9Y4H2
A8MSI8,Substrate,A8MSI8
A1A5C7,Substrate,A1A5C7
Q7RTS1,Substrate,Q7RTS1
Q12934,Substrate,Q12934
Q9UF83,Substrate,Q9UF83
Q8NDH6,Substrate,Q8NDH6
Q15046,Substrate,Q15046
Q4G0F5,Substrate,Q4G0F5
O95274,Substrate,O95274
Q9NVI7,Substrate,Q9NVI7
Q15391,Substrate,Q15391
Q9C037,E3,Q9C037
P0DUQ1,Substrate,P0DUQ1
A6NFK2,Substrate,A6NFK2
Q9Y2T3,Substrate,Q9Y2T3
A8MY62,Substrate,A8MY62
P10912,Substrate,P10912
Q9NPD8,Substrate,Q9NPD8
O43709,Substrate,O43709
A0A0B4J2F0,Substrate,A0A0B4J2F0
Q9H9Q4,Substrate,Q9H9Q4
Q9UPU3,Substrate,Q9UPU3
Q9BV35,Substrate,Q9BV35
Q9NRJ4,Substrate,Q9NRJ4
P0DSO2,Substrate,P0DSO2
Q9HB40,Substrate,Q9HB40
Q9UN81,Substrate,Q9UN81
Q12947,Substrate,Q12947
Q8IUE6,Substrate,Q8IUE6
P35052,Substrate,P35052
Q8N8G2,Substrate,Q8N8G2
Q9UHI8,Substrate,Q9UHI8
Q8IX30,Substrate,Q8IX30
O43306,Substrate,O43306
A0A0B4J1U7,Substrate,A0A0B4J1U7
O14530,Substrate,O14530
P82914,Substrate,P82914
P04196,Substrate,P04196
D6R901,Substrate,D6R901
P49903,Substrate,P49903
Q7Z2W4,Substrate,Q7Z2W4
Q9H1B4,Substrate,Q9H1B4
Q9GZQ8,Substrate,Q9GZQ8
P08697,Substrate,P08697
Q08426,Substrate,Q08426
P53674,Substrate,P53674
Q9NRA1,Substrate,Q9NRA1
P59046,Substrate,P59046
O43570,Substrate,O43570
P41273,Substrate,P41273
O94874,Substrate,O94874
Q05932,Substrate,Q05932
Q9NP90,Substrate,Q9NP90
O43927,Substrate,O43927
Q13495,Substrate,Q13495
O15155,Substrate,O15155
Q96RM1,Substrate,Q96RM1
P40198,Substrate,P40198
Q5VWG9,Substrate,Q5VWG9
Q9P2K5,Substrate,Q9P2K5
Q7Z3K3,Substrate,Q7Z3K3
Q16570,Substrate,Q16570
P04000,Substrate,P04000
P27544,Substrate,P27544
Q6PEV8,Substrate,Q6PEV8
P23381,Substrate,P23381
O15431,Substrate,O15431
Q6PK81,Substrate,Q6PK81
Q460N5,Substrate,Q460N5
Q6NUJ2,Substrate,Q6NUJ2
O00482,Substrate,O00482
P43119,Substrate,P43119
O60256,Substrate,O60256
P24534,Substrate,P24534
O14964,Substrate,O14964
P51858,Substrate,P51858
Q6DN14,Substrate,Q6DN14
Q8IV48,Substrate,Q8IV48
Q6UX53,Substrate,Q6UX53
O00463,Substrate,O00463
Q6GV28,Substrate,Q6GV28
Q9NV70,Substrate,Q9NV70
Q9H7D0,Substrate,Q9H7D0
Q6PCB7,Substrate,Q6PCB7
Q99733,Substrate,Q99733
Q75WM6,Substrate,Q75WM6
Q96Q45,Substrate,Q96Q45
Q96G25,Substrate,Q96G25
Q9NY74,Substrate,Q9NY74
Q5W186,Substrate,Q5W186
Q9BR09,E3,Q9BR09
Q86XH1,Substrate,Q86XH1
Q9NVM9,Substrate,Q9NVM9
P06127,Substrate,P06127
P52740,Substrate,P52740
Q15884,Substrate,Q15884
P30084,Substrate,P30084
O75908,Substrate,O75908
Q14254,Substrate,Q14254
A6NIR3,Substrate,A6NIR3
Q8IYG6,Substrate,Q8IYG6
Q9BUZ4,E3,Q9BUZ4
A0A0A0MT78,Substrate,A0A0A0MT78
Q8NEB5,Substrate,Q8NEB5
Q96B18,Substrate,Q96B18
A6NFA0,Substrate,A6NFA0
Q9NZY2,Substrate,Q9NZY2
P10109,Substrate,P10109
Q9H9Y6,Substrate,Q9H9Y6
O15218,Substrate,O15218
P11940,Substrate,P11940
P48651,Substrate,P48651
Q96PQ0,Substrate,Q96PQ0
Q5SWL7,Substrate,Q5SWL7
Q9H3H5,Substrate,Q9H3H5
A8MX76,Substrate,A8MX76
O95214,Substrate,O95214
Q9NXH3,Substrate,Q9NXH3
Q6NYC8,Substrate,Q6NYC8
O00506,Substrate,O00506
Q02543,Substrate,Q02543
Q9P1A2,Substrate,Q9P1A2
Q6ZUT9,Substrate,Q6ZUT9
Q9UJC3,Substrate,Q9UJC3
Q9UJY4,Substrate,Q9UJY4
P52747,Substrate,P52747
Q5ZPR3,Substrate,Q5ZPR3
O75391,Substrate,O75391
Q9Y6N6,Substrate,Q9Y6N6
Q9UKD2,Substrate,Q9UKD2
Q6UXI9,Substrate,Q6UXI9
Q06546,Substrate,Q06546
Q86WH2,Substrate,Q86WH2
A0A024R1R8,Substrate,A0A024R1R8
Q9NVR5,Substrate,Q9NVR5
P01737,Substrate,P01737
P11171,Substrate,P11171
Q9BRV3,Substrate,Q9BRV3
Q9NQ40,Substrate,Q9NQ40
Q6ZMV5,Substrate,Q6ZMV5
Q15011,Substrate,Q15011
O75462,Substrate,O75462
O14975,Substrate,O14975
Q8NGR2,Substrate,Q8NGR2
Q8TEF2,Substrate,Q8TEF2
Q14050,Substrate,Q14050
Q9H0A0,E3,Q9H0A0
Q86SX6,Substrate,Q86SX6
Q9NZW5,Substrate,Q9NZW5
Q92904,Substrate,Q92904
P26440,Substrate,P26440
Q9C0B5,Substrate,Q9C0B5
Q16348,Substrate,Q16348
Q6UUV9,Substrate,Q6UUV9
Q6UW60,Substrate,Q6UW60
Q9Y5Q6,Substrate,Q9Y5Q6
Q6YHK3,Substrate,Q6YHK3
Q4V9L6,Substrate,Q4V9L6
Q9NYW7,Substrate,Q9NYW7
P0C672,Substrate,P0C672
O43405,Substrate,O43405
P00973,Substrate,P00973
O95466,Substrate,O95466
P54578,Substrate,P54578
Q8IZP0,Substrate,Q8IZP0
O00148,Substrate,O00148
H3BUK9,Substrate,H3BUK9
P00387,Substrate,P00387
Q9NRJ2,Substrate,Q9NRJ2
Q9BQ75,Substrate,Q9BQ75
Q53EZ4,Substrate,Q53EZ4
Q8IYK4,Substrate,Q8IYK4
Q8TCC7,Substrate,Q8TCC7
P22087,Substrate,P22087
Q16667,Substrate,Q16667
Q9H171,Substrate,Q9H171
A0A1B0GTY4,Substrate,A0A1B0GTY4
Q9NS69,Substrate,Q9NS69
A8MV65,Substrate,A8MV65
P08514,Substrate,P08514
O60831,Substrate,O60831
O94900,Substrate,O94900
Q765I0,Substrate,Q765I0
Q8NBQ7,Substrate,Q8NBQ7
Q0P5P2,Substrate,Q0P5P2
O95219,Substrate,O95219
P20585,Substrate,P20585
Q8N587,Substrate,Q8N587
Q5JXM2,Substrate,Q5JXM2
Q9HB75,Substrate,Q9HB75
Q86T23,Substrate,Q86T23
Q9NPA2,Substrate,Q9NPA2
P60412,Substrate,P60412
B2RNN3,Substrate,B2RNN3
Q8TB96,Substrate,Q8TB96
Q6ZP80,Substrate,Q6ZP80
Q7Z5Y7,Substrate,Q7Z5Y7
Q8N1M1,Substrate,Q8N1M1
A0A5A6,Substrate,A0A5A6
Q9BYT9,Substrate,Q9BYT9
Q96RK4,Substrate,Q96RK4
Q00056,Substrate,Q00056
Q9UHR4,Substrate,Q9UHR4
Q96JQ5,Substrate,Q96JQ5
Q2KHR3,Substrate,Q2KHR3
O60765,Substrate,O60765
O94901,Substrate,O94901
Q9UI95,Substrate,Q9UI95
Q8N377,Substrate,Q8N377
Q5R3F8,Substrate,Q5R3F8
O43521,Substrate,O43521
O60487,Substrate,O60487
Q9Y2V7,Substrate,Q9Y2V7
P17081,Substrate,P17081
Q96LB4,Substrate,Q96LB4
Q14761,Substrate,Q14761
Q9Y2U9,E3,Q9Y2U9
Q9H792,Substrate,Q9H792
O43493,Substrate,O43493
P01298,Substrate,P01298
P59797,Substrate,P59797
O60733,Substrate,O60733
A8MW92,Substrate,A8MW92
Q9NNX6,Substrate,Q9NNX6
Q92530,Substrate,Q92530
P35354,Substrate,P35354
O00206,Substrate,O00206
O75840,Substrate,O75840
Q9HBG6,Substrate,Q9HBG6
O43292,Substrate,O43292
P0DUB6,Substrate,P0DUB6
Q5VUJ6,Substrate,Q5VUJ6
Q12907,Substrate,Q12907
Q6ZSA8,Substrate,Q6ZSA8
P31431,Substrate,P31431
Q6SZW1,Substrate,Q6SZW1
Q92804,Substrate,Q92804
P0DO97,Substrate,P0DO97
Q86V71,Substrate,Q86V71
Q8NFZ6,Substrate,Q8NFZ6
Q5T2N8,Substrate,Q5T2N8
A8MTJ6,Substrate,A8MTJ6
Q9BQT8,Substrate,Q9BQT8
Q5TA77,Substrate,Q5TA77
B1ANY3,Substrate,B1ANY3
O95407,Substrate,O95407
Q00688,Substrate,Q00688
P17014,Substrate,P17014
Q7Z444,Substrate,Q7Z444
Q96ET8,Substrate,Q96ET8
Q9H343,Substrate,Q9H343
Q96T17,Substrate,Q96T17
Q1MSJ5,Substrate,Q1MSJ5
Q5FWF7,Substrate,Q5FWF7
P15559,Substrate,P15559
Q9Y666,Substrate,Q9Y666
Q92878,Substrate,Q92878
Q9BXI2,Substrate,Q9BXI2
Q969Z4,Substrate,Q969Z4
Q9UKJ0,Substrate,Q9UKJ0
Q96K58,Substrate,Q96K58
Q8WVM0,Substrate,Q8WVM0
Q6A162,Substrate,Q6A162
Q9Y548,Substrate,Q9Y548
Q8IVL5,Substrate,Q8IVL5
Q96HD9,Substrate,Q96HD9
Q8WWB3,Substrate,Q8WWB3
Q8NH64,Substrate,Q8NH64
P62136,Substrate,P62136
Q6UXV4,Substrate,Q6UXV4
Q5T1Q4,Substrate,Q5T1Q4
Q3SYC2,Substrate,Q3SYC2
O75467,Substrate,O75467
P43699,Substrate,P43699
Q5JQC9,Substrate,Q5JQC9
Q3SXR2,Substrate,Q3SXR2
Q9H8N7,Substrate,Q9H8N7
Q86UX6,Substrate,Q86UX6
Q504T8,Substrate,Q504T8
O76100,Substrate,O76100
Q9H207,Substrate,Q9H207
O43766,Substrate,O43766
O60741,Substrate,O60741
Q96BQ3,Substrate,Q96BQ3
Q96RB7,Substrate,Q96RB7
P05114,Substrate,P05114
Q9UHL9,Substrate,Q9UHL9
Q5TF21,Substrate,Q5TF21
P18858,Substrate,P18858
P49640,Substrate,P49640
Q96KQ4,Substrate,Q96KQ4
P01037,Substrate,P01037
P54821,Substrate,P54821
P50052,Substrate,P50052
Q9C0K0,Substrate,Q9C0K0
Q9NY61,Substrate,Q9NY61
Q01844,Substrate,Q01844
A8MUX0,Substrate,A8MUX0
Q9NZU7,Substrate,Q9NZU7
Q96K19,E3,Q96K19
P52823,Substrate,P52823
Q8WW52,Substrate,Q8WW52
Q6ZMI3,Substrate,Q6ZMI3
P78537,Substrate,P78537
Q8N3Z6,Substrate,Q8N3Z6
Q12999,Substrate,Q12999
P22888,Substrate,P22888
B2RBV5,Substrate,B2RBV5
Q6NZ67,Substrate,Q6NZ67
P78539,Substrate,P78539
P06276,Substrate,P06276
Q86UE8,Substrate,Q86UE8
Q86UV5,Substrate,Q86UV5
Q8TF74,Substrate,Q8TF74
Q96NY9,Substrate,Q96NY9
Q6W5P4,Substrate,Q6W5P4
Q9UHD2,Substrate,Q9UHD2
Q96T55,Substrate,Q96T55
P05538,Substrate,P05538
Q6IQ55,Substrate,Q6IQ55
Q86UN2,Substrate,Q86UN2
P49238,Substrate,P49238
P49915,Substrate,P49915
Q8TE68,Substrate,Q8TE68
Q8WUM4,Substrate,Q8WUM4
Q9GZT5,Substrate,Q9GZT5
Q96T53,Substrate,Q96T53
Q9H4S2,Substrate,Q9H4S2
Q6ZN79,Substrate,Q6ZN79
O95835,E3,O95835
Q8IYI6,Substrate,Q8IYI6
A8MPP1,Substrate,A8MPP1
Q93088,Substrate,Q93088
Q99571,Substrate,Q99571
Q8NGN1,Substrate,Q8NGN1
Q15544,Substrate,Q15544
Q9H1B7,E3,Q9H1B7
Q8NBB4,Substrate,Q8NBB4
O94911,Substrate,O94911
M0R2J8,Substrate,M0R2J8
Q96LI6,Substrate,Q96LI6
P63241,Substrate,P63241
P02771,Substrate,P02771
Q9NXL6,Substrate,Q9NXL6
P51955,Substrate,P51955
P20273,Substrate,P20273
P33121,Substrate,P33121
Q9Y5X2,Substrate,Q9Y5X2
Q9BS34,Substrate,Q9BS34
Q8NG98,Substrate,Q8NG98
Q12901,Substrate,Q12901
P48960,Substrate,P48960
P55011,Substrate,P55011
Q9UBV2,Substrate,Q9UBV2
Q3ZAQ7,Substrate,Q3ZAQ7
Q96GQ7,Substrate,Q96GQ7
Q86UD1,Substrate,Q86UD1
P07204,Substrate,P07204
Q9BS92,Substrate,Q9BS92
A2RUU4,Substrate,A2RUU4
Q9NSB2,Substrate,Q9NSB2
Q6PCB8,Substrate,Q6PCB8
Q9BTD1,Substrate,Q9BTD1
O60341,Substrate,O60341
A0A8V8TNH8,Substrate,A0A8V8TNH8
Q9Y345,Substrate,Q9Y345
P13498,Substrate,P13498
Q8NBL3,Substrate,Q8NBL3
Q9HBF4,Substrate,Q9HBF4
Q13207,Substrate,Q13207
Q14978,Substrate,Q14978
Q6PGP7,Substrate,Q6PGP7
Q86V48,Substrate,Q86V48
Q9Y5H9,Substrate,Q9Y5H9
Q9UN42,Substrate,Q9UN42
P62841,Substrate,P62841
Q14687,Substrate,Q14687
Q9H3K2,Substrate,Q9H3K2
Q9NX05,Substrate,Q9NX05
Q6GYQ0,Substrate,Q6GYQ0
Q70SY1,Substrate,Q70SY1
Q9Y6D6,Substrate,Q9Y6D6
Q68DY1,Substrate,Q68DY1
Q9H875,Substrate,Q9H875
O95976,Substrate,O95976
Q9NUV7,Substrate,Q9NUV7
Q9Y5Q9,Substrate,Q9Y5Q9
Q8WTW4,Substrate,Q8WTW4
Q8N9G6,Substrate,Q8N9G6
Q9BWH2,Substrate,Q9BWH2
P52789,Substrate,P52789
Q5SZD4,Substrate,Q5SZD4
Q96SL1,Substrate,Q96SL1
P14672,Substrate,P14672
O15371,Substrate,O15371
P30559,Substrate,P30559
Q9P202,Substrate,Q9P202
Q7RTV5,Substrate,Q7RTV5
A0A0J9YWP8,Substrate,A0A0J9YWP8
P12271,Substrate,P12271
P62263,Substrate,P62263
Q9Y231,Substrate,Q9Y231
Q8IUD2,Substrate,Q8IUD2
Q9H987,Substrate,Q9H987
O00501,Substrate,O00501
Q9BXS6,Substrate,Q9BXS6
P04155,Substrate,P04155
Q8IYN0,Substrate,Q8IYN0
Q9Y285,Substrate,Q9Y285
Q9C0D5,Substrate,Q9C0D5
O15533,Substrate,O15533
Q9Y4E5,Substrate,Q9Y4E5
O60244,Substrate,O60244
P0DTE4,Substrate,P0DTE4
Q6P4F2,Substrate,Q6P4F2
Q9NWM3,Substrate,Q9NWM3
Q9Y6M1,Substrate,Q9Y6M1
Q8NH61,Substrate,Q8NH61
P0DKB6,Substrate,P0DKB6
O60930,Substrate,O60930
Q6ZRQ5,Substrate,Q6ZRQ5
O94889,E3,O94889
Q15744,Substrate,Q15744
Q969K3,E3,Q969K3
Q96S53,Substrate,Q96S53
O14498,Substrate,O14498
P02652,Substrate,P02652
O95990,Substrate,O95990
Q96HQ2,Substrate,Q96HQ2
Q8N3S3,Substrate,Q8N3S3
P61981,Substrate,P61981
Q8IVL6,Substrate,Q8IVL6
P30411,Substrate,P30411
Q9BU61,Substrate,Q9BU61
Q96A37,E3,Q96A37
Q6ZN32,Substrate,Q6ZN32
Q96A56,Substrate,Q96A56
Q8TEA8,Substrate,Q8TEA8
Q9ULE6,Substrate,Q9ULE6
A0A075B6H7,Substrate,A0A075B6H7
Q9H361,Substrate,Q9H361
Q99933,Substrate,Q99933
Q9HAR2,Substrate,Q9HAR2
Q12829,Substrate,Q12829
Q8N3D4,Substrate,Q8N3D4
Q96P69,Substrate,Q96P69
Q14914,Substrate,Q14914
Q9BYX4,Substrate,Q9BYX4
A0A1W2PR48,Substrate,A0A1W2PR48
Q15007,Substrate,Q15007
Q8TB68,Substrate,Q8TB68
Q6P1R3,Substrate,Q6P1R3
Q70E73,Substrate,Q70E73
Q9BYP9,Substrate,Q9BYP9
Q14995,Substrate,Q14995
P28062,Substrate,P28062
Q9HD15,Substrate,Q9HD15
Q9NUQ7,Substrate,Q9NUQ7
Q9BVC4,Substrate,Q9BVC4
P49757,Substrate,P49757
P53814,Substrate,P53814
Q8WTT2,Substrate,Q8WTT2
P30046,Substrate,P30046
Q96K78,Substrate,Q96K78
P62304,Substrate,P62304
Q3ZCU0,Substrate,Q3ZCU0
Q15773,Substrate,Q15773
F8W0I5,Substrate,F8W0I5
Q99741,Substrate,Q99741
Q96K21,Substrate,Q96K21
Q99665,Substrate,Q99665
O75596,Substrate,O75596
P82912,Substrate,P82912
P02753,Substrate,P02753
Q86VZ6,Substrate,Q86VZ6
Q6ZNG2,Substrate,Q6ZNG2
A8MUL3,Substrate,A8MUL3
Q92748,Substrate,Q92748
Q9UG22,Substrate,Q9UG22
Q8TBF4,Substrate,Q8TBF4
Q96RS6,Substrate,Q96RS6
Q8WWX8,Substrate,Q8WWX8
P49184,Substrate,P49184
Q9BQ16,Substrate,Q9BQ16
Q9BW27,Substrate,Q9BW27
Q9NRG0,Substrate,Q9NRG0
Q8IZU8,Substrate,Q8IZU8
Q15036,Substrate,Q15036
Q8TE99,Substrate,Q8TE99
Q96DR8,Substrate,Q96DR8
P02729,Substrate,P02729
Q8NGE8,Substrate,Q8NGE8
Q9BZS9,Substrate,Q9BZS9
P18545,Substrate,P18545
P21796,Substrate,P21796
Q86TG7,Substrate,Q86TG7
Q8IYS8,Substrate,Q8IYS8
P11172,Substrate,P11172
O94892,Substrate,O94892
Q96F83,Substrate,Q96F83
Q9GZU8,Substrate,Q9GZU8
P56748,Substrate,P56748
Q8IWL3,Substrate,Q8IWL3
Q8NEV1,Substrate,Q8NEV1
O75152,Substrate,O75152
O95278,Substrate,O95278
Q14525,Substrate,Q14525
Q96BR9,Substrate,Q96BR9
O95210,Substrate,O95210
Q96KR7,Substrate,Q96KR7
P27361,Substrate,P27361
Q8IUW3,Substrate,Q8IUW3
A0A1B0GTK4,Substrate,A0A1B0GTK4
P22307,Substrate,P22307
Q9H4M7,Substrate,Q9H4M7
A6NIK2,Substrate,A6NIK2
Q6P047,Substrate,Q6P047
Q9NUJ1,Substrate,Q9NUJ1
Q12852,Substrate,Q12852
P47887,Substrate,P47887
Q8NGK3,Substrate,Q8NGK3
P59044,Substrate,P59044
Q92620,Substrate,Q92620
Q5EG05,Substrate,Q5EG05
A5D8V7,Substrate,A5D8V7
Q9BRR3,Substrate,Q9BRR3
Q6PH85,Substrate,Q6PH85
A5LHX3,Substrate,A5LHX3
Q8NEC7,Substrate,Q8NEC7
P05451,Substrate,P05451
P48023,Substrate,P48023
Q8WYL5,Substrate,Q8WYL5
P17174,Substrate,P17174
Q0VG99,Substrate,Q0VG99
Q9H078,Substrate,Q9H078
Q16394,Substrate,Q16394
Q86TU6,Substrate,Q86TU6
P32119,Substrate,P32119
P36575,Substrate,P36575
Q5TEA3,Substrate,Q5TEA3
Q6IE81,Substrate,Q6IE81
Q9NVX0,Substrate,Q9NVX0
P08621,Substrate,P08621
Q9HA38,Substrate,Q9HA38
P03905,Substrate,P03905
Q9C099,Substrate,Q9C099
Q8NCQ7,Substrate,Q8NCQ7
Q5VUM1,Substrate,Q5VUM1
Q14145,E3,Q14145
Q8TCD6,Substrate,Q8TCD6
Q9H4G8,Substrate,Q9H4G8
Q13153,Substrate,Q13153
O14907,Substrate,O14907
Q9Y2R9,Substrate,Q9Y2R9
P38405,Substrate,P38405
O14732,Substrate,O14732
Q6IFN5,Substrate,Q6IFN5
Q9BQD1,Substrate,Q9BQD1
Q6ZN55,Substrate,Q6ZN55
Q8IX90,Substrate,Q8IX90
P09884,Substrate,P09884
P78347,Substrate,P78347
Q8WTS6,Substrate,Q8WTS6
Q86VW0,Substrate,Q86VW0
O43255,E3,O43255
Q9BZD4,Substrate,Q9BZD4
P49788,Substrate,P49788
Q8IWW6,Substrate,Q8IWW6
Q09327,Substrate,Q09327
Q9BSJ6,Substrate,Q9BSJ6
P50993,Substrate,P50993
O75388,Substrate,O75388
Q9GZV7,Substrate,Q9GZV7
Q96NZ1,Substrate,Q96NZ1
O00141,Substrate,O00141
Q9UJP4,E3,Q9UJP4
Q8IXZ3,Substrate,Q8IXZ3
Q6UX73,Substrate,Q6UX73
Q9BV10,Substrate,Q9BV10
Q96L15,Substrate,Q96L15
Q2I0M5,Substrate,Q2I0M5
Q92952,Substrate,Q92952
Q6EBC2,Substrate,Q6EBC2
O75920,Substrate,O75920
Q96RE7,Substrate,Q96RE7
Q9UGI0,Substrate,Q9UGI0
Q9H2K2,Substrate,Q9H2K2
Q01970,Substrate,Q01970
P52294,Substrate,P52294
P35637,Substrate,P35637
Q8IWB1,Substrate,Q8IWB1
O15315,Substrate,O15315
O75815,Substrate,O75815
Q96PM9,Substrate,Q96PM9
Q96EB1,Substrate,Q96EB1
P38484,Substrate,P38484
Q96PV4,Substrate,Q96PV4
Q92502,Substrate,Q92502
P01893,Substrate,P01893
Q9UHC9,Substrate,Q9UHC9
P10242,Substrate,P10242
Q86UP8,Substrate,Q86UP8
Q9HCI7,E3,Q9HCI7
Q9Y5A6,Substrate,Q9Y5A6
Q96LT4,Substrate,Q96LT4
Q6VN20,Substrate,Q6VN20
Q5T742,Substrate,Q5T742
Q8NFV4,Substrate,Q8NFV4
P57052,Substrate,P57052
Q9H379,Substrate,Q9H379
Q92786,Substrate,Q92786
Q16763,Substrate,Q16763
P48764,Substrate,P48764
Q8N8Z3,Substrate,Q8N8Z3
P14867,Substrate,P14867
Q12972,Substrate,Q12972
Q6ZW31,Substrate,Q6ZW31
Q8IZD4,Substrate,Q8IZD4
Q9BXS1,Substrate,Q9BXS1
Q13426,Substrate,Q13426
Q04743,Substrate,Q04743
Q08495,Substrate,Q08495
Q8NC67,Substrate,Q8NC67
P98179,Substrate,P98179
Q9Y606,Substrate,Q9Y606
Q9BX82,Substrate,Q9BX82
Q8WXF0,Substrate,Q8WXF0
O43261,Substrate,O43261
P33991,Substrate,P33991
Q13395,Substrate,Q13395
Q9NVS9,Substrate,Q9NVS9
Q9C0E8,Substrate,Q9C0E8
O14613,Substrate,O14613
A6PVC2,Substrate,A6PVC2
Q13325,Substrate,Q13325
A9QM74,Substrate,A9QM74
P25685,Substrate,P25685
Q3BBV2,Substrate,Q3BBV2
Q8IWD5,Substrate,Q8IWD5
P27986,Substrate,P27986
P06753,Substrate,P06753
P35269,Substrate,P35269
Q969S3,Substrate,Q969S3
Q8TCY9,Substrate,Q8TCY9
Q9NRJ3,Substrate,Q9NRJ3
P04731,Substrate,P04731
P62714,Substrate,P62714
Q5VYY2,Substrate,Q5VYY2
Q13614,Substrate,Q13614
P01859,Substrate,P01859
Q9NR22,Substrate,Q9NR22
Q6NVV0,Substrate,Q6NVV0
P59861,Substrate,P59861
O95158,Substrate,O95158
Q9H582,Substrate,Q9H582
P23677,Substrate,P23677
B3KU38,Substrate,B3KU38
Q12866,Substrate,Q12866
Q96IL0,Substrate,Q96IL0
Q14558,Substrate,Q14558
Q8WV16,E3,Q8WV16
O75340,Substrate,O75340
Q8N5R6,Substrate,Q8N5R6
Q7L5A8,Substrate,Q7L5A8
Q86XS5,Substrate,Q86XS5
Q9UPN4,Substrate,Q9UPN4
Q49AH0,Substrate,Q49AH0
Q9H7E2,Substrate,Q9H7E2
O14523,Substrate,O14523
P61266,Substrate,P61266
Q9BSG1,Substrate,Q9BSG1
Q14934,Substrate,Q14934
P55196,Substrate,P55196
Q6UXP7,Substrate,Q6UXP7
Q969X6,Substrate,Q969X6
Q6PCB5,Substrate,Q6PCB5
P0DV76,Substrate,P0DV76
Q15637,Substrate,Q15637
P59103,Substrate,P59103
Q6UXA7,Substrate,Q6UXA7
A6NCV1,Substrate,A6NCV1
Q6P6C2,Substrate,Q6P6C2
P28906,Substrate,P28906
Q5CZ79,Substrate,Q5CZ79
Q7Z6K1,Substrate,Q7Z6K1
O60220,Substrate,O60220
P04432,Substrate,P04432
Q9P000,Substrate,Q9P000
P50443,Substrate,P50443
Q9UIS9,Substrate,Q9UIS9
Q86T20,Substrate,Q86T20
Q14332,Substrate,Q14332
Q9NZN1,Substrate,Q9NZN1
P23368,Substrate,P23368
Q9H342,Substrate,Q9H342
Q5JTY5,Substrate,Q5JTY5
Q8NE31,Substrate,Q8NE31
O15530,Substrate,O15530
Q99735,Substrate,Q99735
A0A2Z4LIS9,Substrate,A0A2Z4LIS9
P43627,Substrate,P43627
Q9UPQ9,Substrate,Q9UPQ9
P02675,Substrate,P02675
Q9BYX2,Substrate,Q9BYX2
Q9NYW4,Substrate,Q9NYW4
Q9NQR4,Substrate,Q9NQR4
P21802,Substrate,P21802
Q8N8A2,Substrate,Q8N8A2
O15400,Substrate,O15400
Q14161,Substrate,Q14161
A0A1B0GUA7,Substrate,A0A1B0GUA7
Q14012,Substrate,Q14012
Q96NL3,Substrate,Q96NL3
Q9BUA6,Substrate,Q9BUA6
O15273,Substrate,O15273
O00217,Substrate,O00217
Q96DN5,Substrate,Q96DN5
Q8IUB5,Substrate,Q8IUB5
Q6BCY4,Substrate,Q6BCY4
Q13330,Substrate,Q13330
O60783,Substrate,O60783
Q9BPX5,Substrate,Q9BPX5
Q86W26,Substrate,Q86W26
Q8NGE9,Substrate,Q8NGE9
Q03112,Substrate,Q03112
O75602,Substrate,O75602
P55055,Substrate,P55055
P18847,Substrate,P18847
Q68D10,Substrate,Q68D10
Q6DT37,Substrate,Q6DT37
Q9BYN8,Substrate,Q9BYN8
Q9NR12,Substrate,Q9NR12
Q13435,Substrate,Q13435
Q99958,Substrate,Q99958
P00740,Substrate,P00740
Q92560,Substrate,Q92560
Q53RY4,Substrate,Q53RY4
O76062,Substrate,O76062
Q7LC44,Substrate,Q7LC44
Q9NQ50,Substrate,Q9NQ50
P42898,Substrate,P42898
Q96AP4,Substrate,Q96AP4
Q01433,Substrate,Q01433
P22570,Substrate,P22570
A6NM36,Substrate,A6NM36
B4DZS4,Substrate,B4DZS4
Q9GZP8,Substrate,Q9GZP8
Q9H7B2,Substrate,Q9H7B2
P27037,Substrate,P27037
O43548,Substrate,O43548
P14061,Substrate,P14061
Q8NGU9,Substrate,Q8NGU9
P63096,Substrate,P63096
P98077,Substrate,P98077
Q8WX77,Substrate,Q8WX77
Q99633,Substrate,Q99633
P01601,Substrate,P01601
P11586,Substrate,P11586
Q86Z23,Substrate,Q86Z23
Q6NUK1,Substrate,Q6NUK1
Q6ZMN7,Substrate,Q6ZMN7
Q96LL3,Substrate,Q96LL3
Q6DHV5,Substrate,Q6DHV5
Q8N752,Substrate,Q8N752
Q96K83,Substrate,Q96K83
Q53G44,Substrate,Q53G44
P35609,Substrate,P35609
P43353,Substrate,P43353
Q9H672,E3,Q9H672
Q96KC8,Substrate,Q96KC8
Q14444,Substrate,Q14444
P78352,Substrate,P78352
Q8IW35,Substrate,Q8IW35
Q9H9J2,Substrate,Q9H9J2
O43818,Substrate,O43818
Q8N5U0,Substrate,Q8N5U0
P0CJ87,Substrate,P0CJ87
Q02363,Substrate,Q02363
P15085,Substrate,P15085
Q3LI67,Substrate,Q3LI67
P23378,Substrate,P23378
P01732,Substrate,P01732
Q6P1L8,Substrate,Q6P1L8
Q9Y4X5,E3,Q9Y4X5
Q96K62,Substrate,Q96K62
Q9BV90,Substrate,Q9BV90
O60493,Substrate,O60493
Q8NI32,Substrate,Q8NI32
Q96FJ2,Substrate,Q96FJ2
Q6UWQ5,Substrate,Q6UWQ5
P07585,Substrate,P07585
Q96I51,Substrate,Q96I51
E9PGG2,Substrate,E9PGG2
O14880,Substrate,O14880
P35568,Substrate,P35568
P0DPH9,Substrate,P0DPH9
P63252,Substrate,P63252
O15121,Substrate,O15121
Q9NRI7,Substrate,Q9NRI7
O95347,Substrate,O95347
Q99622,Substrate,Q99622
Q96BA8,Substrate,Q96BA8
Q08380,Substrate,Q08380
Q16644,Substrate,Q16644
Q05048,Substrate,Q05048
Q14765,Substrate,Q14765
P12272,Substrate,P12272
Q9C0F1,Substrate,Q9C0F1
Q96AB3,Substrate,Q96AB3
Q96M91,Substrate,Q96M91
Q92563,Substrate,Q92563
Q9NV72,Substrate,Q9NV72
Q13144,Substrate,Q13144
Q9NQN1,Substrate,Q9NQN1
P51808,Substrate,P51808
Q96M63,Substrate,Q96M63
O00629,Substrate,O00629
Q6T423,Substrate,Q6T423
Q9NYB9,Substrate,Q9NYB9
O43790,Substrate,O43790
P03973,Substrate,P03973
Q00537,Substrate,Q00537
Q8TCP9,Substrate,Q8TCP9
A0A1B0GWH6,Substrate,A0A1B0GWH6
Q96IZ0,Substrate,Q96IZ0
O14830,Substrate,O14830
Q86XT4,E3,Q86XT4
Q8IVS8,Substrate,Q8IVS8
Q6ZU64,Substrate,Q6ZU64
O43825,Substrate,O43825
Q6PI73,Substrate,Q6PI73
Q6RSH7,Substrate,Q6RSH7
Q5T7B8,Substrate,Q5T7B8
Q96J92,Substrate,Q96J92
O95319,Substrate,O95319
P08069,Substrate,P08069
P40925,Substrate,P40925
Q8NGB4,Substrate,Q8NGB4
Q9H9Y4,Substrate,Q9H9Y4
P30679,Substrate,P30679
O43295,Substrate,O43295
O75394,Substrate,O75394
Q6PXP3,Substrate,Q6PXP3
Q9BRQ6,Substrate,Q9BRQ6
B6SEH9,Substrate,B6SEH9
P04070,Substrate,P04070
Q7Z4S9,Substrate,Q7Z4S9
Q8NG41,Substrate,Q8NG41
Q8N3J9,Substrate,Q8N3J9
P51991,Substrate,P51991
Q99608,Substrate,Q99608
P19835,Substrate,P19835
Q9UEU0,Substrate,Q9UEU0
P15056,Substrate,P15056
Q9NVA2,Substrate,Q9NVA2
Q13823,Substrate,Q13823
Q9HD26,Substrate,Q9HD26
Q9NQE9,Substrate,Q9NQE9
Q9ULL4,Substrate,Q9ULL4
O75251,Substrate,O75251
Q8N967,Substrate,Q8N967
Q52M93,Substrate,Q52M93
Q96MI6,Substrate,Q96MI6
Q9Y6K9,Substrate,Q9Y6K9
O95865,Substrate,O95865
Q96CB8,Substrate,Q96CB8
O60635,Substrate,O60635
Q9Y6D9,Substrate,Q9Y6D9
Q96LR2,Substrate,Q96LR2
Q93034,Substrate,Q93034
Q9BTU6,Substrate,Q9BTU6
Q8IZ81,Substrate,Q8IZ81
Q99574,Substrate,Q99574
Q99967,Substrate,Q99967
Q96BX8,Substrate,Q96BX8
Q8WY21,Substrate,Q8WY21
O43719,Substrate,O43719
O76076,Substrate,O76076
Q8NGE0,Substrate,Q8NGE0
Q8IWB7,Substrate,Q8IWB7
Q9UBC3,Substrate,Q9UBC3
A6NDN8,Substrate,A6NDN8
Q15058,Substrate,Q15058
Q96LW1,Substrate,Q96LW1
Q6PIW4,Substrate,Q6PIW4
P36551,Substrate,P36551
Q9UBV4,Substrate,Q9UBV4
O75800,Substrate,O75800
P20908,Substrate,P20908
Q96N87,Substrate,Q96N87
P13533,Substrate,P13533
Q13637,Substrate,Q13637
A6NM76,Substrate,A6NM76
Q86UY8,Substrate,Q86UY8
Q16836,Substrate,Q16836
O60683,E3,O60683
Q96S06,Substrate,Q96S06
Q8NBT0,Substrate,Q8NBT0
Q6IBW4,Substrate,Q6IBW4
Q9P246,Substrate,Q9P246
Q8NBJ9,Substrate,Q8NBJ9
O75344,Substrate,O75344
P07332,Substrate,P07332
P52630,Substrate,P52630
P63010,Substrate,P63010
Q8TAD8,Substrate,Q8TAD8
Q9BY78,E3,Q9BY78
Q6NT04,Substrate,Q6NT04
Q8N136,Substrate,Q8N136
Q96G74,Substrate,Q96G74
Q8IYS2,Substrate,Q8IYS2
Q9Y5H1,Substrate,Q9Y5H1
Q9BZD2,Substrate,Q9BZD2
Q9NPG3,Substrate,Q9NPG3
Q8N4E7,Substrate,Q8N4E7
Q04725,Substrate,Q04725
O14893,Substrate,O14893
Q13432,Substrate,Q13432
O60636,Substrate,O60636
Q6ICB0,Substrate,Q6ICB0
Q8WXE9,Substrate,Q8WXE9
P05120,Substrate,P05120
Q5VT28,Substrate,Q5VT28
Q8WZ55,Substrate,Q8WZ55
P55061,Substrate,P55061
Q13324,Substrate,Q13324
Q17RH7,Substrate,Q17RH7
Q8N4S0,Substrate,Q8N4S0
Q9Y5J9,Substrate,Q9Y5J9
Q9H2T7,Substrate,Q9H2T7
Q13702,Substrate,Q13702
P22352,Substrate,P22352
Q9BRG2,Substrate,Q9BRG2
Q86WV6,Substrate,Q86WV6
Q01959,Substrate,Q01959
Q9NTN9,Substrate,Q9NTN9
O60879,Substrate,O60879
A0A087X0M5,Substrate,A0A087X0M5
Q8IV63,Substrate,Q8IV63
Q86XR8,Substrate,Q86XR8
P45844,Substrate,P45844
Q13555,Substrate,Q13555
P29536,Substrate,P29536
Q6ZMY9,Substrate,Q6ZMY9
P56199,Substrate,P56199
Q05823,Substrate,Q05823
P07199,Substrate,P07199
Q9BSJ2,Substrate,Q9BSJ2
Q9Y614,Substrate,Q9Y614
Q9HC78,Substrate,Q9HC78
Q0VDF9,Substrate,Q0VDF9
Q96GS6,Substrate,Q96GS6
Q96JS3,Substrate,Q96JS3
P49588,Substrate,P49588
Q9UHF4,Substrate,Q9UHF4
P49418,Substrate,P49418
P04280,Substrate,P04280
P47883,Substrate,P47883
Q6Q0C0,E3,Q6Q0C0
Q9UI32,Substrate,Q9UI32
Q9H0B3,Substrate,Q9H0B3
P08684,Substrate,P08684
Q99828,Substrate,Q99828
Q9BRU2,Substrate,Q9BRU2
Q6NUN9,Substrate,Q6NUN9
A2A2Z9,Substrate,A2A2Z9
P61158,Substrate,P61158
O00257,Substrate,O00257
Q8NFV5,Substrate,Q8NFV5
Q7KZN9,Substrate,Q7KZN9
P11441,E3,P11441
Q7Z5A9,Substrate,Q7Z5A9
Q9H169,Substrate,Q9H169
Q8NH43,Substrate,Q8NH43
Q9UK97,E3,Q9UK97
Q9H0E3,Substrate,Q9H0E3
O95758,Substrate,O95758
Q8N370,Substrate,Q8N370
Q13118,Substrate,Q13118
Q92844,E3,Q92844
Q13286,Substrate,Q13286
O75083,Substrate,O75083
Q02252,Substrate,Q02252
A8CG34,Substrate,A8CG34
Q9Y3E5,Substrate,Q9Y3E5
Q9UII5,Substrate,Q9UII5
Q16254,Substrate,Q16254
Q03989,Substrate,Q03989
Q50LG9,Substrate,Q50LG9
P40939,Substrate,P40939
P43251,Substrate,P43251
Q86YT6,E3,Q86YT6
Q8IXR9,Substrate,Q8IXR9
Q9NZQ0,Substrate,Q9NZQ0
A0PK00,Substrate,A0PK00
Q8N398,Substrate,Q8N398
A2RRH5,Substrate,A2RRH5
A8MXD5,Substrate,A8MXD5
Q96DY2,Substrate,Q96DY2
Q96IU2,Substrate,Q96IU2
Q13126,Substrate,Q13126
Q8NHU0,Substrate,Q8NHU0
Q96R06,Substrate,Q96R06
Q9NTU7,Substrate,Q9NTU7
O75146,Substrate,O75146
Q76KX8,Substrate,Q76KX8
P01375,Substrate,P01375
Q9ULV1,Substrate,Q9ULV1
Q8IWF6,Substrate,Q8IWF6
P0DQW1,Substrate,P0DQW1
O60269,Substrate,O60269
P61567,Substrate,P61567
O60664,Substrate,O60664
Q8N6T0,Substrate,Q8N6T0
Q9NT99,Substrate,Q9NT99
A4D250,Substrate,A4D250
A0A075B6S9,Substrate,A0A075B6S9
O14978,Substrate,O14978
A8MRT5,Substrate,A8MRT5
O75475,Substrate,O75475
P17025,Substrate,P17025
Q8N1H7,Substrate,Q8N1H7
P02008,Substrate,P02008
Q9BSI4,Substrate,Q9BSI4
A1L453,Substrate,A1L453
Q9NRG9,Substrate,Q9NRG9
Q96QV6,Substrate,Q96QV6
P29323,Substrate,P29323
P51157,Substrate,P51157
P0CJ88,Substrate,P0CJ88
Q12950,Substrate,Q12950
O15079,Substrate,O15079
A4D0T7,Substrate,A4D0T7
Q86XU0,Substrate,Q86XU0
Q96S16,Substrate,Q96S16
P51681,Substrate,P51681
P30988,Substrate,P30988
Q9ULI0,Substrate,Q9ULI0
Q9H7P6,Substrate,Q9H7P6
Q9NXJ0,Substrate,Q9NXJ0
P28300,Substrate,P28300
Q96MF2,Substrate,Q96MF2
Q9NZR4,Substrate,Q9NZR4
Q13887,Substrate,Q13887
Q9H3Q3,Substrate,Q9H3Q3
Q86WG3,Substrate,Q86WG3
A0A075B6S6,Substrate,A0A075B6S6
A0A1B0GTS1,Substrate,A0A1B0GTS1
Q6UXG3,Substrate,Q6UXG3
Q8WTR8,Substrate,Q8WTR8
Q96EQ8,E3,Q96EQ8
A0A1B0GUX0,Substrate,A0A1B0GUX0
P40222,Substrate,P40222
Q8NFX7,Substrate,Q8NFX7
Q3YBM2,Substrate,Q3YBM2
Q9NYJ1,Substrate,Q9NYJ1
P02656,Substrate,P02656
Q9UJW0,Substrate,Q9UJW0
O00470,Substrate,O00470
Q96HC4,Substrate,Q96HC4
Q8N187,Substrate,Q8N187
Q9H3S4,Substrate,Q9H3S4
P0CG40,Substrate,P0CG40
P0CG37,Substrate,P0CG37
Q86TP1,Substrate,Q86TP1
P0DN81,Substrate,P0DN81
O60346,Substrate,O60346
P35241,Substrate,P35241
Q8IVH2,Substrate,Q8IVH2
Q3ZCT1,Substrate,Q3ZCT1
A0A494C1R9,Substrate,A0A494C1R9
Q76MJ5,Substrate,Q76MJ5
Q96DI7,Substrate,Q96DI7
A6NLP5,Substrate,A6NLP5
Q8IWA6,Substrate,Q8IWA6
Q8NI51,Substrate,Q8NI51
P98155,Substrate,P98155
Q8TF32,Substrate,Q8TF32
Q8NER1,Substrate,Q8NER1
Q8N135,Substrate,Q8N135
Q6IEU7,Substrate,Q6IEU7
Q96HU1,Substrate,Q96HU1
Q5M7Z0,Substrate,Q5M7Z0
A0A087WWA1,Substrate,A0A087WWA1
Q6QHK4,Substrate,Q6QHK4
Q6A555,Substrate,Q6A555
Q8N8F6,Substrate,Q8N8F6
Q7L5N7,Substrate,Q7L5N7
P51504,Substrate,P51504
Q9NXT0,Substrate,Q9NXT0
Q96MG2,Substrate,Q96MG2
Q9H963,Substrate,Q9H963
P01374,Substrate,P01374
Q2TAC6,Substrate,Q2TAC6
Q96DA2,Substrate,Q96DA2
Q96NJ3,Substrate,Q96NJ3
P0DKL9,Substrate,P0DKL9
Q9UKT5,E3,Q9UKT5
Q12872,Substrate,Q12872
O75683,Substrate,O75683
Q9BU19,Substrate,Q9BU19
Q5T200,Substrate,Q5T200
Q9GZQ3,Substrate,Q9GZQ3
Q13886,Substrate,Q13886
Q8NHE4,Substrate,Q8NHE4
P53582,Substrate,P53582
Q8NGL3,Substrate,Q8NGL3
Q9Y5N1,Substrate,Q9Y5N1
M0QZC1,Substrate,M0QZC1
Q76FK4,Substrate,Q76FK4
Q3LI61,Substrate,Q3LI61
P15374,Substrate,P15374
P57768,Substrate,P57768
P55058,Substrate,P55058
O96011,Substrate,O96011
O60641,Substrate,O60641
O14770,Substrate,O14770
O00401,Substrate,O00401
Q6N043,Substrate,Q6N043
Q9Y5H8,Substrate,Q9Y5H8
P27352,Substrate,P27352
Q6ZNG9,Substrate,Q6ZNG9
Q13496,Substrate,Q13496
Q8N9T2,Substrate,Q8N9T2
Q96HL8,Substrate,Q96HL8
O75426,Substrate,O75426
Q3SY00,Substrate,Q3SY00
P55064,Substrate,P55064
Q06055,Substrate,Q06055
Q08828,Substrate,Q08828
Q17RB0,Substrate,Q17RB0
Q8NFW5,Substrate,Q8NFW5
P51571,Substrate,P51571
P32745,Substrate,P32745
Q9UK11,Substrate,Q9UK11
Q53HI1,Substrate,Q53HI1
Q14168,Substrate,Q14168
Q5DJT8,Substrate,Q5DJT8
P38570,Substrate,P38570
P32314,Substrate,P32314
Q03519,Substrate,Q03519
Q14162,Substrate,Q14162
P34820,Substrate,P34820
Q13190,Substrate,Q13190
Q8IXL6,Substrate,Q8IXL6
A6NCN2,Substrate,A6NCN2
P42330,Substrate,P42330
Q9UI46,Substrate,Q9UI46
Q9UPQ4,E3,Q9UPQ4
Q4KMQ2,Substrate,Q4KMQ2
Q9UKN8,Substrate,Q9UKN8
Q9H488,Substrate,Q9H488
P59990,Substrate,P59990
Q12874,Substrate,Q12874
Q6UWP8,Substrate,Q6UWP8
P25063,Substrate,P25063
Q6NXT6,Substrate,Q6NXT6
Q8NHY2,E3,Q8NHY2
B2RXH8,Substrate,B2RXH8
Q9Y5H7,Substrate,Q9Y5H7
O95455,Substrate,O95455
Q8N9W4,Substrate,Q8N9W4
Q5VUJ9,Substrate,Q5VUJ9
Q9HA77,Substrate,Q9HA77
P20941,Substrate,P20941
Q8IZS8,Substrate,Q8IZS8
Q99645,Substrate,Q99645
Q9P0P0,E3,Q9P0P0
O14792,Substrate,O14792
Q03431,Substrate,Q03431
A8MTL3,Substrate,A8MTL3
P29803,Substrate,P29803
Q96B36,Substrate,Q96B36
Q8IX07,Substrate,Q8IX07
P0C864,Substrate,P0C864
Q5TYW2,Substrate,Q5TYW2
O15084,Substrate,O15084
P19634,Substrate,P19634
P49720,Substrate,P49720
Q96DT0,Substrate,Q96DT0
Q6ZN44,Substrate,Q6ZN44
P0C7W0,Substrate,P0C7W0
O76096,Substrate,O76096
Q8WWH4,Substrate,Q8WWH4
Q92186,Substrate,Q92186
P36406,E3,P36406
Q96KK4,Substrate,Q96KK4
Q8IZS6,Substrate,Q8IZS6
O14966,Substrate,O14966
Q9C0J1,Substrate,Q9C0J1
Q7Z3E2,Substrate,Q7Z3E2
Q8IUB3,Substrate,Q8IUB3
Q9NQX0,Substrate,Q9NQX0
P49815,Substrate,P49815
Q2I0M4,Substrate,Q2I0M4
P35869,E3,P35869
Q5I0X7,Substrate,Q5I0X7
Q8IWS0,Substrate,Q8IWS0
Q9UL46,Substrate,Q9UL46
Q9C0H5,Substrate,Q9C0H5
P09917,Substrate,P09917
Q9Y217,Substrate,Q9Y217
P10635,Substrate,P10635
Q96L33,Substrate,Q96L33
Q8NFH4,Substrate,Q8NFH4
Q9H354,Substrate,Q9H354
O95551,Substrate,O95551
Q9HBY0,Substrate,Q9HBY0
P12107,Substrate,P12107
Q9NP81,Substrate,Q9NP81
Q6ZRV3,Substrate,Q6ZRV3
Q00535,Substrate,Q00535
Q8IUS5,Substrate,Q8IUS5
Q6NXP2,Substrate,Q6NXP2
Q3KQV9,Substrate,Q3KQV9
Q8NA66,Substrate,Q8NA66
Q8N127,Substrate,Q8N127
Q15762,Substrate,Q15762
Q8IY34,Substrate,Q8IY34
Q8NET6,Substrate,Q8NET6
Q86SF2,Substrate,Q86SF2
O95661,Substrate,O95661
Q8WVK7,Substrate,Q8WVK7
Q93077,Substrate,Q93077
Q96B23,Substrate,Q96B23
O15392,Substrate,O15392
Q9NZK5,Substrate,Q9NZK5
O60336,Substrate,O60336
Q9Y6X9,Substrate,Q9Y6X9
Q8N859,Substrate,Q8N859
P52951,Substrate,P52951
Q14C86,Substrate,Q14C86
Q2TAY7,Substrate,Q2TAY7
Q9BS86,Substrate,Q9BS86
Q9BTX7,Substrate,Q9BTX7
Q9UJV3,E3,Q9UJV3
Q9NZU5,Substrate,Q9NZU5
Q9BXA5,Substrate,Q9BXA5
P52803,Substrate,P52803
Q495M3,Substrate,Q495M3
Q9Y3A0,Substrate,Q9Y3A0
P14866,Substrate,P14866
Q9BSC4,Substrate,Q9BSC4
Q8N6D2,E3,Q8N6D2
Q6TCH4,Substrate,Q6TCH4
Q6E0U4,Substrate,Q6E0U4
Q9UBT7,Substrate,Q9UBT7
Q9UJT2,Substrate,Q9UJT2
Q96JA1,Substrate,Q96JA1
Q14185,Substrate,Q14185
Q96I36,Substrate,Q96I36
Q96FT7,Substrate,Q96FT7
P01909,Substrate,P01909
Q7RTY9,Substrate,Q7RTY9
A8MYJ7,Substrate,A8MYJ7
Q8IZ13,Substrate,Q8IZ13
Q8WXD9,Substrate,Q8WXD9
Q5T8D3,Substrate,Q5T8D3
Q96BT7,Substrate,Q96BT7
Q7Z7G2,Substrate,Q7Z7G2
Q4LDR2,Substrate,Q4LDR2
O94888,Substrate,O94888
P15735,Substrate,P15735
Q9BYG4,Substrate,Q9BYG4
Q96MN2,Substrate,Q96MN2
A6NIJ5,Substrate,A6NIJ5
P10966,Substrate,P10966
Q9Y283,Substrate,Q9Y283
P0DL12,Substrate,P0DL12
O95433,Substrate,O95433
Q13884,Substrate,Q13884
Q8TAB5,Substrate,Q8TAB5
O95718,Substrate,O95718
Q86UE3,Substrate,Q86UE3
Q86X27,Substrate,Q86X27
Q495X7,Substrate,Q495X7
Q92600,Substrate,Q92600
Q96AQ9,Substrate,Q96AQ9
P30154,Substrate,P30154
Q99743,Substrate,Q99743
A0JLT2,Substrate,A0JLT2
Q8N688,Substrate,Q8N688
O75608,Substrate,O75608
O75164,Substrate,O75164
Q6PJ21,E3,Q6PJ21
Q9Y5G4,Substrate,Q9Y5G4
Q9H5V7,Substrate,Q9H5V7
P51826,Substrate,P51826
Q9UBB9,Substrate,Q9UBB9
Q9BXM9,Substrate,Q9BXM9
O75533,Substrate,O75533
Q6ZNQ3,Substrate,Q6ZNQ3
Q9Y2D0,Substrate,Q9Y2D0
P01568,Substrate,P01568
Q6Q8B3,Substrate,Q6Q8B3
A6NFT4,Substrate,A6NFT4
Q8NGN5,Substrate,Q8NGN5
P48165,Substrate,P48165
O95786,E3,O95786
Q5VV16,Substrate,Q5VV16
O94876,Substrate,O94876
P17987,Substrate,P17987
P46098,Substrate,P46098
Q9C093,Substrate,Q9C093
P22792,Substrate,P22792
O00410,Substrate,O00410
Q02218,Substrate,Q02218
Q9BQD3,Substrate,Q9BQD3
Q8IWE4,Substrate,Q8IWE4
Q6UXV3,Substrate,Q6UXV3
Q6PKX4,Substrate,Q6PKX4
P0C628,Substrate,P0C628
Q17RN3,Substrate,Q17RN3
Q6P9A3,Substrate,Q6P9A3
Q6ZSS3,Substrate,Q6ZSS3
P86479,Substrate,P86479
A0A1B0GUW7,Substrate,A0A1B0GUW7
Q12768,Substrate,Q12768
P53041,Substrate,P53041
P25067,Substrate,P25067
O15123,Substrate,O15123
Q5SYC1,Substrate,Q5SYC1
Q9Y673,Substrate,Q9Y673
Q9Y5L3,Substrate,Q9Y5L3
Q9Y3T6,Substrate,Q9Y3T6
Q8TBF2,Substrate,Q8TBF2
Q6UX46,Substrate,Q6UX46
O60565,Substrate,O60565
Q9NQX5,Substrate,Q9NQX5
P84098,Substrate,P84098
Q96EW2,Substrate,Q96EW2
Q5TB30,Substrate,Q5TB30
Q9BRY0,Substrate,Q9BRY0
P0C853,Substrate,P0C853
Q9BZL1,Substrate,Q9BZL1
A6NMB9,Substrate,A6NMB9
Q8IV13,Substrate,Q8IV13
Q5VW22,Substrate,Q5VW22
Q6ZST2,Substrate,Q6ZST2
A0A1W2PQ09,Substrate,A0A1W2PQ09
P42261,Substrate,P42261
Q8NE35,Substrate,Q8NE35
A0A1B0GVZ6,Substrate,A0A1B0GVZ6
Q8NGY3,Substrate,Q8NGY3
P31314,Substrate,P31314
Q9H6R6,Substrate,Q9H6R6
Q92845,Substrate,Q92845
Q8WV93,Substrate,Q8WV93
Q68EM7,Substrate,Q68EM7
Q6IF36,Substrate,Q6IF36
P07947,Substrate,P07947
P59533,Substrate,P59533
Q6UW15,Substrate,Q6UW15
Q9HAP2,Substrate,Q9HAP2
Q05940,Substrate,Q05940
Q13613,Substrate,Q13613
Q5VUE5,Substrate,Q5VUE5
Q8WWH5,Substrate,Q8WWH5
Q969D9,Substrate,Q969D9
O60318,Substrate,O60318
Q92903,Substrate,Q92903
A6NCI5,Substrate,A6NCI5
Q8NFR7,Substrate,Q8NFR7
Q8TCC3,Substrate,Q8TCC3
Q9Y2J2,Substrate,Q9Y2J2
Q96J86,Substrate,Q96J86
Q9NWS8,Substrate,Q9NWS8
A6NMS3,Substrate,A6NMS3
O60942,Substrate,O60942
Q8TED1,Substrate,Q8TED1
Q16384,Substrate,Q16384
O95461,Substrate,O95461
Q4KMG9,Substrate,Q4KMG9
P16383,Substrate,P16383
O42043,Substrate,O42043
Q4QY38,Substrate,Q4QY38
Q7L0J3,Substrate,Q7L0J3
Q9H0V9,Substrate,Q9H0V9
Q8N9B4,Substrate,Q8N9B4
P28070,Substrate,P28070
Q9NYF5,Substrate,Q9NYF5
O75844,Substrate,O75844
P23258,Substrate,P23258
Q14166,Substrate,Q14166
Q0D2K3,Substrate,Q0D2K3
Q8N1L4,Substrate,Q8N1L4
A0A1B0GVZ2,Substrate,A0A1B0GVZ2
P01111,Substrate,P01111
Q86WJ1,Substrate,Q86WJ1
P50749,Substrate,P50749
P05113,Substrate,P05113
Q5H9J7,Substrate,Q5H9J7
A8K855,Substrate,A8K855
O75718,Substrate,O75718
Q96BN6,Substrate,Q96BN6
Q92859,Substrate,Q92859
P06213,Substrate,P06213
P43632,Substrate,P43632
P47870,Substrate,P47870
Q5T2Q4,Substrate,Q5T2Q4
Q9NRN9,Substrate,Q9NRN9
Q8WXK4,E3,Q8WXK4
Q4L235,Substrate,Q4L235
Q14699,Substrate,Q14699
Q6KB66,Substrate,Q6KB66
Q8NB37,Substrate,Q8NB37
Q8IX05,Substrate,Q8IX05
Q6Q788,Substrate,Q6Q788
Q96ST3,Substrate,Q96ST3
Q58FF7,Substrate,Q58FF7
Q9ULT6,Substrate,Q9ULT6
Q8N6I1,Substrate,Q8N6I1
Q13797,Substrate,Q13797
Q8WXA3,Substrate,Q8WXA3
P51793,Substrate,P51793
Q2Q1W2,E3,Q2Q1W2
Q9H3M7,Substrate,Q9H3M7
Q9NS86,Substrate,Q9NS86
Q16878,Substrate,Q16878
Q5TBK1,Substrate,Q5TBK1
Q9UBP9,Substrate,Q9UBP9
P20333,Substrate,P20333
Q17RD7,Substrate,Q17RD7
P11233,Substrate,P11233
Q6NYC1,Substrate,Q6NYC1
P31146,Substrate,P31146
Q63HK3,Substrate,Q63HK3
Q8TC12,Substrate,Q8TC12
Q9Y608,Substrate,Q9Y608
B1AL46,Substrate,B1AL46
O95872,Substrate,O95872
P21246,Substrate,P21246
Q9BUV0,Substrate,Q9BUV0
Q96N64,Substrate,Q96N64
Q9NXC2,Substrate,Q9NXC2
S4R3Y5,Substrate,S4R3Y5
Q969H4,Substrate,Q969H4
Q9UNW8,Substrate,Q9UNW8
P10074,Substrate,P10074
Q12906,Substrate,Q12906
Q9NYM9,Substrate,Q9NYM9
O15265,Substrate,O15265
Q14141,Substrate,Q14141
P55809,Substrate,P55809
Q5JR98,Substrate,Q5JR98
P25189,Substrate,P25189
P20231,Substrate,P20231
Q9NPG8,Substrate,Q9NPG8
O95416,Substrate,O95416
Q8N808,Substrate,Q8N808
O14522,Substrate,O14522
Q9HBU9,Substrate,Q9HBU9
Q96RU3,Substrate,Q96RU3
Q68CP9,Substrate,Q68CP9
O00255,Substrate,O00255
P0C7M8,Substrate,P0C7M8
Q6P3W2,Substrate,Q6P3W2
Q86UA1,Substrate,Q86UA1
O95500,Substrate,O95500
P49019,Substrate,P49019
Q96LB1,Substrate,Q96LB1
Q9HCI5,E3,Q9HCI5
P48307,Substrate,P48307
Q96J01,Substrate,Q96J01
Q7Z478,Substrate,Q7Z478
Q9BUR5,Substrate,Q9BUR5
Q9UDW3,Substrate,Q9UDW3
Q86WN1,Substrate,Q86WN1
P48664,Substrate,P48664
A1L0T0,Substrate,A1L0T0
Q9C009,Substrate,Q9C009
Q9ULZ3,Substrate,Q9ULZ3
P54132,Substrate,P54132
Q86VP1,Substrate,Q86VP1
P01593,Substrate,P01593
Q9HCC0,Substrate,Q9HCC0
Q86XM0,Substrate,Q86XM0
Q8N1X5,Substrate,Q8N1X5
P29218,Substrate,P29218
Q8N4S9,Substrate,Q8N4S9
P34981,Substrate,P34981
P13861,Substrate,P13861
Q86UX2,Substrate,Q86UX2
Q2QGD7,Substrate,Q2QGD7
Q14CW9,Substrate,Q14CW9
O94769,Substrate,O94769
Q05586,Substrate,Q05586
Q9BT81,Substrate,Q9BT81
Q7RTZ2,Substrate,Q7RTZ2
P51946,Substrate,P51946
Q9H2G2,Substrate,Q9H2G2
Q9UHB9,Substrate,Q9UHB9
Q00796,Substrate,Q00796
Q15811,Substrate,Q15811
Q6NVV3,Substrate,Q6NVV3
Q9NPI0,Substrate,Q9NPI0
Q9UL15,Substrate,Q9UL15
Q8NBF4,Substrate,Q8NBF4
Q8TF17,Substrate,Q8TF17
Q99943,Substrate,Q99943
O95388,Substrate,O95388
Q8IYX3,Substrate,Q8IYX3
Q92523,Substrate,Q92523
Q9NUU6,Substrate,Q9NUU6
Q9BUD6,Substrate,Q9BUD6
Q9UBP0,Substrate,Q9UBP0
Q6UXK2,Substrate,Q6UXK2
Q14202,Substrate,Q14202
P11086,Substrate,P11086
P68104,Substrate,P68104
Q9NQV7,Substrate,Q9NQV7
Q6ZMQ8,Substrate,Q6ZMQ8
Q6IPR3,Substrate,Q6IPR3
Q86W25,Substrate,Q86W25
Q8WTZ4,Substrate,Q8WTZ4
A2RU54,Substrate,A2RU54
Q86YG4,Substrate,Q86YG4
P62140,Substrate,P62140
Q9UK99,E3,Q9UK99
P61129,Substrate,P61129
Q86XN6,Substrate,Q86XN6
Q8IWR1,E3,Q8IWR1
Q6S5H5,Substrate,Q6S5H5
A0A075B6N2,Substrate,A0A075B6N2
O75956,Substrate,O75956
A0A286YF60,Substrate,A0A286YF60
Q96PZ0,Substrate,Q96PZ0
Q8WUY1,Substrate,Q8WUY1
A6NNV3,Substrate,A6NNV3
P49768,Substrate,P49768
P51608,Substrate,P51608
Q9H6Q4,Substrate,Q9H6Q4
A0A0U1RRL7,Substrate,A0A0U1RRL7
Q8IZP9,Substrate,Q8IZP9
Q9BPY3,Substrate,Q9BPY3
Q8NHQ9,Substrate,Q8NHQ9
Q9BVK2,Substrate,Q9BVK2
Q7Z5V6,Substrate,Q7Z5V6
Q9UP79,Substrate,Q9UP79
Q86V81,Substrate,Q86V81
Q9NSV4,Substrate,Q9NSV4
P23582,Substrate,P23582
P14902,Substrate,P14902
Q9NP73,Substrate,Q9NP73
B6SEH8,Substrate,B6SEH8
Q9HAY2,E3,Q9HAY2
Q6ZP29,Substrate,Q6ZP29
P16870,Substrate,P16870
Q9Y2B5,Substrate,Q9Y2B5
O94812,Substrate,O94812
Q9NZL9,Substrate,Q9NZL9
Q6IWH7,Substrate,Q6IWH7
Q96EB6,Substrate,Q96EB6
Q00532,Substrate,Q00532
O95997,Substrate,O95997
P0C7X3,Substrate,P0C7X3
P28222,Substrate,P28222
P0CB48,Substrate,P0CB48
A7MD48,Substrate,A7MD48
Q16654,Substrate,Q16654
Q8NA31,Substrate,Q8NA31
Q9NRJ5,Substrate,Q9NRJ5
P42167,Substrate,P42167
Q6U736,Substrate,Q6U736
Q499Z3,Substrate,Q499Z3
Q53FD0,Substrate,Q53FD0
Q9BXF6,Substrate,Q9BXF6
Q9Y2G3,Substrate,Q9Y2G3
Q13087,Substrate,Q13087
Q8IUC2,Substrate,Q8IUC2
A0A0J9YXQ4,Substrate,A0A0J9YXQ4
Q9Y3B1,Substrate,Q9Y3B1
O75427,Substrate,O75427
P29973,Substrate,P29973
Q9BQK8,Substrate,Q9BQK8
P48730,Substrate,P48730
Q01469,Substrate,Q01469
Q8IY31,Substrate,Q8IY31
Q9Y5K8,Substrate,Q9Y5K8
O75074,Substrate,O75074
Q9NTZ6,Substrate,Q9NTZ6
Q9P2W6,Substrate,Q9P2W6
Q9H4M3,E3,Q9H4M3
O00193,Substrate,O00193
Q9BSE5,Substrate,Q9BSE5
Q16512,Substrate,Q16512
Q13188,Substrate,Q13188
A6NJZ3,Substrate,A6NJZ3
P18507,Substrate,P18507
Q9BX40,Substrate,Q9BX40
Q96CS7,Substrate,Q96CS7
Q9UBY8,Substrate,Q9UBY8
Q15517,Substrate,Q15517
Q9H000,E3,Q9H000
Q9P1Q0,Substrate,Q9P1Q0
Q86XK7,Substrate,Q86XK7
P17535,Substrate,P17535
Q6ZU65,Substrate,Q6ZU65
O75121,Substrate,O75121
A0A286YF58,Substrate,A0A286YF58
Q8N4T0,Substrate,Q8N4T0
Q8TDB4,Substrate,Q8TDB4
A0PJZ3,Substrate,A0PJZ3
P47884,Substrate,P47884
Q9P0K7,Substrate,Q9P0K7
P60002,Substrate,P60002
O43525,Substrate,O43525
Q9BYV8,Substrate,Q9BYV8
P23786,Substrate,P23786
Q6UWS5,Substrate,Q6UWS5
A6NGU7,Substrate,A6NGU7
Q9UKR0,Substrate,Q9UKR0
P42285,Substrate,P42285
O95147,Substrate,O95147
Q8NCL8,Substrate,Q8NCL8
P28065,Substrate,P28065
Q9Y5I1,Substrate,Q9Y5I1
Q9UN37,Substrate,Q9UN37
Q6ZRI8,Substrate,Q6ZRI8
Q8NFJ6,Substrate,Q8NFJ6
O43847,Substrate,O43847
Q9UKI8,Substrate,Q9UKI8
A0A075B759,Substrate,A0A075B759
P60201,Substrate,P60201
Q7Z3Y8,Substrate,Q7Z3Y8
Q96DP5,Substrate,Q96DP5
Q9P0W0,Substrate,Q9P0W0
P29120,Substrate,P29120
Q96MX0,Substrate,Q96MX0
Q8WXU2,Substrate,Q8WXU2
P43686,Substrate,P43686
Q9BYB0,Substrate,Q9BYB0
Q10571,Substrate,Q10571
A4FU69,Substrate,A4FU69
Q53FT3,Substrate,Q53FT3
O75896,Substrate,O75896
Q9BT88,Substrate,Q9BT88
Q9NZI7,Substrate,Q9NZI7
Q9H4Z3,Substrate,Q9H4Z3
P55265,Substrate,P55265
Q9BR01,Substrate,Q9BR01
Q8N3X6,Substrate,Q8N3X6
Q9ULS6,Substrate,Q9ULS6
Q9H0D2,Substrate,Q9H0D2
Q9C002,Substrate,Q9C002
P15291,Substrate,P15291
Q14527,E3,Q14527
Q99935,Substrate,Q99935
P0C7W9,Substrate,P0C7W9
Q8NGH7,Substrate,Q8NGH7
P16284,Substrate,P16284
O76042,Substrate,O76042
P01876,Substrate,P01876
P43355,Substrate,P43355
Q15031,Substrate,Q15031
Q96K12,Substrate,Q96K12
Q8N8S7,Substrate,Q8N8S7
O95813,Substrate,O95813
Q9Y383,Substrate,Q9Y383
Q8NG94,Substrate,Q8NG94
Q9UGI6,Substrate,Q9UGI6
P57073,Substrate,P57073
Q96A99,Substrate,Q96A99
A0A075B6K6,Substrate,A0A075B6K6
Q2M243,Substrate,Q2M243
P0CJ92,Substrate,P0CJ92
Q5TDH0,Substrate,Q5TDH0
Q4VC05,Substrate,Q4VC05
Q15262,Substrate,Q15262
Q15139,Substrate,Q15139
Q3MIS6,Substrate,Q3MIS6
P13682,Substrate,P13682
Q99895,Substrate,Q99895
Q2UY09,Substrate,Q2UY09
Q9NXZ1,Substrate,Q9NXZ1
Q9H074,Substrate,Q9H074
Q2TBA0,Substrate,Q2TBA0
Q13635,Substrate,Q13635
Q99598,Substrate,Q99598
Q8N2N9,Substrate,Q8N2N9
P60608,Substrate,P60608
A1A519,Substrate,A1A519
Q8NGF4,Substrate,Q8NGF4
P38606,Substrate,P38606
Q8TBF8,Substrate,Q8TBF8
Q8N6V4,Substrate,Q8N6V4
P0C2L3,Substrate,P0C2L3
Q8NGD4,Substrate,Q8NGD4
Q7Z5Q1,Substrate,Q7Z5Q1
A0A494C191,Substrate,A0A494C191
P29692,Substrate,P29692
Q969Q5,Substrate,Q969Q5
Q569K6,Substrate,Q569K6
P05000,Substrate,P05000
Q3SXM0,Substrate,Q3SXM0
Q8N0Y3,Substrate,Q8N0Y3
P37268,Substrate,P37268
Q5HYJ1,Substrate,Q5HYJ1
Q8N4L2,Substrate,Q8N4L2
O43196,Substrate,O43196
Q9H7M6,Substrate,Q9H7M6
P39086,Substrate,P39086
P0C645,Substrate,P0C645
O43309,Substrate,O43309
P11387,Substrate,P11387
Q5TZF3,Substrate,Q5TZF3
O95602,Substrate,O95602
Q16517,Substrate,Q16517
P62241,Substrate,P62241
Q13508,Substrate,Q13508
O43298,Substrate,O43298
Q6ZSC3,Substrate,Q6ZSC3
Q5TID7,Substrate,Q5TID7
P01764,Substrate,P01764
P30419,Substrate,P30419
P48735,Substrate,P48735
Q8NDB2,Substrate,Q8NDB2
Q16222,Substrate,Q16222
Q96PJ5,Substrate,Q96PJ5
P54868,Substrate,P54868
Q8WZ73,E3,Q8WZ73
Q8IY85,Substrate,Q8IY85
Q9Y366,Substrate,Q9Y366
P35670,Substrate,P35670
O75362,Substrate,O75362
Q9NSD9,Substrate,Q9NSD9
Q6ZTQ3,Substrate,Q6ZTQ3
Q9Y6M0,Substrate,Q9Y6M0
Q8NCA5,Substrate,Q8NCA5
P51452,Substrate,P51452
O60383,Substrate,O60383
Q6UXV1,Substrate,Q6UXV1
Q6P5S7,Substrate,Q6P5S7
Q8TB37,Substrate,Q8TB37
Q8TC41,E3,Q8TC41
Q96N68,Substrate,Q96N68
Q86YS3,Substrate,Q86YS3
Q8NGR3,Substrate,Q8NGR3
Q92552,Substrate,Q92552
Q16775,Substrate,Q16775
Q9Y6M5,Substrate,Q9Y6M5
Q16534,Substrate,Q16534
B1APH4,Substrate,B1APH4
Q6ZTY9,Substrate,Q6ZTY9
P43003,Substrate,P43003
P11217,Substrate,P11217
Q14186,Substrate,Q14186
P35346,Substrate,P35346
Q96NW7,Substrate,Q96NW7
Q92806,Substrate,Q92806
P51800,Substrate,P51800
Q587I9,Substrate,Q587I9
A0A1B0GUS0,Substrate,A0A1B0GUS0
Q9Y6Z7,Substrate,Q9Y6Z7
P07550,Substrate,P07550
O00451,Substrate,O00451
Q15195,Substrate,Q15195
E7ERA6,Substrate,E7ERA6
Q9Y5I0,Substrate,Q9Y5I0
P01583,Substrate,P01583
P31274,Substrate,P31274
P23945,Substrate,P23945
P01611,Substrate,P01611
O43304,Substrate,O43304
Q9Y2A7,Substrate,Q9Y2A7
P13762,Substrate,P13762
Q08629,Substrate,Q08629
Q6P2H3,Substrate,Q6P2H3
P52790,Substrate,P52790
Q6ZRS4,Substrate,Q6ZRS4
Q86YJ6,Substrate,Q86YJ6
Q8N8V4,Substrate,Q8N8V4
Q96MC5,Substrate,Q96MC5
Q96B21,Substrate,Q96B21
O95363,Substrate,O95363
F5GYI3,Substrate,F5GYI3
Q9NP87,Substrate,Q9NP87
Q9H2I8,Substrate,Q9H2I8
P86790,Substrate,P86790
Q6P9B6,Substrate,Q6P9B6
Q8IZC4,Substrate,Q8IZC4
Q9HBR0,Substrate,Q9HBR0
Q9H6K5,Substrate,Q9H6K5
P24071,Substrate,P24071
P40926,Substrate,P40926
Q86SG5,Substrate,Q86SG5
Q92520,Substrate,Q92520
O75167,Substrate,O75167
Q38SD2,Substrate,Q38SD2
Q2MKA7,Substrate,Q2MKA7
Q96M69,Substrate,Q96M69
O75143,Substrate,O75143
Q5SXM8,Substrate,Q5SXM8
O96018,Substrate,O96018
Q3MIV0,Substrate,Q3MIV0
Q8NHB8,Substrate,Q8NHB8
Q5H9K5,Substrate,Q5H9K5
Q86WR0,Substrate,Q86WR0
Q9UMX9,Substrate,Q9UMX9
O14526,Substrate,O14526
Q9HCG1,Substrate,Q9HCG1
Q15818,Substrate,Q15818
Q8IX06,Substrate,Q8IX06
O95390,Substrate,O95390
Q8N205,Substrate,Q8N205
Q9Y2Q0,Substrate,Q9Y2Q0
Q9UPW8,Substrate,Q9UPW8
Q9HAJ7,Substrate,Q9HAJ7
Q9NYK6,Substrate,Q9NYK6
Q9BXJ0,Substrate,Q9BXJ0
Q9H6D3,Substrate,Q9H6D3
P57088,Substrate,P57088
Q9UBS9,Substrate,Q9UBS9
P25090,Substrate,P25090
Q12841,Substrate,Q12841
Q9NSJ1,Substrate,Q9NSJ1
Q8N2E6,Substrate,Q8N2E6
O60675,Substrate,O60675
P35790,Substrate,P35790
O75888,Substrate,O75888
Q02246,Substrate,Q02246
Q9BUE6,Substrate,Q9BUE6
Q7Z602,Substrate,Q7Z602
Q96JK4,Substrate,Q96JK4
Q96MB7,Substrate,Q96MB7
P51530,Substrate,P51530
P81172,Substrate,P81172
Q9Y584,Substrate,Q9Y584
Q96GM5,Substrate,Q96GM5
P0DUH7,Substrate,P0DUH7
Q9H0J4,Substrate,Q9H0J4
Q96J65,Substrate,Q96J65
Q5SQ80,Substrate,Q5SQ80
Q9Y3D3,Substrate,Q9Y3D3
Q6NW34,Substrate,Q6NW34
P0C0S8,Substrate,P0C0S8
Q96MA1,Substrate,Q96MA1
Q96CW6,Substrate,Q96CW6
Q9UHD1,Substrate,Q9UHD1
O43323,Substrate,O43323
Q8NEU8,Substrate,Q8NEU8
Q8MH63,Substrate,Q8MH63
A0A1W2PR82,Substrate,A0A1W2PR82
P26436,Substrate,P26436
A0A286YF01,Substrate,A0A286YF01
A6NDL8,Substrate,A6NDL8
Q9HD40,Substrate,Q9HD40
Q99592,Substrate,Q99592
Q96GJ1,Substrate,Q96GJ1
Q5VW36,Substrate,Q5VW36
Q9H7D7,Substrate,Q9H7D7
Q8IZH2,Substrate,Q8IZH2
P22090,Substrate,P22090
Q96CA5,E3,Q96CA5
Q2M3D2,Substrate,Q2M3D2
P28072,Substrate,P28072
Q9BUA3,Substrate,Q9BUA3
O14562,Substrate,O14562
Q96K80,Substrate,Q96K80
Q9HCZ1,Substrate,Q9HCZ1
Q2KHR2,Substrate,Q2KHR2
O43934,Substrate,O43934
Q0D2K2,Substrate,Q0D2K2
Q9UJX2,Substrate,Q9UJX2
P26022,Substrate,P26022
Q06323,Substrate,Q06323
Q9BWW7,Substrate,Q9BWW7
Q5VT66,Substrate,Q5VT66
A6NEY8,Substrate,A6NEY8
O95490,Substrate,O95490
Q92820,Substrate,Q92820
Q8NCA9,Substrate,Q8NCA9
P02765,Substrate,P02765
Q9UGU5,Substrate,Q9UGU5
O75676,Substrate,O75676
Q5T7N8,Substrate,Q5T7N8
O75771,Substrate,O75771
Q8IWX8,Substrate,Q8IWX8
Q6UX39,Substrate,Q6UX39
P10515,Substrate,P10515
Q7Z2T5,Substrate,Q7Z2T5
P84074,Substrate,P84074
Q8TDR2,Substrate,Q8TDR2
Q8N9L1,Substrate,Q8N9L1
Q9NS64,Substrate,Q9NS64
Q9UIG4,Substrate,Q9UIG4
Q9P255,Substrate,Q9P255
Q9P2Y5,Substrate,Q9P2Y5
Q9H1J7,Substrate,Q9H1J7
Q9Y2P7,Substrate,Q9Y2P7
Q7L622,E3,Q7L622
Q9Y6I3,Substrate,Q9Y6I3
Q8N423,Substrate,Q8N423
Q14627,Substrate,Q14627
Q8IWE5,Substrate,Q8IWE5
P42081,Substrate,P42081
Q9ULL1,Substrate,Q9ULL1
Q5JXX7,Substrate,Q5JXX7
O60506,Substrate,O60506
Q99675,E3,Q99675
O14965,E3,O14965
Q5SXH7,Substrate,Q5SXH7
P0DKX0,Substrate,P0DKX0
Q8NC54,Substrate,Q8NC54
Q9Y5Q8,Substrate,Q9Y5Q8
A0A1B0GTU1,Substrate,A0A1B0GTU1
Q96Q27,E3,Q96Q27
Q6DHY5,Substrate,Q6DHY5
O43776,Substrate,O43776
O75951,Substrate,O75951
Q8NGZ5,Substrate,Q8NGZ5
Q14140,Substrate,Q14140
O75290,Substrate,O75290
Q9BY07,Substrate,Q9BY07
P49754,Substrate,P49754
Q9NZC7,Substrate,Q9NZC7
Q13322,Substrate,Q13322
Q8IZT9,Substrate,Q8IZT9
Q9UIG0,Substrate,Q9UIG0
Q86YN6,Substrate,Q86YN6
Q4UJ75,Substrate,Q4UJ75
Q9NV12,Substrate,Q9NV12
Q9NZP6,Substrate,Q9NZP6
Q9Y2E6,E3,Q9Y2E6
Q9ULD0,Substrate,Q9ULD0
O95084,Substrate,O95084
Q8IXS8,Substrate,Q8IXS8
P16471,Substrate,P16471
Q9BY21,Substrate,Q9BY21
Q96MT1,E3,Q96MT1
O76064,E3,O76064
Q8NH59,Substrate,Q8NH59
P52739,Substrate,P52739
Q96LZ3,Substrate,Q96LZ3
Q5W150,Substrate,Q5W150
Q96I23,Substrate,Q96I23
A6NHJ4,Substrate,A6NHJ4
Q92576,Substrate,Q92576
Q9Y4C2,Substrate,Q9Y4C2
Q13952,Substrate,Q13952
Q15013,Substrate,Q15013
Q92982,Substrate,Q92982
P05455,Substrate,P05455
Q9Y580,Substrate,Q9Y580
Q9UM73,Substrate,Q9UM73
Q96QE2,Substrate,Q96QE2
Q9BXJ2,Substrate,Q9BXJ2
Q969Y2,Substrate,Q969Y2
O60811,Substrate,O60811
P51553,Substrate,P51553
P07357,Substrate,P07357
Q7L0X2,Substrate,Q7L0X2
Q9P0B6,Substrate,Q9P0B6
Q01850,Substrate,Q01850
Q5JVS0,Substrate,Q5JVS0
Q96JK2,E3,Q96JK2
Q86UL8,Substrate,Q86UL8
Q8WWU5,Substrate,Q8WWU5
Q8N414,Substrate,Q8N414
Q9UBT6,Substrate,Q9UBT6
Q9P0T7,Substrate,Q9P0T7
A6NKD2,Substrate,A6NKD2
Q8IZF3,Substrate,Q8IZF3
P20849,Substrate,P20849
Q8NHZ8,Substrate,Q8NHZ8
Q9Y678,Substrate,Q9Y678
P41225,Substrate,P41225
O43759,Substrate,O43759
Q96KR6,Substrate,Q96KR6
Q8NGS8,Substrate,Q8NGS8
Q86XP1,Substrate,Q86XP1
Q9BPW5,Substrate,Q9BPW5
O00459,Substrate,O00459
Q96RT6,Substrate,Q96RT6
P29965,Substrate,P29965
P60370,Substrate,P60370
Q9H6R4,Substrate,Q9H6R4
A1L190,Substrate,A1L190
Q96QC0,Substrate,Q96QC0
Q9NV29,Substrate,Q9NV29
Q9UGK3,Substrate,Q9UGK3
Q96N06,Substrate,Q96N06
Q86Y79,Substrate,Q86Y79
Q8N9Z0,Substrate,Q8N9Z0
O60427,Substrate,O60427
Q9UHR5,Substrate,Q9UHR5
Q8NGT5,Substrate,Q8NGT5
P42702,Substrate,P42702
O75830,Substrate,O75830
P28039,Substrate,P28039
Q12946,Substrate,Q12946
Q8TBZ3,Substrate,Q8TBZ3
Q9NSY2,Substrate,Q9NSY2
Q8TC26,Substrate,Q8TC26
Q13523,Substrate,Q13523
Q9BRJ6,Substrate,Q9BRJ6
Q9UKD1,Substrate,Q9UKD1
A2RUH7,Substrate,A2RUH7
Q01664,Substrate,Q01664
A6NCL2,Substrate,A6NCL2
A6NGY5,Substrate,A6NGY5
A0A1W2PPG7,Substrate,A0A1W2PPG7
Q6NZ63,Substrate,Q6NZ63
Q6ZRX8,Substrate,Q6ZRX8
Q8TF39,Substrate,Q8TF39
Q7Z570,Substrate,Q7Z570
P56178,Substrate,P56178
H0YL14,Substrate,H0YL14
Q693B1,E3,Q693B1
Q9UBX1,Substrate,Q9UBX1
P58180,Substrate,P58180
Q7L591,Substrate,Q7L591
A0JNW5,Substrate,A0JNW5
Q8WWM1,Substrate,Q8WWM1
P09912,Substrate,P09912
Q9P266,Substrate,Q9P266
Q13434,Substrate,Q13434
Q9NZC4,Substrate,Q9NZC4
Q9BXW9,Substrate,Q9BXW9
P55808,Substrate,P55808
Q9NR28,Substrate,Q9NR28
Q8N813,Substrate,Q8N813
Q969W9,Substrate,Q969W9
O75531,Substrate,O75531
Q8IYW5,E3,Q8IYW5
Q8IX29,Substrate,Q8IX29
Q9BY32,Substrate,Q9BY32
Q8NEK8,Substrate,Q8NEK8
Q9H0M4,Substrate,Q9H0M4
Q9NT62,Substrate,Q9NT62
Q9BQI6,Substrate,Q9BQI6
Q496F6,Substrate,Q496F6
O14908,Substrate,O14908
Q86W56,Substrate,Q86W56
P01282,Substrate,P01282
O14521,Substrate,O14521
Q7Z4N8,Substrate,Q7Z4N8
P25398,Substrate,P25398
Q6PG37,Substrate,Q6PG37
Q9UBW8,Substrate,Q9UBW8
Q66GS9,Substrate,Q66GS9
O60939,Substrate,O60939
O96005,Substrate,O96005
O75448,Substrate,O75448
Q86VZ5,Substrate,Q86VZ5
P40938,Substrate,P40938
Q86TL0,Substrate,Q86TL0
Q5BIV9,Substrate,Q5BIV9
O76002,Substrate,O76002
Q13099,Substrate,Q13099
Q494X3,Substrate,Q494X3
Q8NBF6,Substrate,Q8NBF6
P29371,Substrate,P29371
Q00G26,Substrate,Q00G26
Q8N2C3,Substrate,Q8N2C3
A5X5Y0,Substrate,A5X5Y0
A6NC97,Substrate,A6NC97
Q9BW83,Substrate,Q9BW83
P01034,Substrate,P01034
Q9H2A7,Substrate,Q9H2A7
L0R819,Substrate,L0R819
P16104,Substrate,P16104
Q7Z5R6,Substrate,Q7Z5R6
A0A286YFK9,Substrate,A0A286YFK9
Q9Y3D5,Substrate,Q9Y3D5
A6NHC0,Substrate,A6NHC0
H0UI37,Substrate,H0UI37
Q7L0X0,Substrate,Q7L0X0
Q7RTU0,Substrate,Q7RTU0
Q9NXZ2,Substrate,Q9NXZ2
Q9NXJ5,Substrate,Q9NXJ5
Q6UXU6,Substrate,Q6UXU6
Q9BXV9,Substrate,Q9BXV9
O43246,Substrate,O43246
Q5SV17,Substrate,Q5SV17
Q9ULI3,Substrate,Q9ULI3
Q7Z4H8,Substrate,Q7Z4H8
P18510,Substrate,P18510
Q8WY91,Substrate,Q8WY91
Q96ES7,Substrate,Q96ES7
Q8ND71,Substrate,Q8ND71
A6NL88,Substrate,A6NL88
Q53HL2,Substrate,Q53HL2
Q8IY82,Substrate,Q8IY82
A0AVT1,Substrate,A0AVT1
P10588,Substrate,P10588
Q8N2M8,Substrate,Q8N2M8
Q9NPI6,Substrate,Q9NPI6
P63261,Substrate,P63261
Q6IPX3,Substrate,Q6IPX3
O00327,Substrate,O00327
Q7RTN6,Substrate,Q7RTN6
A6NHM9,Substrate,A6NHM9
Q9Y6Q6,Substrate,Q9Y6Q6
A6NKW6,Substrate,A6NKW6
A0A075B6L2,Substrate,A0A075B6L2
Q92871,Substrate,Q92871
Q9UKA2,E3,Q9UKA2
Q96NL8,Substrate,Q96NL8
Q96I13,Substrate,Q96I13
Q05084,Substrate,Q05084
O94778,Substrate,O94778
O60308,Substrate,O60308
Q5SSJ5,Substrate,Q5SSJ5
P0CE72,Substrate,P0CE72
Q8NFZ5,Substrate,Q8NFZ5
Q1ED39,Substrate,Q1ED39
Q9HB71,E3,Q9HB71
Q8IYR0,Substrate,Q8IYR0
Q9UM07,Substrate,Q9UM07
Q5XPI4,E3,Q5XPI4
Q6NUS8,Substrate,Q6NUS8
Q5T0J7,Substrate,Q5T0J7
Q9UH36,Substrate,Q9UH36
Q13107,Substrate,Q13107
Q6P1J9,Substrate,Q6P1J9
Q12952,Substrate,Q12952
O95867,Substrate,O95867
Q9NP78,Substrate,Q9NP78
Q86VF5,Substrate,Q86VF5
Q6YI46,Substrate,Q6YI46
Q8WV15,Substrate,Q8WV15
P52435,Substrate,P52435
Q9Y2Y8,Substrate,Q9Y2Y8
P43357,Substrate,P43357
Q96I99,Substrate,Q96I99
Q96EQ0,Substrate,Q96EQ0
Q7Z6M2,E3,Q7Z6M2
P61326,Substrate,P61326
P16619,Substrate,P16619
Q01726,Substrate,Q01726
Q9UPM6,Substrate,Q9UPM6
Q9Y4F3,Substrate,Q9Y4F3
A0A0J9YX06,Substrate,A0A0J9YX06
O75131,Substrate,O75131
A8MPS7,Substrate,A8MPS7
Q96Q05,Substrate,Q96Q05
Q6PHW0,Substrate,Q6PHW0
Q6ZMB5,Substrate,Q6ZMB5
Q86VM9,Substrate,Q86VM9
Q9BYJ4,E3,Q9BYJ4
Q92731,Substrate,Q92731
Q99795,Substrate,Q99795
Q9BRP1,Substrate,Q9BRP1
Q9BXC1,Substrate,Q9BXC1
Q96RG2,Substrate,Q96RG2
A0A5B7,Substrate,A0A5B7
Q8WWM9,Substrate,Q8WWM9
Q5XX13,E3,Q5XX13
O43791,E3,O43791
Q5T9S5,Substrate,Q5T9S5
Q6VVX0,Substrate,Q6VVX0
Q17RC7,Substrate,Q17RC7
P31358,Substrate,P31358
Q53GS9,Substrate,Q53GS9
Q96DG6,Substrate,Q96DG6
P12034,Substrate,P12034
P02655,Substrate,P02655
A8K554,Substrate,A8K554
Q99541,Substrate,Q99541
Q8IYN2,Substrate,Q8IYN2
Q14108,Substrate,Q14108
Q86YJ7,Substrate,Q86YJ7
Q96FZ5,Substrate,Q96FZ5
Q8NGI8,Substrate,Q8NGI8
O60315,Substrate,O60315
Q9P2M7,Substrate,Q9P2M7
Q92565,Substrate,Q92565
Q86XL3,Substrate,Q86XL3
P31415,Substrate,P31415
A6NNN8,Substrate,A6NNN8
P56851,Substrate,P56851
Q7L1I2,Substrate,Q7L1I2
Q9ULJ7,Substrate,Q9ULJ7
Q9Y2Z4,Substrate,Q9Y2Z4
Q8NFY4,Substrate,Q8NFY4
P27987,Substrate,P27987
Q13569,Substrate,Q13569
Q96BM1,Substrate,Q96BM1
Q13268,Substrate,Q13268
Q96RT7,Substrate,Q96RT7
Q96JZ2,Substrate,Q96JZ2
Q6ZV80,Substrate,Q6ZV80
Q96BW1,Substrate,Q96BW1
P98177,Substrate,P98177
P55198,Substrate,P55198
Q16611,Substrate,Q16611
O60241,Substrate,O60241
Q14679,Substrate,Q14679
Q8J025,Substrate,Q8J025
Q86UD4,Substrate,Q86UD4
P28069,Substrate,P28069
Q9Y2T2,Substrate,Q9Y2T2
Q8NBM8,Substrate,Q8NBM8
O75155,Substrate,O75155
P42830,Substrate,P42830
Q96P70,Substrate,Q96P70
Q9Y6G5,Substrate,Q9Y6G5
Q9NY30,Substrate,Q9NY30
A2RUB6,Substrate,A2RUB6
Q6DKJ4,Substrate,Q6DKJ4
Q8N2H9,E3,Q8N2H9
Q9BXR0,Substrate,Q9BXR0
Q92833,Substrate,Q92833
Q13042,Substrate,Q13042
P17342,Substrate,P17342
Q86TI4,Substrate,Q86TI4
A0A0C4DH72,Substrate,A0A0C4DH72
Q9NZP5,Substrate,Q9NZP5
P04211,Substrate,P04211
Q8N7U9,Substrate,Q8N7U9
Q9NPF7,Substrate,Q9NPF7
Q5SY13,Substrate,Q5SY13
Q9HBF5,Substrate,Q9HBF5
Q96BW9,Substrate,Q96BW9
O60934,Substrate,O60934
Q15572,Substrate,Q15572
P28702,Substrate,P28702
P00540,Substrate,P00540
P68366,Substrate,P68366
P28290,Substrate,P28290
P16333,Substrate,P16333
Q9UBU8,Substrate,Q9UBU8
P17022,Substrate,P17022
Q7Z3S9,Substrate,Q7Z3S9
P30305,Substrate,P30305
P01780,Substrate,P01780
Q13907,Substrate,Q13907
Q8N9W8,Substrate,Q8N9W8
Q96EG3,Substrate,Q96EG3
Q96SR6,Substrate,Q96SR6
Q9BUF5,Substrate,Q9BUF5
O95229,Substrate,O95229
P05976,Substrate,P05976
Q03060,Substrate,Q03060
O43303,Substrate,O43303
Q9BZH6,Substrate,Q9BZH6
Q0JRZ9,Substrate,Q0JRZ9
A6NC78,Substrate,A6NC78
P41218,Substrate,P41218
Q5SYB0,Substrate,Q5SYB0
A0A0C4DGP1,Substrate,A0A0C4DGP1
O15037,Substrate,O15037
Q8N661,Substrate,Q8N661
P40933,Substrate,P40933
Q7L4P6,Substrate,Q7L4P6
Q9H2F3,Substrate,Q9H2F3
F5H284,Substrate,F5H284
Q5T197,E3,Q5T197
O75808,Substrate,O75808
Q96PU4,E3,Q96PU4
B4DX44,Substrate,B4DX44
Q99797,Substrate,Q99797
Q9BXM0,Substrate,Q9BXM0
O76082,Substrate,O76082
Q8NGH9,Substrate,Q8NGH9
O00391,Substrate,O00391
Q8WTU0,Substrate,Q8WTU0
O15535,Substrate,O15535
O60548,Substrate,O60548
Q14847,Substrate,Q14847
O14641,Substrate,O14641
P10914,Substrate,P10914
Q96NU0,Substrate,Q96NU0
Q9Y2I9,Substrate,Q9Y2I9
Q6ZT62,Substrate,Q6ZT62
Q9HAW7,Substrate,Q9HAW7
Q1HG44,Substrate,Q1HG44
Q9NZH0,Substrate,Q9NZH0
Q14749,Substrate,Q14749
O60779,Substrate,O60779
O94826,Substrate,O94826
P23769,Substrate,P23769
P31152,Substrate,P31152
Q8NBR0,Substrate,Q8NBR0
O60307,Substrate,O60307
Q14146,Substrate,Q14146
P49441,Substrate,P49441
O75298,Substrate,O75298
Q96EK9,Substrate,Q96EK9
Q9BTT6,Substrate,Q9BTT6
Q9NPH6,Substrate,Q9NPH6
Q8TDM5,Substrate,Q8TDM5
Q5VTD9,Substrate,Q5VTD9
Q8N4C7,Substrate,Q8N4C7
Q96HA9,Substrate,Q96HA9
O60637,Substrate,O60637
A0A096LP55,Substrate,A0A096LP55
P35219,Substrate,P35219
Q12824,Substrate,Q12824
O43347,Substrate,O43347
Q8IZM0,Substrate,Q8IZM0
Q9NX36,Substrate,Q9NX36
P78362,Substrate,P78362
Q9UK22,E3,Q9UK22
Q8TDP1,Substrate,Q8TDP1
Q8IU68,Substrate,Q8IU68
Q86VX2,Substrate,Q86VX2
Q7RTT3,Substrate,Q7RTT3
Q8NGL2,Substrate,Q8NGL2
Q9GZP9,Substrate,Q9GZP9
Q9H972,Substrate,Q9H972
O00139,Substrate,O00139
O94875,Substrate,O94875
Q8NEG5,E3,Q8NEG5
Q8TEW8,Substrate,Q8TEW8
B3EWF7,Substrate,B3EWF7
P62745,Substrate,P62745
Q8TF44,Substrate,Q8TF44
Q6ZN18,Substrate,Q6ZN18
P62306,Substrate,P62306
P53801,Substrate,P53801
A0A087X1C5,Substrate,A0A087X1C5
P0DW13,Substrate,P0DW13
A0A2R8YFL7,Substrate,A0A2R8YFL7
Q5T848,Substrate,Q5T848
Q15398,Substrate,Q15398
O43186,Substrate,O43186
Q9ULD5,Substrate,Q9ULD5
Q9H346,Substrate,Q9H346
Q9Y365,Substrate,Q9Y365
Q9BSK0,Substrate,Q9BSK0
Q9HCU8,Substrate,Q9HCU8
Q9H320,Substrate,Q9H320
Q14249,Substrate,Q14249
Q96QU1,Substrate,Q96QU1
Q16828,Substrate,Q16828
Q9UL49,Substrate,Q9UL49
Q9UPP1,Substrate,Q9UPP1
Q9C0J8,Substrate,Q9C0J8
Q6EMK4,Substrate,Q6EMK4
Q13409,Substrate,Q13409
Q14953,Substrate,Q14953
Q8IZJ1,Substrate,Q8IZJ1
Q6P5X5,Substrate,Q6P5X5
P01566,Substrate,P01566
Q96EV2,Substrate,Q96EV2
Q96N03,Substrate,Q96N03
Q6ZTI0,Substrate,Q6ZTI0
P57103,Substrate,P57103
O95243,Substrate,O95243
Q9ULK4,Substrate,Q9ULK4
Q9UPV9,Substrate,Q9UPV9
Q06830,Substrate,Q06830
Q9H222,Substrate,Q9H222
A6NGE4,Substrate,A6NGE4
Q96QD5,Substrate,Q96QD5
Q6ZS10,Substrate,Q6ZS10
Q9H339,Substrate,Q9H339
P53370,Substrate,P53370
Q92643,Substrate,Q92643
Q9Y5S8,Substrate,Q9Y5S8
O95198,E3,O95198
A6NI47,Substrate,A6NI47
O95373,Substrate,O95373
Q68D85,Substrate,Q68D85
Q9P241,Substrate,Q9P241
P27658,Substrate,P27658
P26992,Substrate,P26992
P26367,Substrate,P26367
Q76G19,Substrate,Q76G19
Q9H6S1,Substrate,Q9H6S1
P18089,Substrate,P18089
A2JGV3,Substrate,A2JGV3
Q05193,Substrate,Q05193
Q9UBK7,Substrate,Q9UBK7
P51168,Substrate,P51168
P41222,Substrate,P41222
Q9C091,Substrate,Q9C091
Q9HBX8,Substrate,Q9HBX8
Q9BQ39,Substrate,Q9BQ39
P63104,Substrate,P63104
Q9H2X0,Substrate,Q9H2X0
O15111,Substrate,O15111
O94983,Substrate,O94983
C9JUS6,Substrate,C9JUS6
Q9NVK5,Substrate,Q9NVK5
Q15619,Substrate,Q15619
Q96JG6,Substrate,Q96JG6
Q8NH76,Substrate,Q8NH76
Q96T23,Substrate,Q96T23
Q09FC8,Substrate,Q09FC8
Q5T700,Substrate,Q5T700
P40313,Substrate,P40313
P15173,Substrate,P15173
O14744,Substrate,O14744
P68032,Substrate,P68032
Q13370,Substrate,Q13370
Q8N715,Substrate,Q8N715
Q9BWQ6,Substrate,Q9BWQ6
P12104,Substrate,P12104
P31271,Substrate,P31271
P53539,Substrate,P53539
Q9BVA1,Substrate,Q9BVA1
Q7Z3S7,Substrate,Q7Z3S7
Q96LT7,Substrate,Q96LT7
P0C7W8,Substrate,P0C7W8
Q6P161,Substrate,Q6P161
A1KXE4,Substrate,A1KXE4
Q8IUC0,Substrate,Q8IUC0
Q8WV24,Substrate,Q8WV24
Q8IZU3,Substrate,Q8IZU3
Q9BRB3,Substrate,Q9BRB3
P60896,Substrate,P60896
P80162,Substrate,P80162
Q86VQ1,Substrate,Q86VQ1
Q96JL9,Substrate,Q96JL9
Q03393,Substrate,Q03393
P16298,Substrate,P16298
Q9UNH7,Substrate,Q9UNH7
O15144,Substrate,O15144
A6NCM1,Substrate,A6NCM1
Q9P2W9,Substrate,Q9P2W9
Q9BW91,Substrate,Q9BW91
P21926,Substrate,P21926
Q8TAC2,Substrate,Q8TAC2
Q58HT5,Substrate,Q58HT5
P23528,Substrate,P23528
A6NDH6,Substrate,A6NDH6
Q9BZK7,E3,Q9BZK7
Q8N442,Substrate,Q8N442
P10746,Substrate,P10746
Q9BWE0,Substrate,Q9BWE0
P58400,Substrate,P58400
Q9GZT4,Substrate,Q9GZT4
Q9Y5S9,Substrate,Q9Y5S9
A6NF83,Substrate,A6NF83
A6NI72,Substrate,A6NI72
Q16720,Substrate,Q16720
P28482,Substrate,P28482
P63092,Substrate,P63092
O60282,Substrate,O60282
Q15935,Substrate,Q15935
H3BS89,Substrate,H3BS89
Q6NUT3,Substrate,Q6NUT3
Q9Y2P5,Substrate,Q9Y2P5
A6NET4,Substrate,A6NET4
O94921,Substrate,O94921
Q5SVZ6,Substrate,Q5SVZ6
A0A0K0K1A3,Substrate,A0A0K0K1A3
P49902,Substrate,P49902
P56377,Substrate,P56377
Q86UE4,Substrate,Q86UE4
Q9NP84,Substrate,Q9NP84
Q96GX9,Substrate,Q96GX9
O60477,Substrate,O60477
Q04900,Substrate,Q04900
Q99457,Substrate,Q99457
Q86YD1,Substrate,Q86YD1
Q6ZN30,Substrate,Q6ZN30
Q96MT7,Substrate,Q96MT7
P32241,Substrate,P32241
O43567,E3,O43567
Q96RE9,Substrate,Q96RE9
Q8N9R8,Substrate,Q8N9R8
A0A1W2PQ64,Substrate,A0A1W2PQ64
Q13308,Substrate,Q13308
P10523,E3,P10523
O76000,Substrate,O76000
P11169,Substrate,P11169
P19878,Substrate,P19878
Q9H5J0,Substrate,Q9H5J0
Q6PJI9,Substrate,Q6PJI9
Q6ZQW0,Substrate,Q6ZQW0
Q96A98,Substrate,Q96A98
Q9Y2X8,Substrate,Q9Y2X8
A0A0B4J276,Substrate,A0A0B4J276
A6NF01,Substrate,A6NF01
Q96DB9,Substrate,Q96DB9
Q96DT7,Substrate,Q96DT7
P06239,Substrate,P06239
Q86VX9,Substrate,Q86VX9
O00628,Substrate,O00628
P11926,Substrate,P11926
Q9NRH3,Substrate,Q9NRH3
Q9Y2H9,Substrate,Q9Y2H9
Q8IVY1,Substrate,Q8IVY1
Q9BPW4,Substrate,Q9BPW4
P13378,Substrate,P13378
Q0P6H9,Substrate,Q0P6H9
Q13615,Substrate,Q13615
P61566,Substrate,P61566
Q8N4A0,Substrate,Q8N4A0
Q969S6,Substrate,Q969S6
Q9NQ69,Substrate,Q9NQ69
O15460,Substrate,O15460
Q06033,Substrate,Q06033
Q96A25,Substrate,Q96A25
P19793,Substrate,P19793
Q86W54,Substrate,Q86W54
Q96MR6,Substrate,Q96MR6
Q9GZN2,Substrate,Q9GZN2
P42785,Substrate,P42785
P54107,Substrate,P54107
P60413,Substrate,P60413
O60902,Substrate,O60902
Q9BW62,Substrate,Q9BW62
Q6UXN2,Substrate,Q6UXN2
Q8NG27,E3,Q8NG27
A6NI15,Substrate,A6NI15
Q8N653,E3,Q8N653
Q02833,Substrate,Q02833
P59773,Substrate,P59773
Q9NQZ6,Substrate,Q9NQZ6
Q7L5N1,Substrate,Q7L5N1
Q9BX97,Substrate,Q9BX97
Q08493,Substrate,Q08493
Q99946,Substrate,Q99946
A6NGD5,Substrate,A6NGD5
Q4V339,Substrate,Q4V339
Q92781,Substrate,Q92781
Q8TD43,Substrate,Q8TD43
Q9H479,Substrate,Q9H479
Q13421,Substrate,Q13421
Q99929,Substrate,Q99929
Q8TAI1,Substrate,Q8TAI1
Q9Y4D2,Substrate,Q9Y4D2
P10911,Substrate,P10911
Q9H6Y7,E3,Q9H6Y7
P0DMV0,Substrate,P0DMV0
P61086,Substrate,P61086
Q49MI3,Substrate,Q49MI3
P48163,Substrate,P48163
Q7Z6K4,Substrate,Q7Z6K4
P07498,Substrate,P07498
C9J202,Substrate,C9J202
P30989,Substrate,P30989
O14508,E3,O14508
Q96LC7,Substrate,Q96LC7
O95470,Substrate,O95470
Q8IVH4,Substrate,Q8IVH4
P53804,E3,P53804
Q9H6L4,Substrate,Q9H6L4
Q9Y5P0,Substrate,Q9Y5P0
Q8TBR7,Substrate,Q8TBR7
P0DOX3,Substrate,P0DOX3
P18627,Substrate,P18627
Q69YN4,Substrate,Q69YN4
Q9BZY9,E3,Q9BZY9
A0PJW8,Substrate,A0PJW8
O15350,Substrate,O15350
Q9UKX7,Substrate,Q9UKX7
P21579,Substrate,P21579
Q8TBB0,Substrate,Q8TBB0
P0DMW4,Substrate,P0DMW4
Q96SB3,Substrate,Q96SB3
Q7Z422,Substrate,Q7Z422
Q8WXC3,Substrate,Q8WXC3
P35125,Substrate,P35125
Q5T7W0,Substrate,Q5T7W0
Q4AE62,Substrate,Q4AE62
Q96AA8,Substrate,Q96AA8
Q8NEE6,E3,Q8NEE6
O95777,Substrate,O95777
P41143,Substrate,P41143
Q01813,Substrate,Q01813
Q86VU5,Substrate,Q86VU5
Q8NG66,Substrate,Q8NG66
Q9BXS5,Substrate,Q9BXS5
Q9BQY4,Substrate,Q9BQY4
P62945,Substrate,P62945
Q969V3,Substrate,Q969V3
O00519,Substrate,O00519
Q8N1D0,Substrate,Q8N1D0
Q92747,Substrate,Q92747
P20290,Substrate,P20290
Q9Y624,Substrate,Q9Y624
P31350,Substrate,P31350
P13645,Substrate,P13645
Q15172,Substrate,Q15172
Q9BW92,Substrate,Q9BW92
Q9Y3F4,Substrate,Q9Y3F4
Q8N6G5,Substrate,Q8N6G5
Q96S94,Substrate,Q96S94
Q9NVR0,E3,Q9NVR0
P22736,Substrate,P22736
Q6NS38,Substrate,Q6NS38
Q5T6X4,Substrate,Q5T6X4
Q8N687,Substrate,Q8N687
P47897,Substrate,P47897
P0DP91,Substrate,P0DP91
Q9BTY2,Substrate,Q9BTY2
P60014,Substrate,P60014
O75123,Substrate,O75123
Q6NX45,Substrate,Q6NX45
P0CJ73,Substrate,P0CJ73
Q6UXH0,Substrate,Q6UXH0
Q9Y625,Substrate,Q9Y625
Q96EI5,Substrate,Q96EI5
Q96MC9,Substrate,Q96MC9
Q86T75,Substrate,Q86T75
O60687,Substrate,O60687
P0C626,Substrate,P0C626
Q68DY9,Substrate,Q68DY9
Q9Y4P3,Substrate,Q9Y4P3
Q14494,Substrate,Q14494
Q8WVZ7,E3,Q8WVZ7
Q96PF2,Substrate,Q96PF2
Q6MZT1,Substrate,Q6MZT1
Q9NRU3,Substrate,Q9NRU3
P09234,Substrate,P09234
Q9UK05,Substrate,Q9UK05
Q9HCN4,Substrate,Q9HCN4
Q9UPN7,Substrate,Q9UPN7
Q9UI54,Substrate,Q9UI54
Q9UHG3,Substrate,Q9UHG3
P61371,Substrate,P61371
P01100,Substrate,P01100
Q9H5J4,Substrate,Q9H5J4
Q92526,Substrate,Q92526
P26232,Substrate,P26232
Q9H7H0,Substrate,Q9H7H0
A0MZ66,Substrate,A0MZ66
Q9Y238,Substrate,Q9Y238
A8MUN3,Substrate,A8MUN3
O00584,Substrate,O00584
Q8IUN9,Substrate,Q8IUN9
Q9BR11,Substrate,Q9BR11
Q8WUX9,Substrate,Q8WUX9
P56559,Substrate,P56559
Q9HB31,Substrate,Q9HB31
P63130,Substrate,P63130
Q06418,Substrate,Q06418
Q01344,Substrate,Q01344
P05107,Substrate,P05107
P28698,Substrate,P28698
Q9UNA4,Substrate,Q9UNA4
Q53T59,Substrate,Q53T59
Q13362,Substrate,Q13362
Q9Y2K7,E3,Q9Y2K7
Q30KQ5,Substrate,Q30KQ5
Q96NI8,Substrate,Q96NI8
Q8NGZ0,Substrate,Q8NGZ0
Q8IZD6,Substrate,Q8IZD6
Q9NY46,Substrate,Q9NY46
Q6ZQT7,Substrate,Q6ZQT7
A8MU93,Substrate,A8MU93
Q9Y5Y2,Substrate,Q9Y5Y2
P41240,Substrate,P41240
Q8N5I4,Substrate,Q8N5I4
Q9NXH9,Substrate,Q9NXH9
Q496H8,Substrate,Q496H8
P21741,Substrate,P21741
P12110,Substrate,P12110
Q8N539,Substrate,Q8N539
Q8IU81,Substrate,Q8IU81
P09238,Substrate,P09238
P51572,Substrate,P51572
P39060,Substrate,P39060
P20020,Substrate,P20020
P55957,Substrate,P55957
O00425,Substrate,O00425
P37231,E3,P37231
Q16881,Substrate,Q16881
Q9UMQ3,Substrate,Q9UMQ3
Q5JTC6,Substrate,Q5JTC6
P02743,Substrate,P02743
A8MVW0,Substrate,A8MVW0
C9JL84,Substrate,C9JL84
P45985,Substrate,P45985
Q13177,Substrate,Q13177
P07148,Substrate,P07148
Q6ECI4,Substrate,Q6ECI4
O14829,Substrate,O14829
P11362,Substrate,P11362
Q04844,Substrate,Q04844
P21912,Substrate,P21912
Q9NP74,Substrate,Q9NP74
P78406,Substrate,P78406
Q9BTA0,Substrate,Q9BTA0
O60806,Substrate,O60806
Q5JW98,Substrate,Q5JW98
P56277,Substrate,P56277
O95754,Substrate,O95754
P0C862,Substrate,P0C862
Q02108,Substrate,Q02108
Q8N9M1,Substrate,Q8N9M1
Q13155,Substrate,Q13155
O00754,Substrate,O00754
Q96LT6,Substrate,Q96LT6
Q9BUF7,Substrate,Q9BUF7
Q9HBI1,Substrate,Q9HBI1
Q8NEP9,Substrate,Q8NEP9
Q9BY66,Substrate,Q9BY66
Q13283,Substrate,Q13283
Q6QNY1,Substrate,Q6QNY1
Q5VUY0,Substrate,Q5VUY0
A0A0U1RRI6,Substrate,A0A0U1RRI6
Q6A1A2,Substrate,Q6A1A2
C9JR72,E3,C9JR72
Q5VUJ5,Substrate,Q5VUJ5
Q9Y4B5,Substrate,Q9Y4B5
Q9Y6Z2,Substrate,Q9Y6Z2
Q96D42,Substrate,Q96D42
Q9BT56,Substrate,Q9BT56
Q5T442,Substrate,Q5T442
P25092,Substrate,P25092
Q9H4L5,Substrate,Q9H4L5
Q08170,Substrate,Q08170
Q14152,Substrate,Q14152
P49703,Substrate,P49703
Q9NZU0,Substrate,Q9NZU0
Q69YU3,Substrate,Q69YU3
Q9Y240,Substrate,Q9Y240
O75151,Substrate,O75151
P20813,Substrate,P20813
A0A1W2PPE3,Substrate,A0A1W2PPE3
Q9UID3,Substrate,Q9UID3
Q99966,Substrate,Q99966
Q99700,Substrate,Q99700
Q9GZU3,Substrate,Q9GZU3
Q5VYS4,Substrate,Q5VYS4
Q99523,Substrate,Q99523
Q96B67,Substrate,Q96B67
Q9BU79,Substrate,Q9BU79
P30408,Substrate,P30408
P05771,Substrate,P05771
O75056,Substrate,O75056
O75365,Substrate,O75365
Q8TDU5,Substrate,Q8TDU5
Q6UXZ3,Substrate,Q6UXZ3
P49848,Substrate,P49848
O43747,Substrate,O43747
Q13601,Substrate,Q13601
P18621,Substrate,P18621
Q6UXD5,Substrate,Q6UXD5
Q8N5I3,Substrate,Q8N5I3
Q9NR31,Substrate,Q9NR31
O00429,Substrate,O00429
Q8NA92,Substrate,Q8NA92
Q01538,Substrate,Q01538
Q9BZM4,Substrate,Q9BZM4
Q9Y546,Substrate,Q9Y546
Q6ZUJ8,Substrate,Q6ZUJ8
Q69YQ0,Substrate,Q69YQ0
O95685,Substrate,O95685
Q9Y5W8,Substrate,Q9Y5W8
Q14695,Substrate,Q14695
Q9Y225,Substrate,Q9Y225
P51784,Substrate,P51784
O14495,Substrate,O14495
Q5J8M3,Substrate,Q5J8M3
O95395,Substrate,O95395
P12081,Substrate,P12081
Q6PH81,Substrate,Q6PH81
Q12772,Substrate,Q12772
Q8NGC4,Substrate,Q8NGC4
Q8NH40,Substrate,Q8NH40
Q0WX57,Substrate,Q0WX57
Q9C0D0,Substrate,Q9C0D0
Q9BQE4,Substrate,Q9BQE4
Q8N3L3,Substrate,Q8N3L3
P16410,Substrate,P16410
Q13129,Substrate,Q13129
Q5TA76,Substrate,Q5TA76
P36896,Substrate,P36896
P07288,Substrate,P07288
O43257,Substrate,O43257
Q8N5Z0,Substrate,Q8N5Z0
Q15047,Substrate,Q15047
Q9H9D4,Substrate,Q9H9D4
O43155,Substrate,O43155
O00291,Substrate,O00291
Q9NS25,Substrate,Q9NS25
P08247,Substrate,P08247
Q14439,Substrate,Q14439
Q96KA5,Substrate,Q96KA5
Q96P47,Substrate,Q96P47
D6RJB6,Substrate,D6RJB6
Q86XR7,Substrate,Q86XR7
Q3LI59,Substrate,Q3LI59
Q15025,Substrate,Q15025
P51148,Substrate,P51148
O43865,Substrate,O43865
P78324,Substrate,P78324
Q8TBE9,Substrate,Q8TBE9
P53701,Substrate,P53701
Q8NAP8,Substrate,Q8NAP8
A2A368,Substrate,A2A368
P82970,Substrate,P82970
Q5T4F7,Substrate,Q5T4F7
Q6UX41,Substrate,Q6UX41
Q92985,Substrate,Q92985
Q76L83,Substrate,Q76L83
A0A1B0GTZ2,Substrate,A0A1B0GTZ2
Q8TB22,Substrate,Q8TB22
Q5T1M5,Substrate,Q5T1M5
Q9ULD6,Substrate,Q9ULD6
Q9NWW0,Substrate,Q9NWW0
Q8WXG6,Substrate,Q8WXG6
Q96E66,Substrate,Q96E66
Q9H322,Substrate,Q9H322
Q8WTQ1,Substrate,Q8WTQ1
Q99615,Substrate,Q99615
P15289,Substrate,P15289
P0CJ77,Substrate,P0CJ77
Q3ZLR7,Substrate,Q3ZLR7
Q8IUB9,Substrate,Q8IUB9
Q9NXC5,Substrate,Q9NXC5
Q6PL45,Substrate,Q6PL45
Q9UBS3,Substrate,Q9UBS3
O15539,Substrate,O15539
Q8TAM2,Substrate,Q8TAM2
P49368,Substrate,P49368
Q92544,Substrate,Q92544
O15083,Substrate,O15083
Q92902,Substrate,Q92902
A0A1W2PQJ5,Substrate,A0A1W2PQJ5
Q5TEC6,Substrate,Q5TEC6
Q08648,Substrate,Q08648
Q86VK4,Substrate,Q86VK4
Q53R41,Substrate,Q53R41
P10073,Substrate,P10073
P50542,Substrate,P50542
Q92843,Substrate,Q92843
O94953,Substrate,O94953
Q6PIS1,Substrate,Q6PIS1
Q15291,Substrate,Q15291
Q9H993,Substrate,Q9H993
Q9Y394,Substrate,Q9Y394
Q9H7X7,Substrate,Q9H7X7
P11047,Substrate,P11047
A6NC51,Substrate,A6NC51
Q8N112,Substrate,Q8N112
Q9NY35,Substrate,Q9NY35
P01880,Substrate,P01880
Q9BTP7,Substrate,Q9BTP7
Q8TEB1,E3,Q8TEB1
Q7Z6W1,Substrate,Q7Z6W1
Q96KX1,Substrate,Q96KX1
Q9HC57,Substrate,Q9HC57
Q9BX10,Substrate,Q9BX10
Q6NSW7,Substrate,Q6NSW7
Q9Y4K3,E3,Q9Y4K3
Q96HZ7,Substrate,Q96HZ7
Q13137,Substrate,Q13137
C9J3I9,Substrate,C9J3I9
Q9H0E9,Substrate,Q9H0E9
O75969,Substrate,O75969
Q96C24,Substrate,Q96C24
Q96RL1,Substrate,Q96RL1
Q9NPJ6,Substrate,Q9NPJ6
A2RU49,Substrate,A2RU49
Q8N9M5,Substrate,Q8N9M5
Q8TDR0,Substrate,Q8TDR0
Q9H1K6,Substrate,Q9H1K6
Q8N6K7,Substrate,Q8N6K7
P22680,Substrate,P22680
Q6N021,Substrate,Q6N021
Q7Z745,Substrate,Q7Z745
Q8IWY8,Substrate,Q8IWY8
Q8WYJ6,Substrate,Q8WYJ6
P51159,Substrate,P51159
P21281,Substrate,P21281
Q6PEY0,Substrate,Q6PEY0
Q9NYV6,Substrate,Q9NYV6
Q6PKG0,Substrate,Q6PKG0
Q5VV67,Substrate,Q5VV67
Q8NGM8,Substrate,Q8NGM8
P0CI00,Substrate,P0CI00
Q9NZI6,Substrate,Q9NZI6
O15403,Substrate,O15403
Q5T0F9,Substrate,Q5T0F9
A0A1B0GW54,Substrate,A0A1B0GW54
O15120,Substrate,O15120
Q7LFL8,Substrate,Q7LFL8
Q3ZCQ3,Substrate,Q3ZCQ3
O43583,Substrate,O43583
Q9UKY7,Substrate,Q9UKY7
Q96AZ1,Substrate,Q96AZ1
A0A0A0MS00,Substrate,A0A0A0MS00
Q9NXL2,Substrate,Q9NXL2
Q701N4,Substrate,Q701N4
Q9UNN8,Substrate,Q9UNN8
A1Z1Q3,Substrate,A1Z1Q3
Q16559,Substrate,Q16559
O15427,Substrate,O15427
O76024,Substrate,O76024
Q86UU1,Substrate,Q86UU1
O00321,Substrate,O00321
Q6UVM3,Substrate,Q6UVM3
Q9Y448,Substrate,Q9Y448
Q96HY6,Substrate,Q96HY6
P19823,Substrate,P19823
Q9P2E8,E3,Q9P2E8
Q96JK9,Substrate,Q96JK9
A0A0B4J1X5,Substrate,A0A0B4J1X5
O94850,Substrate,O94850
Q8IWZ4,Substrate,Q8IWZ4
Q8NGR5,Substrate,Q8NGR5
Q03938,Substrate,Q03938
Q4G1C9,Substrate,Q4G1C9
Q9P2I0,Substrate,Q9P2I0
P48201,Substrate,P48201
P41146,Substrate,P41146
Q9NVJ2,Substrate,Q9NVJ2
Q96N46,Substrate,Q96N46
Q9UM11,E3,Q9UM11
Q8N9N8,Substrate,Q8N9N8
Q8N695,Substrate,Q8N695
Q6P6B7,Substrate,Q6P6B7
P09972,Substrate,P09972
Q7Z628,Substrate,Q7Z628
O15440,Substrate,O15440
Q13098,Substrate,Q13098
O60500,Substrate,O60500
Q14CX5,Substrate,Q14CX5
P11712,Substrate,P11712
Q9BTT0,Substrate,Q9BTT0
O75764,Substrate,O75764
Q8NG08,Substrate,Q8NG08
Q9UQ53,Substrate,Q9UQ53
P07355,Substrate,P07355
O95169,Substrate,O95169
Q96FM1,Substrate,Q96FM1
Q7Z304,Substrate,Q7Z304
P01350,Substrate,P01350
Q6ZUM4,Substrate,Q6ZUM4
O60682,Substrate,O60682
Q13610,Substrate,Q13610
Q92503,Substrate,Q92503
P16415,Substrate,P16415
P60410,Substrate,P60410
O75363,Substrate,O75363
Q99963,Substrate,Q99963
A0A075B6H8,Substrate,A0A075B6H8
Q6ZRF8,Substrate,Q6ZRF8
P78314,Substrate,P78314
Q9Y261,Substrate,Q9Y261
Q6PCD5,E3,Q6PCD5
Q75QN2,Substrate,Q75QN2
O43464,Substrate,O43464
Q9H461,Substrate,Q9H461
P07766,Substrate,P07766
Q9BYE7,E3,Q9BYE7
P07093,Substrate,P07093
Q96L50,E3,Q96L50
Q9H0I2,Substrate,Q9H0I2
P43681,Substrate,P43681
Q13609,Substrate,Q13609
P61073,Substrate,P61073
P49638,Substrate,P49638
Q86X10,Substrate,Q86X10
Q5U5X0,Substrate,Q5U5X0
Q7L8C5,Substrate,Q7L8C5
O95948,Substrate,O95948
Q6ICC9,Substrate,Q6ICC9
Q8TCZ7,Substrate,Q8TCZ7
O14813,Substrate,O14813
Q96RJ0,Substrate,Q96RJ0
Q8N5P1,Substrate,Q8N5P1
P17040,Substrate,P17040
Q6NXR4,Substrate,Q6NXR4
Q6ZQR2,Substrate,Q6ZQR2
P24666,Substrate,P24666
Q9BVV8,Substrate,Q9BVV8
Q9P278,Substrate,Q9P278
Q96E09,Substrate,Q96E09
Q70UQ0,Substrate,Q70UQ0
Q8IXF0,Substrate,Q8IXF0
Q496Y0,Substrate,Q496Y0
Q92604,Substrate,Q92604
P35232,Substrate,P35232
Q9UN30,Substrate,Q9UN30
Q96NT1,Substrate,Q96NT1
Q7Z406,Substrate,Q7Z406
P43405,Substrate,P43405
Q7Z6I5,Substrate,Q7Z6I5
Q6ZMJ2,Substrate,Q6ZMJ2
O60543,Substrate,O60543
O14730,Substrate,O14730
Q96LB0,Substrate,Q96LB0
Q8TDM0,Substrate,Q8TDM0
Q8N5S9,Substrate,Q8N5S9
Q17RM4,Substrate,Q17RM4
Q8IUC6,Substrate,Q8IUC6
Q9UNE7,E3,Q9UNE7
Q99816,Substrate,Q99816
Q5TCY1,Substrate,Q5TCY1
Q86UR1,Substrate,Q86UR1
P28472,Substrate,P28472
F5H094,Substrate,F5H094
P15814,Substrate,P15814
P49356,Substrate,P49356
P30954,Substrate,P30954
O75582,Substrate,O75582
O15247,Substrate,O15247
Q9BYG7,Substrate,Q9BYG7
Q96BZ9,Substrate,Q96BZ9
Q10471,Substrate,Q10471
Q9BZV2,Substrate,Q9BZV2
P55000,Substrate,P55000
Q6ZSY5,Substrate,Q6ZSY5
O75191,Substrate,O75191
A0AUZ9,Substrate,A0AUZ9
Q8NGQ3,Substrate,Q8NGQ3
A0A1B0GVQ0,Substrate,A0A1B0GVQ0
A9UHW6,Substrate,A9UHW6
Q8NG06,E3,Q8NG06
A6NKF7,Substrate,A6NKF7
P10253,Substrate,P10253
Q8NGW1,Substrate,Q8NGW1
Q5TF58,Substrate,Q5TF58
Q9BV87,Substrate,Q9BV87
O00587,Substrate,O00587
Q68CZ1,Substrate,Q68CZ1
P36956,Substrate,P36956
Q9HD45,Substrate,Q9HD45
A4D2P6,Substrate,A4D2P6
Q9UBK5,Substrate,Q9UBK5
Q9UIX4,Substrate,Q9UIX4
Q9NZM4,Substrate,Q9NZM4
A0A087X1G2,Substrate,A0A087X1G2
O14647,Substrate,O14647
P54646,Substrate,P54646
P39210,Substrate,P39210
Q15650,Substrate,Q15650
Q5T5N4,Substrate,Q5T5N4
P0C6C1,Substrate,P0C6C1
Q9Y2H5,Substrate,Q9Y2H5
Q16674,Substrate,Q16674
Q93096,Substrate,Q93096
P35326,Substrate,P35326
P17752,Substrate,P17752
Q5T5S1,Substrate,Q5T5S1
P05423,Substrate,P05423
Q16851,Substrate,Q16851
P10632,Substrate,P10632
O43638,Substrate,O43638
P0DX02,Substrate,P0DX02
Q9BVA0,Substrate,Q9BVA0
Q9Y3Q4,Substrate,Q9Y3Q4
Q96IM9,Substrate,Q96IM9
Q86VE9,Substrate,Q86VE9
Q9NZN5,Substrate,Q9NZN5
Q86SJ2,Substrate,Q86SJ2
O00481,Substrate,O00481
Q8NGY9,Substrate,Q8NGY9
O75192,Substrate,O75192
Q9UIA9,Substrate,Q9UIA9
Q06141,Substrate,Q06141
P35712,Substrate,P35712
Q06481,Substrate,Q06481
P15170,Substrate,P15170
P23246,Substrate,P23246
Q12912,Substrate,Q12912
Q9NYX4,Substrate,Q9NYX4
Q8N987,Substrate,Q8N987
A3QJZ6,Substrate,A3QJZ6
O43914,Substrate,O43914
P55286,Substrate,P55286
Q96IV6,Substrate,Q96IV6
P0DP02,Substrate,P0DP02
Q7Z4F1,Substrate,Q7Z4F1
Q96DN2,Substrate,Q96DN2
P56181,Substrate,P56181
P78325,Substrate,P78325
Q6ZT52,Substrate,Q6ZT52
Q13510,Substrate,Q13510
A0PJX2,Substrate,A0PJX2
P78540,Substrate,P78540
Q4VC12,Substrate,Q4VC12
Q9NRX1,Substrate,Q9NRX1
Q9UQ07,Substrate,Q9UQ07
Q9Y4A9,Substrate,Q9Y4A9
Q96KQ7,Substrate,Q96KQ7
A0A1B0GTH6,Substrate,A0A1B0GTH6
P22455,Substrate,P22455
O14924,Substrate,O14924
Q9H992,E3,Q9H992
P78410,Substrate,P78410
Q1AE95,Substrate,Q1AE95
P17544,Substrate,P17544
Q8IWZ5,Substrate,Q8IWZ5
Q15361,Substrate,Q15361
P52943,Substrate,P52943
Q8NGT7,Substrate,Q8NGT7
Q08752,Substrate,Q08752
Q9H9B1,Substrate,Q9H9B1
P0CI25,E3,P0CI25
O14786,Substrate,O14786
P20645,Substrate,P20645
P54840,Substrate,P54840
O95081,Substrate,O95081
O94759,Substrate,O94759
Q9UJ70,Substrate,Q9UJ70
P15104,Substrate,P15104
P61581,Substrate,P61581
Q15797,Substrate,Q15797
O00487,Substrate,O00487
P52597,Substrate,P52597
Q8N5Y2,Substrate,Q8N5Y2
Q15054,Substrate,Q15054
Q9NX02,Substrate,Q9NX02
Q8N6L7,Substrate,Q8N6L7
Q9UK32,Substrate,Q9UK32
Q9NUQ2,Substrate,Q9NUQ2
Q9Y3E7,Substrate,Q9Y3E7
Q8WYQ3,Substrate,Q8WYQ3
Q8IWZ6,Substrate,Q8IWZ6
O15225,Substrate,O15225
A0A0A0MS02,Substrate,A0A0A0MS02
Q9P0W2,Substrate,Q9P0W2
Q92837,Substrate,Q92837
Q3MHD2,Substrate,Q3MHD2
Q8TAT5,Substrate,Q8TAT5
Q15404,Substrate,Q15404
Q695T7,Substrate,Q695T7
O95573,Substrate,O95573
P02776,Substrate,P02776
Q05519,Substrate,Q05519
Q8IXU6,Substrate,Q8IXU6
Q9BY27,Substrate,Q9BY27
Q06828,Substrate,Q06828
P0DUQ2,Substrate,P0DUQ2
P54652,Substrate,P54652
P14316,Substrate,P14316
Q04446,Substrate,Q04446
Q16270,Substrate,Q16270
Q96EE4,Substrate,Q96EE4
P30518,Substrate,P30518
Q9UK33,Substrate,Q9UK33
Q96LD4,E3,Q96LD4
P49589,Substrate,P49589
Q96EV8,Substrate,Q96EV8
A0A1B0GTU2,Substrate,A0A1B0GTU2
Q6ZSJ9,Substrate,Q6ZSJ9
A0A0A0MRZ7,Substrate,A0A0A0MRZ7
Q9UHJ3,Substrate,Q9UHJ3
P80365,Substrate,P80365
Q7L0L9,Substrate,Q7L0L9
Q9H4I3,Substrate,Q9H4I3
Q9P0L2,Substrate,Q9P0L2
Q86U02,Substrate,Q86U02
Q8TCA0,Substrate,Q8TCA0
P50120,Substrate,P50120
O75044,Substrate,O75044
Q9BT22,Substrate,Q9BT22
Q5XXA6,Substrate,Q5XXA6
Q14566,Substrate,Q14566
O60671,Substrate,O60671
P0DX04,Substrate,P0DX04
Q8N4B1,Substrate,Q8N4B1
Q9BYT8,Substrate,Q9BYT8
B2RXH2,Substrate,B2RXH2
Q53GA4,Substrate,Q53GA4
P84103,Substrate,P84103
Q9Y3B2,Substrate,Q9Y3B2
O60925,Substrate,O60925
Q9BY31,Substrate,Q9BY31
P60228,Substrate,P60228
P37287,Substrate,P37287
Q5TGI0,Substrate,Q5TGI0
Q96T60,Substrate,Q96T60
Q96ES6,Substrate,Q96ES6
A1A4F0,Substrate,A1A4F0
Q96E40,Substrate,Q96E40
A2RU48,Substrate,A2RU48
Q86UU5,Substrate,Q86UU5
Q9P0L9,Substrate,Q9P0L9
Q8NAA4,Substrate,Q8NAA4
Q8N1I8,Substrate,Q8N1I8
P11831,Substrate,P11831
Q9BYC5,Substrate,Q9BYC5
Q96T54,Substrate,Q96T54
Q9C035,E3,Q9C035
Q8N441,Substrate,Q8N441
Q5SR53,Substrate,Q5SR53
Q9NXE8,Substrate,Q9NXE8
O95757,Substrate,O95757
P58340,Substrate,P58340
Q7L5Y9,Substrate,Q7L5Y9
P41235,Substrate,P41235
P15336,Substrate,P15336
Q9Y2G8,Substrate,Q9Y2G8
Q07002,Substrate,Q07002
O15119,Substrate,O15119
Q8TEV9,Substrate,Q8TEV9
Q5JPI9,Substrate,Q5JPI9
P68371,Substrate,P68371
A0A1B0GW64,Substrate,A0A1B0GW64
P50914,Substrate,P50914
P0DSN6,Substrate,P0DSN6
Q19AV6,Substrate,Q19AV6
Q8TAV0,Substrate,Q8TAV0
Q8TCU5,Substrate,Q8TCU5
O60826,Substrate,O60826
Q5PSV4,Substrate,Q5PSV4
Q9BSV6,Substrate,Q9BSV6
Q8N2G6,Substrate,Q8N2G6
P12004,Substrate,P12004
P43360,Substrate,P43360
Q96JB3,Substrate,Q96JB3
Q13131,Substrate,Q13131
Q9P2K6,E3,Q9P2K6
P53355,Substrate,P53355
O75570,Substrate,O75570
Q9UMS4,E3,Q9UMS4
P35612,Substrate,P35612
Q8NH60,Substrate,Q8NH60
Q14330,Substrate,Q14330
Q15257,E3,Q15257
A0A1W2PQ73,Substrate,A0A1W2PQ73
Q53H96,Substrate,Q53H96
P55157,Substrate,P55157
Q8N118,Substrate,Q8N118
Q2HXU8,Substrate,Q2HXU8
Q9UBX7,Substrate,Q9UBX7
Q96EL2,Substrate,Q96EL2
Q7RTT5,Substrate,Q7RTT5
Q9NVA1,Substrate,Q9NVA1
P55039,Substrate,P55039
P52594,Substrate,P52594
Q8NFJ5,Substrate,Q8NFJ5
Q6ZN04,E3,Q6ZN04
Q8TB36,Substrate,Q8TB36
A2VCK2,Substrate,A2VCK2
P0DPI2,Substrate,P0DPI2
Q9UH90,E3,Q9UH90
Q9NS18,Substrate,Q9NS18
Q9UHI6,Substrate,Q9UHI6
Q96P16,Substrate,Q96P16
P49642,Substrate,P49642
Q9H6E4,Substrate,Q9H6E4
P0CW00,Substrate,P0CW00
Q9BRP7,Substrate,Q9BRP7
Q9Y5P1,Substrate,Q9Y5P1
O75095,Substrate,O75095
P51606,Substrate,P51606
Q6P1K8,Substrate,Q6P1K8
P07203,Substrate,P07203
Q9P015,Substrate,Q9P015
Q13526,Substrate,Q13526
P04049,Substrate,P04049
Q08209,Substrate,Q08209
Q9BY84,Substrate,Q9BY84
Q86Y97,Substrate,Q86Y97
Q9Y5U8,Substrate,Q9Y5U8
Q96QS6,Substrate,Q96QS6
Q96DZ5,Substrate,Q96DZ5
Q14197,Substrate,Q14197
Q92908,Substrate,Q92908
Q9NZ72,Substrate,Q9NZ72
P01571,Substrate,P01571
Q8N6G2,Substrate,Q8N6G2
Q8N5S1,Substrate,Q8N5S1
Q96LP2,Substrate,Q96LP2
Q15672,Substrate,Q15672
Q9H329,Substrate,Q9H329
Q8TBA6,Substrate,Q8TBA6
Q9H0C3,Substrate,Q9H0C3
O43909,Substrate,O43909
Q9UM21,Substrate,Q9UM21
Q8IWR0,Substrate,Q8IWR0
P20815,Substrate,P20815
Q13895,Substrate,Q13895
Q8IWY4,Substrate,Q8IWY4
O95780,Substrate,O95780
Q96EA4,Substrate,Q96EA4
Q8N196,Substrate,Q8N196
Q9BYP8,Substrate,Q9BYP8
Q8N141,Substrate,Q8N141
Q8IXQ6,Substrate,Q8IXQ6
Q9BWG6,Substrate,Q9BWG6
Q7Z7B0,Substrate,Q7Z7B0
Q08945,Substrate,Q08945
O60573,Substrate,O60573
Q96GE9,Substrate,Q96GE9
O15066,Substrate,O15066
Q8N5M4,Substrate,Q8N5M4
Q53H47,Substrate,Q53H47
Q92572,Substrate,Q92572
Q8NHU3,Substrate,Q8NHU3
Q8NGJ6,Substrate,Q8NGJ6
Q8N446,Substrate,Q8N446
Q5EBL2,Substrate,Q5EBL2
Q96RP7,Substrate,Q96RP7
Q9HCN6,Substrate,Q9HCN6
Q12857,Substrate,Q12857
Q7L8J4,Substrate,Q7L8J4
O14669,Substrate,O14669
O60422,Substrate,O60422
O75398,Substrate,O75398
Q15052,Substrate,Q15052
P50553,Substrate,P50553
P61964,Substrate,P61964
O94898,Substrate,O94898
Q6PEY1,Substrate,Q6PEY1
Q9P1Y6,Substrate,Q9P1Y6
P31939,Substrate,P31939
P11234,Substrate,P11234
Q9UKB1,E3,Q9UKB1
Q3SY84,Substrate,Q3SY84
P14735,Substrate,P14735
O43463,Substrate,O43463
P40616,Substrate,P40616
Q95460,Substrate,Q95460
P47914,Substrate,P47914
Q9UGL9,Substrate,Q9UGL9
Q9BYW3,Substrate,Q9BYW3
P10606,Substrate,P10606
Q676U5,Substrate,Q676U5
Q96EU7,Substrate,Q96EU7
Q9BTX1,Substrate,Q9BTX1
P18887,Substrate,P18887
Q15633,Substrate,Q15633
A2VDJ0,Substrate,A2VDJ0
P20042,Substrate,P20042
P80748,Substrate,P80748
Q5VTM2,Substrate,Q5VTM2
Q96R67,Substrate,Q96R67
P51570,Substrate,P51570
Q8TD91,Substrate,Q8TD91
Q86WN2,Substrate,Q86WN2
Q9H341,Substrate,Q9H341
Q2YD98,Substrate,Q2YD98
Q9HB89,Substrate,Q9HB89
Q9NPB1,Substrate,Q9NPB1
P54259,Substrate,P54259
O60656,Substrate,O60656
Q12796,Substrate,Q12796
Q9ULC4,Substrate,Q9ULC4
Q9UI15,Substrate,Q9UI15
O15514,Substrate,O15514
Q8N9F0,Substrate,Q8N9F0
Q8WZA6,Substrate,Q8WZA6
Q9UD71,Substrate,Q9UD71
Q92624,Substrate,Q92624
O00748,Substrate,O00748
Q92772,Substrate,Q92772
Q9BQA5,Substrate,Q9BQA5
Q9NNZ6,Substrate,Q9NNZ6
Q9BZE4,Substrate,Q9BZE4
Q8N6L0,Substrate,Q8N6L0
Q8NGA8,Substrate,Q8NGA8
Q96LT9,Substrate,Q96LT9
Q14061,Substrate,Q14061
Q14833,Substrate,Q14833
O76039,Substrate,O76039
P28324,Substrate,P28324
Q9H6Z9,Substrate,Q9H6Z9
Q16873,Substrate,Q16873
Q07699,Substrate,Q07699
P05386,Substrate,P05386
Q6XYQ8,Substrate,Q6XYQ8
A6NI28,Substrate,A6NI28
P23276,Substrate,P23276
Q86WA9,Substrate,Q86WA9
P11597,Substrate,P11597
Q9BXK1,Substrate,Q9BXK1
Q6UX06,Substrate,Q6UX06
Q6UWX4,Substrate,Q6UWX4
Q02080,Substrate,Q02080
Q9NZM6,Substrate,Q9NZM6
Q15428,Substrate,Q15428
Q9ULX9,Substrate,Q9ULX9
Q5SZQ8,Substrate,Q5SZQ8
A0A0U1RRA0,Substrate,A0A0U1RRA0
O95013,Substrate,O95013
O75881,Substrate,O75881
B7Z368,Substrate,B7Z368
Q53H54,Substrate,Q53H54
O75157,Substrate,O75157
Q9NRL2,Substrate,Q9NRL2
Q8TDC0,Substrate,Q8TDC0
Q7Z6B0,Substrate,Q7Z6B0
O60524,Substrate,O60524
Q6UVJ0,Substrate,Q6UVJ0
P14679,Substrate,P14679
Q5VXH5,Substrate,Q5VXH5
Q6ZNX1,Substrate,Q6ZNX1
Q6IPR1,Substrate,Q6IPR1
Q96ME1,E3,Q96ME1
Q16880,Substrate,Q16880
Q9H1F0,Substrate,Q9H1F0
Q969P6,Substrate,Q969P6
Q9Y468,Substrate,Q9Y468
Q8NGI6,Substrate,Q8NGI6
Q86TM6,E3,Q86TM6
Q5KSL6,Substrate,Q5KSL6
P61020,Substrate,P61020
Q5XUX0,E3,Q5XUX0
Q9NUD5,Substrate,Q9NUD5
Q96DF8,Substrate,Q96DF8
Q9UII2,Substrate,Q9UII2
P06126,Substrate,P06126
Q9UBN1,Substrate,Q9UBN1
Q9BYV1,Substrate,Q9BYV1
Q9Y467,Substrate,Q9Y467
Q9ULI4,Substrate,Q9ULI4
Q9H6N6,Substrate,Q9H6N6
P05166,Substrate,P05166
Q9BSN7,Substrate,Q9BSN7
P09086,Substrate,P09086
Q9BY43,Substrate,Q9BY43
Q8NFT8,Substrate,Q8NFT8
Q9GZU7,Substrate,Q9GZU7
Q8NHX9,Substrate,Q8NHX9
A6NJ46,Substrate,A6NJ46
Q6R6M4,Substrate,Q6R6M4
Q9C040,E3,Q9C040
Q92905,Substrate,Q92905
A8MUZ8,Substrate,A8MUZ8
Q9BQ48,Substrate,Q9BQ48
A8MZA4,Substrate,A8MZA4
P82930,Substrate,P82930
Q5H9E4,Substrate,Q5H9E4
O76090,Substrate,O76090
Q9BZR8,Substrate,Q9BZR8
O15033,Substrate,O15033
P40121,Substrate,P40121
Q15012,Substrate,Q15012
Q9HAS0,Substrate,Q9HAS0
Q5MJ68,Substrate,Q5MJ68
Q9BZL4,Substrate,Q9BZL4
Q0IIM8,Substrate,Q0IIM8
Q8TCJ2,Substrate,Q8TCJ2
Q8IYD9,Substrate,Q8IYD9
Q96K31,Substrate,Q96K31
P48681,Substrate,P48681
Q8NCL4,Substrate,Q8NCL4
P48426,Substrate,P48426
Q6P4A8,Substrate,Q6P4A8
P27105,Substrate,P27105
P04183,Substrate,P04183
Q9BRR9,Substrate,Q9BRR9
Q969R2,Substrate,Q969R2
Q9Y5J3,Substrate,Q9Y5J3
O43734,E3,O43734
Q8N3U1,Substrate,Q8N3U1
O75600,Substrate,O75600
Q14195,Substrate,Q14195
O15327,Substrate,O15327
Q9UPP2,Substrate,Q9UPP2
Q2M385,Substrate,Q2M385
Q96T92,Substrate,Q96T92
O75553,Substrate,O75553
Q92949,Substrate,Q92949
Q96H55,Substrate,Q96H55
Q8NHQ8,Substrate,Q8NHQ8
P17931,Substrate,P17931
Q96EK5,Substrate,Q96EK5
P28221,Substrate,P28221
Q16204,Substrate,Q16204
P07320,Substrate,P07320
Q5U651,Substrate,Q5U651
Q53EL9,Substrate,Q53EL9
Q30154,Substrate,Q30154
O94761,Substrate,O94761
Q05513,Substrate,Q05513
P46095,Substrate,P46095
Q14651,Substrate,Q14651
Q502W6,Substrate,Q502W6
Q7RTW8,Substrate,Q7RTW8
Q9NS00,Substrate,Q9NS00
Q92585,Substrate,Q92585
Q5T5D7,Substrate,Q5T5D7
P51828,Substrate,P51828
Q96BH3,Substrate,Q96BH3
Q9NZT1,Substrate,Q9NZT1
Q5D0E6,Substrate,Q5D0E6
Q9Y6E2,Substrate,Q9Y6E2
P22612,Substrate,P22612
P04259,Substrate,P04259
Q30KP8,Substrate,Q30KP8
Q99767,Substrate,Q99767
Q5SWA1,Substrate,Q5SWA1
O75901,Substrate,O75901
Q9UNA1,Substrate,Q9UNA1
Q8NDX6,Substrate,Q8NDX6
Q8IZI9,Substrate,Q8IZI9
P09668,Substrate,P09668
Q7Z4H7,Substrate,Q7Z4H7
Q86UY6,Substrate,Q86UY6
Q15165,Substrate,Q15165
Q05066,Substrate,Q05066
Q5T215,Substrate,Q5T215
O95447,Substrate,O95447
Q7RTS6,Substrate,Q7RTS6
O95376,E3,O95376
P03923,Substrate,P03923
Q17RW2,Substrate,Q17RW2
Q9BXF3,Substrate,Q9BXF3
Q9UHD0,Substrate,Q9UHD0
P23526,Substrate,P23526
Q495Y8,Substrate,Q495Y8
A6NNX1,Substrate,A6NNX1
Q8N8E2,Substrate,Q8N8E2
O14717,Substrate,O14717
Q96R48,Substrate,Q96R48
Q96GX5,Substrate,Q96GX5
O14603,Substrate,O14603
Q6NY19,Substrate,Q6NY19
Q16617,Substrate,Q16617
Q8IVM0,Substrate,Q8IVM0
Q8N7S2,Substrate,Q8N7S2
Q96QR8,Substrate,Q96QR8
P0C5Y4,Substrate,P0C5Y4
Q9BUY5,Substrate,Q9BUY5
Q0Z7S8,Substrate,Q0Z7S8
Q9UBC7,Substrate,Q9UBC7
P13797,Substrate,P13797
O75326,Substrate,O75326
Q5T1J5,Substrate,Q5T1J5
Q13630,Substrate,Q13630
Q96JF0,Substrate,Q96JF0
Q7KZF4,Substrate,Q7KZF4
P19388,Substrate,P19388
P0DPD7,Substrate,P0DPD7
Q96C01,Substrate,Q96C01
P60510,Substrate,P60510
Q15847,Substrate,Q15847
Q9UKT9,Substrate,Q9UKT9
P01718,Substrate,P01718
Q5K131,Substrate,Q5K131
P15036,Substrate,P15036
Q9BTE3,Substrate,Q9BTE3
Q8IXQ8,Substrate,Q8IXQ8
Q8NEL0,Substrate,Q8NEL0
Q75LS8,Substrate,Q75LS8
Q8TDY4,Substrate,Q8TDY4
P58658,Substrate,P58658
Q9Y3C7,Substrate,Q9Y3C7
Q9P035,Substrate,Q9P035
Q9NQS5,Substrate,Q9NQS5
Q96BD8,Substrate,Q96BD8
Q9NS91,E3,Q9NS91
Q13360,Substrate,Q13360
Q9H7X0,Substrate,Q9H7X0
Q8IW19,Substrate,Q8IW19
O95478,Substrate,O95478
P21453,Substrate,P21453
O00505,Substrate,O00505
A6NFQ2,Substrate,A6NFQ2
Q16698,Substrate,Q16698
P19652,Substrate,P19652
Q8N2R8,Substrate,Q8N2R8
Q6FI13,Substrate,Q6FI13
P26373,Substrate,P26373
Q5GH77,Substrate,Q5GH77
O75064,Substrate,O75064
Q9UK28,Substrate,Q9UK28
Q9H1C7,Substrate,Q9H1C7
Q01196,Substrate,Q01196
Q49A26,Substrate,Q49A26
O43613,Substrate,O43613
Q8N111,Substrate,Q8N111
Q9BZR9,E3,Q9BZR9
P06133,Substrate,P06133
Q14511,Substrate,Q14511
P20701,Substrate,P20701
Q6PII3,Substrate,Q6PII3
Q5TKA1,Substrate,Q5TKA1
P51864,Substrate,P51864
P06702,Substrate,P06702
Q9Y4F1,Substrate,Q9Y4F1
A1L443,Substrate,A1L443
A6NHS1,Substrate,A6NHS1
Q96D53,Substrate,Q96D53
Q9GZM6,Substrate,Q9GZM6
P18754,Substrate,P18754
Q8N6C7,Substrate,Q8N6C7
P47211,Substrate,P47211
Q86Y22,Substrate,Q86Y22
Q8N1N2,Substrate,Q8N1N2
Q96S44,Substrate,Q96S44
P56545,Substrate,P56545
Q96S99,Substrate,Q96S99
Q8NBZ9,Substrate,Q8NBZ9
Q86SH2,Substrate,Q86SH2
Q13352,Substrate,Q13352
Q8WUA2,Substrate,Q8WUA2
Q8NGI4,Substrate,Q8NGI4
P48378,Substrate,P48378
Q99961,Substrate,Q99961
Q2TAL8,Substrate,Q2TAL8
P35527,Substrate,P35527
Q6H3X3,Substrate,Q6H3X3
Q8N5T2,Substrate,Q8N5T2
Q8N239,Substrate,Q8N239
Q96KX0,Substrate,Q96KX0
Q6MZQ0,Substrate,Q6MZQ0
Q9ULW0,Substrate,Q9ULW0
P49736,Substrate,P49736
Q86UQ0,Substrate,Q86UQ0
Q13485,Substrate,Q13485
Q96SM3,Substrate,Q96SM3
Q9NW68,Substrate,Q9NW68
Q7L273,E3,Q7L273
Q9NVV5,Substrate,Q9NVV5
A0A075B6K5,Substrate,A0A075B6K5
Q9BXS0,Substrate,Q9BXS0
Q8NI38,Substrate,Q8NI38
P54849,Substrate,P54849
Q0VAM2,Substrate,Q0VAM2
P57078,Substrate,P57078
P53816,Substrate,P53816
Q9NYT6,Substrate,Q9NYT6
Q9H0R3,Substrate,Q9H0R3
Q8TBF5,Substrate,Q8TBF5
Q92764,Substrate,Q92764
Q03113,Substrate,Q03113
Q7Z2G1,Substrate,Q7Z2G1
Q8WV28,Substrate,Q8WV28
Q96BZ4,Substrate,Q96BZ4
O75489,Substrate,O75489
Q13156,Substrate,Q13156
Q5QJU3,Substrate,Q5QJU3
Q6NW29,Substrate,Q6NW29
Q15181,Substrate,Q15181
Q86VN1,Substrate,Q86VN1
Q7Z5K2,Substrate,Q7Z5K2
Q6UWV7,Substrate,Q6UWV7
P60891,Substrate,P60891
O14734,Substrate,O14734
Q8WZA8,Substrate,Q8WZA8
Q8N183,Substrate,Q8N183
Q9H9Z2,Substrate,Q9H9Z2
Q9NSI5,Substrate,Q9NSI5
O75461,Substrate,O75461
A4FU28,Substrate,A4FU28
Q2M329,Substrate,Q2M329
Q9BPU9,Substrate,Q9BPU9
Q9HCX4,Substrate,Q9HCX4
Q9Y4C1,Substrate,Q9Y4C1
P29274,Substrate,P29274
Q9UH62,Substrate,Q9UH62
C9JXX5,Substrate,C9JXX5
P25686,Substrate,P25686
Q9UIL4,Substrate,Q9UIL4
P02730,Substrate,P02730
P19320,Substrate,P19320
Q5I0X4,Substrate,Q5I0X4
Q9NQW7,Substrate,Q9NQW7
O75093,Substrate,O75093
Q8N0V1,Substrate,Q8N0V1
Q6ZTB9,Substrate,Q6ZTB9
Q96R08,Substrate,Q96R08
Q9NU53,Substrate,Q9NU53
Q9BUL5,Substrate,Q9BUL5
Q8WV60,Substrate,Q8WV60
Q9C010,Substrate,Q9C010
O15061,Substrate,O15061
Q59EK9,Substrate,Q59EK9
P0C2W1,E3,P0C2W1
Q8NFZ3,Substrate,Q8NFZ3
Q9UBI9,Substrate,Q9UBI9
Q8TD90,Substrate,Q8TD90
Q8IVW6,Substrate,Q8IVW6
O95429,Substrate,O95429
P08319,Substrate,P08319
A0A075B6I0,Substrate,A0A075B6I0
Q99547,Substrate,Q99547
Q9Y5J6,Substrate,Q9Y5J6
P08709,Substrate,P08709
Q9NVV2,Substrate,Q9NVV2
Q8NGB8,Substrate,Q8NGB8
Q9H9L3,Substrate,Q9H9L3
Q9BWW4,Substrate,Q9BWW4
Q96Q80,Substrate,Q96Q80
Q8TEZ7,Substrate,Q8TEZ7
Q9UL51,Substrate,Q9UL51
Q9NZQ7,Substrate,Q9NZQ7
Q8IY45,Substrate,Q8IY45
Q99551,Substrate,Q99551
P78412,Substrate,P78412
P24592,Substrate,P24592
A6NGR9,Substrate,A6NGR9
Q147X3,Substrate,Q147X3
P39059,Substrate,P39059
Q9H211,Substrate,Q9H211
O43462,Substrate,O43462
Q00534,Substrate,Q00534
Q96F44,E3,Q96F44
Q8TAF7,Substrate,Q8TAF7
Q9HAU6,Substrate,Q9HAU6
Q8WVD3,E3,Q8WVD3
P62324,Substrate,P62324
Q8N3Y3,Substrate,Q8N3Y3
Q9H4A5,Substrate,Q9H4A5
O14604,Substrate,O14604
Q96IF1,Substrate,Q96IF1
Q5VV41,Substrate,Q5VV41
Q15040,Substrate,Q15040
Q9UKF5,Substrate,Q9UKF5
O43426,Substrate,O43426
Q587J8,Substrate,Q587J8
Q8WWY6,Substrate,Q8WWY6
Q96BN8,Substrate,Q96BN8
Q09428,Substrate,Q09428
Q5VTR2,E3,Q5VTR2
Q6UXP3,Substrate,Q6UXP3
O76081,Substrate,O76081
Q9BYE2,Substrate,Q9BYE2
Q9ULE4,Substrate,Q9ULE4
Q8N9F8,Substrate,Q8N9F8
Q9Y639,Substrate,Q9Y639
Q96AP0,Substrate,Q96AP0
Q53F19,Substrate,Q53F19
Q9UJ41,Substrate,Q9UJ41
P15923,Substrate,P15923
O75909,Substrate,O75909
O95716,Substrate,O95716
Q9Y6J3,Substrate,Q9Y6J3
Q9UKG9,Substrate,Q9UKG9
O94929,Substrate,O94929
Q96L42,Substrate,Q96L42
P15880,Substrate,P15880
Q538Z0,Substrate,Q538Z0
Q96JJ7,Substrate,Q96JJ7
Q8WXS5,Substrate,Q8WXS5
Q96P88,Substrate,Q96P88
O95453,Substrate,O95453
P32969,Substrate,P32969
Q9NV06,E3,Q9NV06
Q96NI6,Substrate,Q96NI6
Q9UPX8,Substrate,Q9UPX8
A6NM03,Substrate,A6NM03
P33681,Substrate,P33681
Q9H0X9,Substrate,Q9H0X9
Q15761,Substrate,Q15761
P24385,Substrate,P24385
P00749,Substrate,P00749
Q8NGA1,Substrate,Q8NGA1
A6NI61,Substrate,A6NI61
Q00169,Substrate,Q00169
Q9HBM1,Substrate,Q9HBM1
Q15303,Substrate,Q15303
Q8NEK5,Substrate,Q8NEK5
Q5SRH9,Substrate,Q5SRH9
Q7L513,Substrate,Q7L513
Q96KX2,Substrate,Q96KX2
P0DPF7,Substrate,P0DPF7
A0A0K2S4Q6,Substrate,A0A0K2S4Q6
P80098,Substrate,P80098
P61978,Substrate,P61978
Q9H330,Substrate,Q9H330
Q96N95,Substrate,Q96N95
Q9Y2X9,Substrate,Q9Y2X9
Q13685,Substrate,Q13685
Q96NY8,Substrate,Q96NY8
P06748,Substrate,P06748
Q14CZ7,Substrate,Q14CZ7
Q99459,Substrate,Q99459
P20151,Substrate,P20151
Q32M88,Substrate,Q32M88
P84022,Substrate,P84022
P35452,Substrate,P35452
Q6P9G0,Substrate,Q6P9G0
Q9H9K5,Substrate,Q9H9K5
P16662,Substrate,P16662
P49069,Substrate,P49069
Q969G9,Substrate,Q969G9
Q8N8J7,Substrate,Q8N8J7
P49914,Substrate,P49914
A0A0B4J237,Substrate,A0A0B4J237
P62502,Substrate,P62502
Q5VZB9,Substrate,Q5VZB9
A6NGJ6,Substrate,A6NGJ6
A6NKC9,Substrate,A6NKC9
Q96JN2,Substrate,Q96JN2
P21673,Substrate,P21673
Q8WX94,Substrate,Q8WX94
O75348,Substrate,O75348
Q96AC6,Substrate,Q96AC6
Q8WXK3,E3,Q8WXK3
O14979,Substrate,O14979
Q969M7,Substrate,Q969M7
Q9Y2H0,Substrate,Q9Y2H0
A0A0U1RQF7,Substrate,A0A0U1RQF7
Q15147,Substrate,Q15147
E9PKD4,Substrate,E9PKD4
Q9UGP4,Substrate,Q9UGP4
Q9Y651,Substrate,Q9Y651
Q99424,Substrate,Q99424
P0DV73,Substrate,P0DV73
Q9H4A6,Substrate,Q9H4A6
Q8N2G8,Substrate,Q8N2G8
Q6ZMI0,Substrate,Q6ZMI0
Q8NFL0,Substrate,Q8NFL0
Q8TCB6,Substrate,Q8TCB6
Q5SRD1,Substrate,Q5SRD1
Q6UY27,Substrate,Q6UY27
Q8WU39,Substrate,Q8WU39
A8MYV0,Substrate,A8MYV0
Q9Y4U1,Substrate,Q9Y4U1
P47712,Substrate,P47712
O14788,Substrate,O14788
Q9ULH1,Substrate,Q9ULH1
Q9BRT9,Substrate,Q9BRT9
Q86SJ6,Substrate,Q86SJ6
Q96DE5,E3,Q96DE5
Q9Y266,Substrate,Q9Y266
A6NI86,Substrate,A6NI86
Q86XT2,Substrate,Q86XT2
O15169,Substrate,O15169
Q6IN85,Substrate,Q6IN85
Q8N4Y2,Substrate,Q8N4Y2
P08913,Substrate,P08913
P06028,Substrate,P06028
P56202,Substrate,P56202
Q9H2F9,Substrate,Q9H2F9
Q8WVC0,Substrate,Q8WVC0
Q712K3,Substrate,Q712K3
Q92499,Substrate,Q92499
Q15319,Substrate,Q15319
Q5T7P8,Substrate,Q5T7P8
A2NJV5,Substrate,A2NJV5
Q5F1R6,Substrate,Q5F1R6
Q8N465,Substrate,Q8N465
Q9NY43,Substrate,Q9NY43
Q4U2R6,Substrate,Q4U2R6
Q7Z4G4,Substrate,Q7Z4G4
O75843,Substrate,O75843
Q6IPX1,Substrate,Q6IPX1
P84996,Substrate,P84996
P52758,Substrate,P52758
P37108,Substrate,P37108
P04035,Substrate,P04035
Q9BXI6,Substrate,Q9BXI6
Q9Y5M8,Substrate,Q9Y5M8
O00458,Substrate,O00458
P02461,Substrate,P02461
A6NFY4,Substrate,A6NFY4
Q8N841,Substrate,Q8N841
P58294,Substrate,P58294
Q9BVR0,Substrate,Q9BVR0
P07202,Substrate,P07202
O15131,Substrate,O15131
Q8N323,Substrate,Q8N323
P38571,Substrate,P38571
Q6AI14,Substrate,Q6AI14
O60812,Substrate,O60812
P13521,Substrate,P13521
A8MU46,Substrate,A8MU46
Q9NRD8,Substrate,Q9NRD8
Q96N16,Substrate,Q96N16
Q9NPC6,Substrate,Q9NPC6
Q96SB4,Substrate,Q96SB4
Q92574,Substrate,Q92574
Q5VWI1,Substrate,Q5VWI1
Q9NXB9,Substrate,Q9NXB9
Q8NE79,Substrate,Q8NE79
Q075Z2,Substrate,Q075Z2
Q96MV1,Substrate,Q96MV1
Q16589,Substrate,Q16589
Q93009,Substrate,Q93009
P02745,Substrate,P02745
P61586,Substrate,P61586
P41595,Substrate,P41595
Q2T9K0,Substrate,Q2T9K0
P32302,Substrate,P32302
Q5VWM6,Substrate,Q5VWM6
O00167,Substrate,O00167
O75976,Substrate,O75976
P13284,Substrate,P13284
P36402,Substrate,P36402
Q96FX2,Substrate,Q96FX2
P26038,Substrate,P26038
P47813,Substrate,P47813
Q9NSK7,Substrate,Q9NSK7
Q8NGP2,Substrate,Q8NGP2
P03999,Substrate,P03999
Q9BVG8,Substrate,Q9BVG8
A6NMA1,Substrate,A6NMA1
P82251,Substrate,P82251
Q9BSF4,Substrate,Q9BSF4
P13473,Substrate,P13473
Q86XA9,Substrate,Q86XA9
O95936,Substrate,O95936
O75746,Substrate,O75746
P27338,Substrate,P27338
Q8N4E4,Substrate,Q8N4E4
O94905,Substrate,O94905
P31025,Substrate,P31025
Q6IE38,Substrate,Q6IE38
Q8IWT6,Substrate,Q8IWT6
Q6SJ93,Substrate,Q6SJ93
B2RV13,Substrate,B2RV13
Q53EP0,Substrate,Q53EP0
Q96CX2,Substrate,Q96CX2
Q96G28,Substrate,Q96G28
Q8IUZ5,Substrate,Q8IUZ5
Q9BR39,Substrate,Q9BR39
Q16798,Substrate,Q16798
P39656,Substrate,P39656
Q5VYX0,Substrate,Q5VYX0
Q8N0X4,Substrate,Q8N0X4
Q9NPH2,Substrate,Q9NPH2
P58005,Substrate,P58005
Q5T619,Substrate,Q5T619
Q9Y3Y2,Substrate,Q9Y3Y2
Q92995,Substrate,Q92995
P51654,Substrate,P51654
P31267,Substrate,P31267
P52701,Substrate,P52701
Q6ZR54,Substrate,Q6ZR54
Q96CT7,Substrate,Q96CT7
Q96BR5,Substrate,Q96BR5
A0A1W2PRP0,Substrate,A0A1W2PRP0
Q86WZ6,Substrate,Q86WZ6
P23771,Substrate,P23771
Q8IUI8,Substrate,Q8IUI8
Q6PJP8,Substrate,Q6PJP8
Q96EM0,Substrate,Q96EM0
Q52LJ0,Substrate,Q52LJ0
Q8NGP9,Substrate,Q8NGP9
Q9GZN1,Substrate,Q9GZN1
Q15825,Substrate,Q15825
Q8TB61,Substrate,Q8TB61
Q9H4E7,Substrate,Q9H4E7
O75629,Substrate,O75629
Q8N5F7,Substrate,Q8N5F7
Q9BZC1,Substrate,Q9BZC1
Q70Z35,Substrate,Q70Z35
P20338,Substrate,P20338
Q13554,Substrate,Q13554
Q9Y5Y5,Substrate,Q9Y5Y5
Q8N1I0,Substrate,Q8N1I0
Q8NEF3,Substrate,Q8NEF3
P09622,Substrate,P09622
Q9H8X3,Substrate,Q9H8X3
Q9Y2V0,Substrate,Q9Y2V0
Q9NV58,E3,Q9NV58
P86496,Substrate,P86496
Q86WV1,Substrate,Q86WV1
Q5H9J9,Substrate,Q5H9J9
A6NL26,Substrate,A6NL26
P43307,Substrate,P43307
Q5MCW4,Substrate,Q5MCW4
Q9Y2W7,Substrate,Q9Y2W7
Q92664,Substrate,Q92664
P0DP71,Substrate,P0DP71
Q96DE9,Substrate,Q96DE9
A1L168,Substrate,A1L168
Q9HCM3,Substrate,Q9HCM3
Q9Y2G7,Substrate,Q9Y2G7
P0DN26,Substrate,P0DN26
Q15043,Substrate,Q15043
Q15697,Substrate,Q15697
Q16586,Substrate,Q16586
Q6UXU0,Substrate,Q6UXU0
Q9Y2I6,Substrate,Q9Y2I6
O75390,Substrate,O75390
P48065,Substrate,P48065
O00471,Substrate,O00471
Q9H204,Substrate,Q9H204
P59022,Substrate,P59022
Q9NX45,Substrate,Q9NX45
Q96TA1,Substrate,Q96TA1
P31944,Substrate,P31944
P24530,Substrate,P24530
O75333,Substrate,O75333
Q99590,Substrate,Q99590
P43351,Substrate,P43351
P07306,Substrate,P07306
O95050,Substrate,O95050
Q86UA6,Substrate,Q86UA6
P23443,Substrate,P23443
Q8TD94,Substrate,Q8TD94
P17030,Substrate,P17030
Q8NGG1,Substrate,Q8NGG1
Q96QU8,Substrate,Q96QU8
P41208,Substrate,P41208
Q99788,Substrate,Q99788
Q5JSP0,Substrate,Q5JSP0
Q7Z402,Substrate,Q7Z402
P34810,Substrate,P34810
Q8NEG4,Substrate,Q8NEG4
Q9NXK6,Substrate,Q9NXK6
P29275,Substrate,P29275
Q5T447,E3,Q5T447
Q02083,Substrate,Q02083
P13667,Substrate,P13667
Q9NZN8,Substrate,Q9NZN8
A0A5B0,Substrate,A0A5B0
P14416,Substrate,P14416
A0A5F9ZHS7,Substrate,A0A5F9ZHS7
A4D1S5,Substrate,A4D1S5
O15068,Substrate,O15068
P78504,Substrate,P78504
Q9BQ65,Substrate,Q9BQ65
D6R9N7,Substrate,D6R9N7
P40855,Substrate,P40855
P78380,Substrate,P78380
Q9UII4,E3,Q9UII4
Q8NGY6,Substrate,Q8NGY6
A6NJB7,Substrate,A6NJB7
Q08708,Substrate,Q08708
Q13304,Substrate,Q13304
P59942,Substrate,P59942
O60259,Substrate,O60259
P41162,Substrate,P41162
Q6ZUS6,Substrate,Q6ZUS6
Q8N3U4,Substrate,Q8N3U4
P15151,Substrate,P15151
C0HM02,Substrate,C0HM02
Q8NH89,Substrate,Q8NH89
Q9Y233,Substrate,Q9Y233
Q13835,Substrate,Q13835
Q9GZR1,Substrate,Q9GZR1
Q8NH03,Substrate,Q8NH03
Q9NS71,Substrate,Q9NS71
A4D0S4,Substrate,A4D0S4
Q16831,Substrate,Q16831
O60268,Substrate,O60268
Q86TD4,Substrate,Q86TD4
Q9ULV3,Substrate,Q9ULV3
Q8TCT0,Substrate,Q8TCT0
O15054,Substrate,O15054
Q9UQB3,Substrate,Q9UQB3
Q96NA8,Substrate,Q96NA8
A6NNY8,Substrate,A6NNY8
O43815,Substrate,O43815
P0DMU8,Substrate,P0DMU8
Q4G148,Substrate,Q4G148
Q9BZP6,Substrate,Q9BZP6
P02750,Substrate,P02750
A8MXQ7,Substrate,A8MXQ7
Q9UPV7,Substrate,Q9UPV7
Q86VH2,Substrate,Q86VH2
Q96GT9,Substrate,Q96GT9
P02747,Substrate,P02747
Q9Y2M0,Substrate,Q9Y2M0
Q9BU64,Substrate,Q9BU64
Q96BY9,Substrate,Q96BY9
Q8TD10,Substrate,Q8TD10
Q7Z4I7,Substrate,Q7Z4I7
P49591,Substrate,P49591
P60842,Substrate,P60842
Q86VZ1,Substrate,Q86VZ1
A6NJR5,Substrate,A6NJR5
O76099,Substrate,O76099
Q8IWL8,Substrate,Q8IWL8
Q6P2H8,Substrate,Q6P2H8
Q04917,Substrate,Q04917
P0C7H8,Substrate,P0C7H8
P15884,Substrate,P15884
Q3KR37,Substrate,Q3KR37
Q6UX40,Substrate,Q6UX40
Q8NH55,Substrate,Q8NH55
P46019,Substrate,P46019
O95069,Substrate,O95069
O15055,Substrate,O15055
P22033,Substrate,P22033
Q69YI7,Substrate,Q69YI7
Q5JQC4,Substrate,Q5JQC4
Q9HC98,Substrate,Q9HC98
P04141,Substrate,P04141
O43829,Substrate,O43829
Q92830,Substrate,Q92830
P0C617,Substrate,P0C617
Q9H7Z7,Substrate,Q9H7Z7
H3BQW9,Substrate,H3BQW9
Q13829,E3,Q13829
Q6GMV2,Substrate,Q6GMV2
Q6ZRP0,Substrate,Q6ZRP0
P0CV99,Substrate,P0CV99
Q14314,Substrate,Q14314
Q6P474,Substrate,Q6P474
Q0VAA2,Substrate,Q0VAA2
Q9H7Z3,Substrate,Q9H7Z3
P34096,Substrate,P34096
P07438,Substrate,P07438
P08865,Substrate,P08865
Q8N9V7,Substrate,Q8N9V7
Q9HCM9,E3,Q9HCM9
Q400G9,Substrate,Q400G9
Q8WWQ2,Substrate,Q8WWQ2
Q2TV78,Substrate,Q2TV78
Q9Y5J1,Substrate,Q9Y5J1
Q6Q6R5,Substrate,Q6Q6R5
P50226,Substrate,P50226
Q86SM5,Substrate,Q86SM5
Q9P0L0,Substrate,Q9P0L0
Q5SV97,Substrate,Q5SV97
O43439,Substrate,O43439
Q9UHV9,Substrate,Q9UHV9
P27694,Substrate,P27694
Q5M9Q1,Substrate,Q5M9Q1
Q9NP94,Substrate,Q9NP94
Q96MM7,Substrate,Q96MM7
Q6UY11,Substrate,Q6UY11
Q9BZW5,Substrate,Q9BZW5
Q8TEK3,Substrate,Q8TEK3
P30040,Substrate,P30040
Q9BY76,Substrate,Q9BY76
Q9UK73,Substrate,Q9UK73
Q9UHD9,Substrate,Q9UHD9
O15156,Substrate,O15156
P52848,Substrate,P52848
Q6PKC3,Substrate,Q6PKC3
A0A1W2PPD8,Substrate,A0A1W2PPD8
Q8WXE0,Substrate,Q8WXE0
Q96P67,Substrate,Q96P67
Q6NTF7,Substrate,Q6NTF7
Q9Y242,Substrate,Q9Y242
Q6P444,Substrate,Q6P444
P28068,Substrate,P28068
Q86UE6,Substrate,Q86UE6
Q09019,Substrate,Q09019
Q9BZ72,Substrate,Q9BZ72
O95831,Substrate,O95831
Q9Y487,Substrate,Q9Y487
Q96PX8,Substrate,Q96PX8
Q8TC44,Substrate,Q8TC44
P51003,Substrate,P51003
Q7Z6V5,Substrate,Q7Z6V5
Q9H2C5,Substrate,Q9H2C5
A0A0K0K1A5,Substrate,A0A0K0K1A5
P46937,Substrate,P46937
P26715,Substrate,P26715
Q9NYS0,Substrate,Q9NYS0
P10826,Substrate,P10826
Q9BTV7,Substrate,Q9BTV7
O00461,Substrate,O00461
Q6ZT07,Substrate,Q6ZT07
O00232,Substrate,O00232
P23297,Substrate,P23297
Q53S08,Substrate,Q53S08
Q5T2E6,Substrate,Q5T2E6
Q9Y2U5,Substrate,Q9Y2U5
Q58A44,Substrate,Q58A44
Q96F63,Substrate,Q96F63
P48067,Substrate,P48067
Q2WGJ9,Substrate,Q2WGJ9
Q15573,Substrate,Q15573
Q9H7L9,Substrate,Q9H7L9
P56696,Substrate,P56696
P25929,Substrate,P25929
P17029,Substrate,P17029
P36404,Substrate,P36404
Q01851,Substrate,Q01851
P01705,Substrate,P01705
Q9HA92,Substrate,Q9HA92
Q6PIY5,Substrate,Q6PIY5
Q96L12,Substrate,Q96L12
P48169,Substrate,P48169
Q9UF56,E3,Q9UF56
P19484,Substrate,P19484
O14639,Substrate,O14639
Q49A33,Substrate,Q49A33
Q8IUC3,Substrate,Q8IUC3
Q8N7G0,Substrate,Q8N7G0
Q9UGP8,Substrate,Q9UGP8
Q13950,Substrate,Q13950
O95396,Substrate,O95396
Q8WYK1,Substrate,Q8WYK1
P01242,Substrate,P01242
P35610,Substrate,P35610
Q9BUB5,Substrate,Q9BUB5
P78411,Substrate,P78411
Q13641,Substrate,Q13641
Q9BXY8,Substrate,Q9BXY8
Q6P996,Substrate,Q6P996
O60941,Substrate,O60941
O43193,Substrate,O43193
P80075,Substrate,P80075
Q9Y3D2,Substrate,Q9Y3D2
O00411,Substrate,O00411
P35558,Substrate,P35558
Q8N100,Substrate,Q8N100
O43692,Substrate,O43692
Q9UKX2,Substrate,Q9UKX2
Q5VZ72,Substrate,Q5VZ72
Q9H0G5,Substrate,Q9H0G5
Q15612,Substrate,Q15612
Q9UBS5,Substrate,Q9UBS5
O15353,Substrate,O15353
Q969G2,Substrate,Q969G2
Q9H2S6,Substrate,Q9H2S6
Q3LI63,Substrate,Q3LI63
Q8IU60,Substrate,Q8IU60
P52743,Substrate,P52743
P54756,Substrate,P54756
Q9NZE8,Substrate,Q9NZE8
Q5VVP1,Substrate,Q5VVP1
Q6ZRY4,Substrate,Q6ZRY4
O60828,Substrate,O60828
Q9P2H3,Substrate,Q9P2H3
Q68DA7,Substrate,Q68DA7
Q7Z6W7,Substrate,Q7Z6W7
Q5JRC9,Substrate,Q5JRC9
Q8NCW5,Substrate,Q8NCW5
B7ZAQ6,Substrate,B7ZAQ6
Q5T2T1,Substrate,Q5T2T1
Q6UXX5,Substrate,Q6UXX5
Q99941,Substrate,Q99941
Q86UD3,Substrate,Q86UD3
P0C879,Substrate,P0C879
Q92973,Substrate,Q92973
Q8NGH6,Substrate,Q8NGH6
F5H4B4,Substrate,F5H4B4
Q96A70,Substrate,Q96A70
Q99445,Substrate,Q99445
P63162,Substrate,P63162
P31273,Substrate,P31273
A0A0A0MTA7,Substrate,A0A0A0MTA7
Q76N89,E3,Q76N89
P55107,Substrate,P55107
P17181,Substrate,P17181
O75145,Substrate,O75145
O00398,Substrate,O00398
P15407,Substrate,P15407
A0A1B0GUA9,Substrate,A0A1B0GUA9
Q9HC96,Substrate,Q9HC96
P86791,Substrate,P86791
Q63ZE4,Substrate,Q63ZE4
O15255,Substrate,O15255
O14490,Substrate,O14490
Q5HYK9,Substrate,Q5HYK9
Q86YR5,Substrate,Q86YR5
Q7Z699,Substrate,Q7Z699
P30550,Substrate,P30550
Q9HC07,Substrate,Q9HC07
Q99623,Substrate,Q99623
P00352,Substrate,P00352
Q9NPP4,Substrate,Q9NPP4
Q6YN16,Substrate,Q6YN16
Q9Y3R0,Substrate,Q9Y3R0
Q9UL12,Substrate,Q9UL12
O00142,Substrate,O00142
O00151,Substrate,O00151
Q9Y239,Substrate,Q9Y239
Q9Y2R2,Substrate,Q9Y2R2
P17038,Substrate,P17038
Q6P1K1,Substrate,Q6P1K1
Q58A45,Substrate,Q58A45
P31641,Substrate,P31641
P0DP42,Substrate,P0DP42
Q9UL36,Substrate,Q9UL36
Q8WVT3,Substrate,Q8WVT3
P05452,Substrate,P05452
Q9H1E5,Substrate,Q9H1E5
P31321,Substrate,P31321
Q05481,Substrate,Q05481
Q9NYW8,Substrate,Q9NYW8
A6NNJ1,Substrate,A6NNJ1
O95502,Substrate,O95502
P62952,Substrate,P62952
Q9UN75,Substrate,Q9UN75
P50579,Substrate,P50579
Q8IUM7,Substrate,Q8IUM7
P55769,Substrate,P55769
Q92529,Substrate,Q92529
Q969V4,Substrate,Q969V4
P49406,Substrate,P49406
Q96S42,Substrate,Q96S42
O00338,Substrate,O00338
Q8NH80,Substrate,Q8NH80
Q6UWL2,Substrate,Q6UWL2
Q13464,Substrate,Q13464
P0DKX4,Substrate,P0DKX4
Q13588,Substrate,Q13588
Q96E22,Substrate,Q96E22
O75792,Substrate,O75792
O60478,Substrate,O60478
O95968,Substrate,O95968
Q08999,Substrate,Q08999
H7BZ55,Substrate,H7BZ55
Q8TBY9,Substrate,Q8TBY9
P04553,Substrate,P04553
P51970,Substrate,P51970
O95394,Substrate,O95394
Q05209,Substrate,Q05209
Q9UMX5,Substrate,Q9UMX5
Q7Z4L9,Substrate,Q7Z4L9
P54819,Substrate,P54819
Q13275,Substrate,Q13275
O00170,Substrate,O00170
Q6AI08,Substrate,Q6AI08
Q9BXJ7,Substrate,Q9BXJ7
O00233,Substrate,O00233
Q96HJ5,Substrate,Q96HJ5
P51841,Substrate,P51841
Q9BQI7,Substrate,Q9BQI7
Q9BYN0,Substrate,Q9BYN0
P0DMR1,Substrate,P0DMR1
A0A494C0Y3,Substrate,A0A494C0Y3
Q8TB52,E3,Q8TB52
Q9H1X1,Substrate,Q9H1X1
P20265,Substrate,P20265
O43660,Substrate,O43660
C9J069,Substrate,C9J069
Q12809,Substrate,Q12809
Q8N8Q1,Substrate,Q8N8Q1
O15259,Substrate,O15259
Q9NRP7,Substrate,Q9NRP7
Q96A05,Substrate,Q96A05
A6NI56,Substrate,A6NI56
Q68CQ1,Substrate,Q68CQ1
Q8TDI8,Substrate,Q8TDI8
Q7Z5M5,Substrate,Q7Z5M5
Q5MNV8,Substrate,Q5MNV8
P49450,Substrate,P49450
Q96M32,Substrate,Q96M32
Q5XKP0,Substrate,Q5XKP0
Q9Y3B7,Substrate,Q9Y3B7
Q9Y312,Substrate,Q9Y312
Q9UQ26,Substrate,Q9UQ26
Q96FA3,E3,Q96FA3
O14957,Substrate,O14957
A0A0J9YVY3,Substrate,A0A0J9YVY3
Q86UT8,Substrate,Q86UT8
P24752,Substrate,P24752
A0A1W2PR75,Substrate,A0A1W2PR75
P04920,Substrate,P04920
Q5VXU1,Substrate,Q5VXU1
Q99990,Substrate,Q99990
Q8TCE6,Substrate,Q8TCE6
Q9NQV6,Substrate,Q9NQV6
Q71UM5,Substrate,Q71UM5
A0A5A2,Substrate,A0A5A2
Q8IXQ3,Substrate,Q8IXQ3
Q9BYJ1,Substrate,Q9BYJ1
Q68CR7,Substrate,Q68CR7
Q86XD8,Substrate,Q86XD8
P00813,Substrate,P00813
Q9UL68,Substrate,Q9UL68
Q5VWK0,Substrate,Q5VWK0
Q9NYW1,Substrate,Q9NYW1
Q8N6Y2,Substrate,Q8N6Y2
Q9P2N2,Substrate,Q9P2N2
P0DJH9,Substrate,P0DJH9
Q9UHY8,Substrate,Q9UHY8
Q3SY46,Substrate,Q3SY46
Q14258,E3,Q14258
P01009,Substrate,P01009
Q96HN2,Substrate,Q96HN2
P41238,Substrate,P41238
Q15386,E3,Q15386
Q6UVY6,Substrate,Q6UVY6
Q9UHM6,Substrate,Q9UHM6
P42685,Substrate,P42685
Q9BY41,Substrate,Q9BY41
Q9UBY0,Substrate,Q9UBY0
P17252,Substrate,P17252
Q6P4R8,Substrate,Q6P4R8
O15182,Substrate,O15182
O75439,Substrate,O75439
Q96N38,Substrate,Q96N38
Q9NWT1,Substrate,Q9NWT1
A4D2B0,Substrate,A4D2B0
Q86Z20,Substrate,Q86Z20
Q9Y5F9,Substrate,Q9Y5F9
A0PK11,Substrate,A0PK11
O14921,Substrate,O14921
Q99972,Substrate,Q99972
P31942,Substrate,P31942
O75678,Substrate,O75678
Q8WXB1,Substrate,Q8WXB1
Q15906,Substrate,Q15906
P52815,Substrate,P52815
A6NIH7,Substrate,A6NIH7
A1A5B4,Substrate,A1A5B4
Q5VTE0,Substrate,Q5VTE0
Q96BF3,Substrate,Q96BF3
Q9BXX3,Substrate,Q9BXX3
Q9GZY6,Substrate,Q9GZY6
Q8NGS3,Substrate,Q8NGS3
P58335,Substrate,P58335
Q6WCQ1,Substrate,Q6WCQ1
Q9Y315,Substrate,Q9Y315
Q9P0R6,Substrate,Q9P0R6
Q8NH87,Substrate,Q8NH87
Q9GZY4,Substrate,Q9GZY4
P09958,Substrate,P09958
Q08345,Substrate,Q08345
P0C264,Substrate,P0C264
Q5BKZ1,Substrate,Q5BKZ1
O75311,Substrate,O75311
Q6UWV2,Substrate,Q6UWV2
Q5TAX3,Substrate,Q5TAX3
P04844,Substrate,P04844
O75864,Substrate,O75864
P18065,Substrate,P18065
Q15118,Substrate,Q15118
Q8NGS6,Substrate,Q8NGS6
P0C7X1,Substrate,P0C7X1
Q9BRT6,Substrate,Q9BRT6
Q3B7T1,Substrate,Q3B7T1
Q96MZ4,Substrate,Q96MZ4
P0CG34,Substrate,P0CG34
Q9UDX4,Substrate,Q9UDX4
Q9Y4C5,Substrate,Q9Y4C5
P63267,Substrate,P63267
Q8IXY8,Substrate,Q8IXY8
P51948,Substrate,P51948
Q9Y6Q5,Substrate,Q9Y6Q5
Q96FH0,Substrate,Q96FH0
Q92796,Substrate,Q92796
Q01081,Substrate,Q01081
Q8TCQ1,E3,Q8TCQ1
Q9Y267,Substrate,Q9Y267
P42773,Substrate,P42773
Q8TBJ5,Substrate,Q8TBJ5
A6NK59,Substrate,A6NK59
Q9BUY7,Substrate,Q9BUY7
O75943,Substrate,O75943
P60006,Substrate,P60006
P37837,Substrate,P37837
P0DH78,Substrate,P0DH78
Q5K4L6,Substrate,Q5K4L6
Q9Y6I8,Substrate,Q9Y6I8
Q92575,Substrate,Q92575
Q9Y458,Substrate,Q9Y458
Q16777,Substrate,Q16777
Q8N4G2,Substrate,Q8N4G2
Q9NVN8,Substrate,Q9NVN8
Q9H6U6,Substrate,Q9H6U6
Q9C0C4,Substrate,Q9C0C4
Q9H7X3,Substrate,Q9H7X3
Q8WVB3,Substrate,Q8WVB3
Q6FIF0,Substrate,Q6FIF0
Q9Y4E1,Substrate,Q9Y4E1
Q15569,Substrate,Q15569
Q9UMX6,Substrate,Q9UMX6
P50151,Substrate,P50151
Q53FA7,Substrate,Q53FA7
Q08AN1,Substrate,Q08AN1
Q9NQW8,Substrate,Q9NQW8
Q5TAT6,Substrate,Q5TAT6
P04433,Substrate,P04433
Q8N6H7,Substrate,Q8N6H7
Q5SY80,Substrate,Q5SY80
P52179,Substrate,P52179
Q86WD7,Substrate,Q86WD7
Q99707,Substrate,Q99707
Q8N123,Substrate,Q8N123
O94989,Substrate,O94989
Q14011,Substrate,Q14011
O15297,Substrate,O15297
Q6ZRU5,Substrate,Q6ZRU5
Q99543,Substrate,Q99543
Q9UJT9,E3,Q9UJT9
Q6T4P5,Substrate,Q6T4P5
O95817,Substrate,O95817
Q7Z4V5,Substrate,Q7Z4V5
Q92841,Substrate,Q92841
Q96G03,Substrate,Q96G03
O14815,Substrate,O14815
Q9UJV8,Substrate,Q9UJV8
P15153,Substrate,P15153
P0DN80,Substrate,P0DN80
Q9P2W1,Substrate,Q9P2W1
Q8N436,Substrate,Q8N436
P31689,Substrate,P31689
P49716,Substrate,P49716
Q86YV0,Substrate,Q86YV0
Q8N8R3,Substrate,Q8N8R3
P43364,Substrate,P43364
Q9UNX9,Substrate,Q9UNX9
Q7RTU4,Substrate,Q7RTU4
P42575,Substrate,P42575
Q12913,Substrate,Q12913
A6NGB0,Substrate,A6NGB0
O75688,Substrate,O75688
O15072,Substrate,O15072
Q5T601,Substrate,Q5T601
Q969Z3,Substrate,Q969Z3
Q9NS40,Substrate,Q9NS40
Q02643,Substrate,Q02643
Q6NSJ2,Substrate,Q6NSJ2
Q6IEY1,Substrate,Q6IEY1
Q8IYE0,Substrate,Q8IYE0
P12109,Substrate,P12109
Q8WZB0,Substrate,Q8WZB0
A6NLI5,Substrate,A6NLI5
Q8NAA5,Substrate,Q8NAA5
Q9NRZ7,Substrate,Q9NRZ7
P02585,Substrate,P02585
Q8WYA1,Substrate,Q8WYA1
O15304,E3,O15304
Q9P1P5,Substrate,Q9P1P5
P61952,Substrate,P61952
Q9NP55,Substrate,Q9NP55
Q15842,Substrate,Q15842
Q8NGC0,Substrate,Q8NGC0
Q8TC57,Substrate,Q8TC57
Q02928,Substrate,Q02928
Q8NGM1,Substrate,Q8NGM1
P43366,Substrate,P43366
Q96PD7,Substrate,Q96PD7
P32418,Substrate,P32418
Q8IVF5,Substrate,Q8IVF5
Q9H2H9,Substrate,Q9H2H9
A6NJY4,Substrate,A6NJY4
Q9H0X6,E3,Q9H0X6
Q6IA17,Substrate,Q6IA17
P10644,Substrate,P10644
Q9BQ13,Substrate,Q9BQ13
Q86TE4,Substrate,Q86TE4
P26651,Substrate,P26651
Q8NFT2,Substrate,Q8NFT2
Q96FK6,Substrate,Q96FK6
Q15306,Substrate,Q15306
Q0ZGT2,Substrate,Q0ZGT2
Q9H3R0,Substrate,Q9H3R0
O43345,Substrate,O43345
Q16666,Substrate,Q16666
Q8NH01,Substrate,Q8NH01
Q9UKJ8,Substrate,Q9UKJ8
Q5VZ66,Substrate,Q5VZ66
A1A4Y4,Substrate,A1A4Y4
Q52MB2,Substrate,Q52MB2
P55085,Substrate,P55085
O15438,Substrate,O15438
Q99618,E3,Q99618
Q9NTI7,Substrate,Q9NTI7
Q00597,Substrate,Q00597
O75208,Substrate,O75208
Q7LDI9,Substrate,Q7LDI9
Q03169,Substrate,Q03169
Q14209,Substrate,Q14209
Q9UQ88,Substrate,Q9UQ88
Q9NP86,Substrate,Q9NP86
Q9BXS9,Substrate,Q9BXS9
Q6NT89,Substrate,Q6NT89
P56211,Substrate,P56211
Q8NCS7,Substrate,Q8NCS7
Q8WVZ9,E3,Q8WVZ9
Q99884,Substrate,Q99884
O15266,Substrate,O15266
Q8NGJ3,Substrate,Q8NGJ3
Q5VTU8,Substrate,Q5VTU8
A8MV72,Substrate,A8MV72
Q8NFH5,Substrate,Q8NFH5
Q9NYK5,Substrate,Q9NYK5
Q494R0,Substrate,Q494R0
Q12765,Substrate,Q12765
Q96L21,Substrate,Q96L21
P36776,Substrate,P36776
Q96FX8,Substrate,Q96FX8
Q15424,Substrate,Q15424
B0I1T2,Substrate,B0I1T2
Q9HAT8,Substrate,Q9HAT8
P84085,Substrate,P84085
Q86TI2,Substrate,Q86TI2
Q06250,Substrate,Q06250
Q9Y561,Substrate,Q9Y561
O76001,Substrate,O76001
Q9HC35,Substrate,Q9HC35
P54253,Substrate,P54253
P51648,Substrate,P51648
O95744,Substrate,O95744
Q8NCE2,Substrate,Q8NCE2
Q8TC71,Substrate,Q8TC71
P51843,Substrate,P51843
Q96J94,Substrate,Q96J94
Q86SE8,Substrate,Q86SE8
Q86Y33,Substrate,Q86Y33
P11473,Substrate,P11473
P13631,Substrate,P13631
P61160,Substrate,P61160
Q0P6D2,Substrate,Q0P6D2
P22003,Substrate,P22003
Q86SU0,Substrate,Q86SU0
P43403,Substrate,P43403
A6NDB9,Substrate,A6NDB9
P43487,Substrate,P43487
Q9BVM2,Substrate,Q9BVM2
P36021,Substrate,P36021
Q9NZM5,Substrate,Q9NZM5
Q9BWF2,E3,Q9BWF2
P51116,Substrate,P51116
Q14004,Substrate,Q14004
P49758,Substrate,P49758
Q96CW5,Substrate,Q96CW5
P0C7M3,Substrate,P0C7M3
Q7Z4H9,Substrate,Q7Z4H9
Q6P2D0,Substrate,Q6P2D0
Q96A65,Substrate,Q96A65
O00488,Substrate,O00488
Q8NBI6,Substrate,Q8NBI6
P08133,Substrate,P08133
Q8N594,Substrate,Q8N594
Q96KP6,Substrate,Q96KP6
P0DP03,Substrate,P0DP03
Q86VB7,Substrate,Q86VB7
Q14135,Substrate,Q14135
Q6ICB4,Substrate,Q6ICB4
P17812,Substrate,P17812
Q92759,Substrate,Q92759
Q8NGD3,Substrate,Q8NGD3
P54136,Substrate,P54136
Q96JM4,Substrate,Q96JM4
O75971,Substrate,O75971
Q9UKK6,Substrate,Q9UKK6
P13994,Substrate,P13994
A6NEH8,Substrate,A6NEH8
Q52WX2,Substrate,Q52WX2
Q7Z6J4,Substrate,Q7Z6J4
Q8IUY3,Substrate,Q8IUY3
A6NM28,Substrate,A6NM28
Q10469,Substrate,Q10469
Q8TBZ6,Substrate,Q8TBZ6
Q14159,Substrate,Q14159
P01563,Substrate,P01563
P40937,Substrate,P40937
Q8N8D1,Substrate,Q8N8D1
A1KZ92,Substrate,A1KZ92
Q8NCY6,Substrate,Q8NCY6
P46782,Substrate,P46782
Q9Y2Y4,Substrate,Q9Y2Y4
Q17RG1,Substrate,Q17RG1
Q13263,E3,Q13263
Q4G176,Substrate,Q4G176
P0DQD5,Substrate,P0DQD5
P49281,Substrate,P49281
O75494,Substrate,O75494
Q9BVI4,Substrate,Q9BVI4
Q86VF2,Substrate,Q86VF2
Q7Z2R9,Substrate,Q7Z2R9
Q8WXS8,Substrate,Q8WXS8
Q8TC29,Substrate,Q8TC29
O60449,Substrate,O60449
Q02338,Substrate,Q02338
Q9H5N1,Substrate,Q9H5N1
O14492,Substrate,O14492
P48551,Substrate,P48551
O60479,Substrate,O60479
Q9H8T0,Substrate,Q9H8T0
Q8IXZ2,Substrate,Q8IXZ2
Q9BYQ4,Substrate,Q9BYQ4
Q8N431,Substrate,Q8N431
P0DMU2,Substrate,P0DMU2
P49419,Substrate,P49419
P13051,Substrate,P13051
Q9NY64,Substrate,Q9NY64
Q5T6C5,Substrate,Q5T6C5
P30038,Substrate,P30038
P61604,Substrate,P61604
P01236,Substrate,P01236
Q9UL62,Substrate,Q9UL62
O95238,Substrate,O95238
Q00765,Substrate,Q00765
Q7Z5W3,Substrate,Q7Z5W3
P58317,Substrate,P58317
P0CJ86,Substrate,P0CJ86
P19087,Substrate,P19087
P0CJ68,Substrate,P0CJ68
Q92547,Substrate,Q92547
O15075,Substrate,O15075
Q6IPW1,Substrate,Q6IPW1
O75027,Substrate,O75027
Q8IZD0,Substrate,Q8IZD0
Q9HCS5,Substrate,Q9HCS5
O60391,Substrate,O60391
Q9H633,Substrate,Q9H633
P16035,Substrate,P16035
O14640,Substrate,O14640
Q6NXG1,Substrate,Q6NXG1
P51677,Substrate,P51677
Q3LI60,Substrate,Q3LI60
Q9UIL8,Substrate,Q9UIL8
Q9NWH9,Substrate,Q9NWH9
Q8NGF0,Substrate,Q8NGF0
O00762,Substrate,O00762
P36888,Substrate,P36888
Q9NNW7,Substrate,Q9NNW7
Q13261,Substrate,Q13261
P0C7N4,Substrate,P0C7N4
O75503,Substrate,O75503
Q8NH79,Substrate,Q8NH79
P49354,Substrate,P49354
Q9HD33,Substrate,Q9HD33
Q13425,Substrate,Q13425
Q06416,Substrate,Q06416
Q8N128,Substrate,Q8N128
Q9NRR2,Substrate,Q9NRR2
P31749,Substrate,P31749
Q8TC20,Substrate,Q8TC20
A2A3N6,Substrate,A2A3N6
Q9NYP8,Substrate,Q9NYP8
Q9Y6Q9,Substrate,Q9Y6Q9
Q8N6Q1,Substrate,Q8N6Q1
A6NIE9,Substrate,A6NIE9
P48304,Substrate,P48304
Q0PNE2,Substrate,Q0PNE2
Q9H832,Substrate,Q9H832
Q12882,Substrate,Q12882
P78346,Substrate,P78346
Q6UWY2,Substrate,Q6UWY2
O14976,Substrate,O14976
A5PLL7,Substrate,A5PLL7
P09172,Substrate,P09172
Q9Y5W5,Substrate,Q9Y5W5
Q8N7U7,Substrate,Q8N7U7
P47898,Substrate,P47898
P53672,Substrate,P53672
O14746,Substrate,O14746
Q8IVP9,Substrate,Q8IVP9
A8MXT2,Substrate,A8MXT2
Q86W92,Substrate,Q86W92
Q7Z5H5,Substrate,Q7Z5H5
Q7Z7C7,Substrate,Q7Z7C7
Q9P0V9,Substrate,Q9P0V9
O43143,Substrate,O43143
O95988,Substrate,O95988
Q8TDF6,Substrate,Q8TDF6
P01138,Substrate,P01138
Q6PI47,Substrate,Q6PI47
P84077,Substrate,P84077
Q8TD16,Substrate,Q8TD16
O60299,Substrate,O60299
Q8TDG4,Substrate,Q8TDG4
O60294,Substrate,O60294
Q96T25,Substrate,Q96T25
Q6P9F0,Substrate,Q6P9F0
Q6XQN6,Substrate,Q6XQN6
Q147U7,Substrate,Q147U7
Q6UXB8,Substrate,Q6UXB8
P43489,Substrate,P43489
O15172,Substrate,O15172
Q8NBW4,Substrate,Q8NBW4
Q96JJ3,Substrate,Q96JJ3
Q2Y0W8,Substrate,Q2Y0W8
Q6NV75,Substrate,Q6NV75
Q8TDG2,Substrate,Q8TDG2
Q9NVR2,Substrate,Q9NVR2
O60260,E3,O60260
P11474,Substrate,P11474
Q9UHV8,Substrate,Q9UHV8
Q96KJ4,Substrate,Q96KJ4
Q99619,E3,Q99619
P51449,Substrate,P51449
O75425,Substrate,O75425
Q9Y3I0,Substrate,Q9Y3I0
Q8N114,Substrate,Q8N114
P50549,Substrate,P50549
O75015,Substrate,O75015
Q8IVB4,Substrate,Q8IVB4
P61626,Substrate,P61626
Q96DC9,Substrate,Q96DC9
P48741,Substrate,P48741
A0A075B6J6,Substrate,A0A075B6J6
P16422,Substrate,P16422
Q8IYB8,Substrate,Q8IYB8
Q8TDY2,Substrate,Q8TDY2
P0CJ72,Substrate,P0CJ72
P61769,Substrate,P61769
Q6IFH4,Substrate,Q6IFH4
Q9UEY8,Substrate,Q9UEY8
P60763,Substrate,P60763
Q32M45,Substrate,Q32M45
Q9Y2G1,Substrate,Q9Y2G1
Q9H2W6,Substrate,Q9H2W6
Q7Z7L1,Substrate,Q7Z7L1
Q9Y2X3,Substrate,Q9Y2X3
P31941,Substrate,P31941
Q9BWX5,Substrate,Q9BWX5
Q8NGE1,Substrate,Q8NGE1
Q9NQ87,Substrate,Q9NQ87
Q2M3C6,Substrate,Q2M3C6
Q76EJ3,Substrate,Q76EJ3
Q6PEX7,Substrate,Q6PEX7
Q5VIR6,Substrate,Q5VIR6
O15194,Substrate,O15194
Q8N6M9,Substrate,Q8N6M9
Q9NRM7,Substrate,Q9NRM7
Q9ULW6,Substrate,Q9ULW6
Q8WZ84,Substrate,Q8WZ84
P48745,Substrate,P48745
Q86VS3,Substrate,Q86VS3
P0CB47,Substrate,P0CB47
Q08379,Substrate,Q08379
Q8NC69,E3,Q8NC69
A6NLX4,Substrate,A6NLX4
O14737,Substrate,O14737
Q9BZL3,Substrate,Q9BZL3
Q8TER5,Substrate,Q8TER5
O00219,Substrate,O00219
P54845,Substrate,P54845
Q9P0U4,Substrate,Q9P0U4
Q6TFL4,E3,Q6TFL4
Q6ZNA1,Substrate,Q6ZNA1
O75317,Substrate,O75317
P54257,Substrate,P54257
Q8TDW5,Substrate,Q8TDW5
O95772,Substrate,O95772
P62736,Substrate,P62736
Q2M3V2,Substrate,Q2M3V2
P43155,Substrate,P43155
Q8WUH1,Substrate,Q8WUH1
Q58G82,Substrate,Q58G82
Q3LI72,Substrate,Q3LI72
Q8NHV1,Substrate,Q8NHV1
Q9Y235,Substrate,Q9Y235
P55042,Substrate,P55042
A0A0B4J234,Substrate,A0A0B4J234
Q9Y6M9,Substrate,Q9Y6M9
P55884,Substrate,P55884
Q15904,Substrate,Q15904
Q9BUQ8,Substrate,Q9BUQ8
Q9N2J8,Substrate,Q9N2J8
Q7Z6J0,E3,Q7Z6J0
Q9H511,Substrate,Q9H511
A2A3L6,Substrate,A2A3L6
Q8NGF6,Substrate,Q8NGF6
P0DUX1,Substrate,P0DUX1
A0A1B0GUT2,Substrate,A0A1B0GUT2
O75334,Substrate,O75334
P06401,Substrate,P06401
Q9H3P7,Substrate,Q9H3P7
P08833,Substrate,P08833
Q9UKL2,Substrate,Q9UKL2
Q9UF12,Substrate,Q9UF12
Q14671,Substrate,Q14671
Q9UBT2,Substrate,Q9UBT2
P60484,Substrate,P60484
P01344,Substrate,P01344
O43674,Substrate,O43674
Q9HAD4,Substrate,Q9HAD4
P03891,Substrate,P03891
P0DTL5,Substrate,P0DTL5
Q8NGU1,Substrate,Q8NGU1
P11309,Substrate,P11309
Q9NXD2,Substrate,Q9NXD2
O15553,Substrate,O15553
P53007,Substrate,P53007
Q495Z4,Substrate,Q495Z4
Q12967,Substrate,Q12967
Q7Z392,Substrate,Q7Z392
Q8TF72,Substrate,Q8TF72
Q9NYL4,Substrate,Q9NYL4
Q8TE82,Substrate,Q8TE82
Q9NQ75,Substrate,Q9NQ75
Q9NXR1,Substrate,Q9NXR1
Q9Y6I9,Substrate,Q9Y6I9
Q9BZI1,Substrate,Q9BZI1
P41145,Substrate,P41145
P04629,Substrate,P04629
Q1RMZ1,Substrate,Q1RMZ1
Q16280,Substrate,Q16280
Q96GC5,Substrate,Q96GC5
Q8WW22,Substrate,Q8WW22
P52292,Substrate,P52292
Q5JZY3,Substrate,Q5JZY3
P10155,Substrate,P10155
Q96E52,Substrate,Q96E52
O75665,Substrate,O75665
O60609,Substrate,O60609
P54619,Substrate,P54619
P17097,Substrate,P17097
P05177,Substrate,P05177
Q9BWG4,Substrate,Q9BWG4
Q96EZ8,Substrate,Q96EZ8
P82663,Substrate,P82663
Q8NAG6,Substrate,Q8NAG6
Q9UHF3,Substrate,Q9UHF3
A2A288,Substrate,A2A288
P19256,Substrate,P19256
Q8N307,Substrate,Q8N307
Q8NGF9,Substrate,Q8NGF9
Q13387,Substrate,Q13387
Q9UKQ9,Substrate,Q9UKQ9
Q6PCT2,E3,Q6PCT2
Q9BQ69,Substrate,Q9BQ69
Q9H1H9,Substrate,Q9H1H9
P48729,Substrate,P48729
Q8IZU1,Substrate,Q8IZU1
Q96RD6,Substrate,Q96RD6
P62684,Substrate,P62684
O75071,Substrate,O75071
Q92686,Substrate,Q92686
Q96HA7,Substrate,Q96HA7
Q86VD7,Substrate,Q86VD7
P51523,Substrate,P51523
Q9NPH5,Substrate,Q9NPH5
Q9UMQ6,Substrate,Q9UMQ6
Q86YP4,Substrate,Q86YP4
Q9UJM3,Substrate,Q9UJM3
Q96H96,Substrate,Q96H96
P60852,Substrate,P60852
Q9BVA6,Substrate,Q9BVA6
Q9Y5X9,Substrate,Q9Y5X9
Q2M2I8,Substrate,Q2M2I8
P42765,Substrate,P42765
Q9Y592,Substrate,Q9Y592
A8MZ25,Substrate,A8MZ25
Q96FC9,Substrate,Q96FC9
A0A0U1RRK4,Substrate,A0A0U1RRK4
C9JSJ3,Substrate,C9JSJ3
Q8N4H5,Substrate,Q8N4H5
A8MYA2,Substrate,A8MYA2
Q8NG81,Substrate,Q8NG81
Q9GZU5,Substrate,Q9GZU5
Q6RVD6,Substrate,Q6RVD6
P23760,Substrate,P23760
Q96AD5,Substrate,Q96AD5
Q16854,Substrate,Q16854
O14733,Substrate,O14733
Q15907,Substrate,Q15907
P60606,Substrate,P60606
Q16553,Substrate,Q16553
Q9H9S4,Substrate,Q9H9S4
P62195,Substrate,P62195
Q969R5,Substrate,Q969R5
Q8IYA6,Substrate,Q8IYA6
Q96EK6,Substrate,Q96EK6
P46663,Substrate,P46663
P08727,Substrate,P08727
O76094,Substrate,O76094
P52757,Substrate,P52757
P01714,Substrate,P01714
P48552,Substrate,P48552
Q9NQT8,Substrate,Q9NQT8
P0DW85,Substrate,P0DW85
Q9H0U9,Substrate,Q9H0U9
A6NFE3,Substrate,A6NFE3
P83111,Substrate,P83111
Q9BST9,Substrate,Q9BST9
O95918,Substrate,O95918
Q9H173,Substrate,Q9H173
Q86UV6,E3,Q86UV6
P55211,Substrate,P55211
O43598,Substrate,O43598
Q11128,Substrate,Q11128
Q53HC9,Substrate,Q53HC9
Q8TB69,Substrate,Q8TB69
Q8NBI2,Substrate,Q8NBI2
Q96QK1,Substrate,Q96QK1
Q9Y644,Substrate,Q9Y644
P81605,Substrate,P81605
Q9H1K1,Substrate,Q9H1K1
P20309,Substrate,P20309
Q6XXX2,Substrate,Q6XXX2
Q9HCE5,Substrate,Q9HCE5
C9JQI7,Substrate,C9JQI7
Q92674,Substrate,Q92674
P20809,Substrate,P20809
Q99680,Substrate,Q99680
Q9H3R5,Substrate,Q9H3R5
Q9NS66,Substrate,Q9NS66
Q6IQ16,Substrate,Q6IQ16
O76031,Substrate,O76031
O15212,Substrate,O15212
A2RU67,Substrate,A2RU67
Q9UNK0,Substrate,Q9UNK0
Q9NYF8,Substrate,Q9NYF8
Q9P0P8,Substrate,Q9P0P8
Q9UGJ1,Substrate,Q9UGJ1
P43088,Substrate,P43088
Q5T4T6,Substrate,Q5T4T6
Q5T8P6,Substrate,Q5T8P6
P00403,Substrate,P00403
Q16533,Substrate,Q16533
A0A075B6J9,Substrate,A0A075B6J9
P35754,Substrate,P35754
Q8NEA4,Substrate,Q8NEA4
Q8N2B8,Substrate,Q8N2B8
Q16236,Substrate,Q16236
Q96GZ6,Substrate,Q96GZ6
Q5THR3,Substrate,Q5THR3
O95571,Substrate,O95571
O96017,Substrate,O96017
Q9H1J1,Substrate,Q9H1J1
Q16537,Substrate,Q16537
Q96L08,Substrate,Q96L08
P29460,Substrate,P29460
P00533,Substrate,P00533
P78329,Substrate,P78329
Q68CJ9,Substrate,Q68CJ9
Q9H116,Substrate,Q9H116
Q9NWW9,Substrate,Q9NWW9
A4FU01,Substrate,A4FU01
Q6IQ20,Substrate,Q6IQ20
Q9BSY4,Substrate,Q9BSY4
Q7L190,Substrate,Q7L190
P10276,Substrate,P10276
P35499,Substrate,P35499
O94806,Substrate,O94806
Q15528,Substrate,Q15528
Q96PE3,Substrate,Q96PE3
Q6ZWC4,Substrate,Q6ZWC4
Q9BTC8,Substrate,Q9BTC8
Q96Q42,Substrate,Q96Q42
A0A1B0GUJ8,Substrate,A0A1B0GUJ8
A6NLC8,Substrate,A6NLC8
Q8NFZ0,E3,Q8NFZ0
Q8IYT3,Substrate,Q8IYT3
Q15622,Substrate,Q15622
Q9UKJ1,Substrate,Q9UKJ1
P82650,Substrate,P82650
Q8WWZ7,Substrate,Q8WWZ7
Q9BVN2,Substrate,Q9BVN2
Q9BW66,Substrate,Q9BW66
A6NMK7,Substrate,A6NMK7
Q0VAK6,Substrate,Q0VAK6
P19086,Substrate,P19086
Q9NS93,Substrate,Q9NS93
B8ZZ34,Substrate,B8ZZ34
Q5SZI1,Substrate,Q5SZI1
P98095,Substrate,P98095
Q96GC6,Substrate,Q96GC6
P0CI01,Substrate,P0CI01
Q8WWF5,E3,Q8WWF5
Q8NGJ8,Substrate,Q8NGJ8
Q9BX67,Substrate,Q9BX67
Q7Z713,Substrate,Q7Z713
Q9UHJ6,Substrate,Q9UHJ6
Q8NEY4,Substrate,Q8NEY4
Q15834,Substrate,Q15834
Q96BD5,Substrate,Q96BD5
P02489,Substrate,P02489
Q9Y385,Substrate,Q9Y385
P58418,Substrate,P58418
Q6UXS9,Substrate,Q6UXS9
P16150,Substrate,P16150
P61550,Substrate,P61550
P58401,Substrate,P58401
P51582,Substrate,P51582
Q9BSR8,Substrate,Q9BSR8
Q8N6M0,Substrate,Q8N6M0
P30872,Substrate,P30872
Q96QA5,Substrate,Q96QA5
Q7Z769,Substrate,Q7Z769
Q5VZ89,Substrate,Q5VZ89
Q9NVU0,Substrate,Q9NVU0
P49682,Substrate,P49682
O60343,Substrate,O60343
Q9H6Y5,Substrate,Q9H6Y5
O43390,Substrate,O43390
Q00613,Substrate,Q00613
Q8N8Q3,Substrate,Q8N8Q3
A6NJG2,Substrate,A6NJG2
Q7Z2E3,Substrate,Q7Z2E3
Q8IWB4,Substrate,Q8IWB4
Q3SXY7,Substrate,Q3SXY7
P15313,Substrate,P15313
Q99418,Substrate,Q99418
P09486,Substrate,P09486
Q02556,Substrate,Q02556
O95715,Substrate,O95715
Q6DKI1,Substrate,Q6DKI1
A0A1W2PQU2,Substrate,A0A1W2PQU2
Q5SYE7,Substrate,Q5SYE7
Q8TE59,Substrate,Q8TE59
Q9UFE4,Substrate,Q9UFE4
Q5TEU4,Substrate,Q5TEU4
P01275,Substrate,P01275
Q9HC24,Substrate,Q9HC24
Q92541,Substrate,Q92541
Q8WU08,Substrate,Q8WU08
O76050,E3,O76050
Q9H2C0,E3,Q9H2C0
O15381,Substrate,O15381
Q86WX3,Substrate,Q86WX3
P02812,Substrate,P02812
Q5VVH5,Substrate,Q5VVH5
Q96BD6,E3,Q96BD6
P21731,Substrate,P21731
P12314,Substrate,P12314
P08758,Substrate,P08758
P51170,Substrate,P51170
Q8IZ52,Substrate,Q8IZ52
P34741,Substrate,P34741
Q9UH03,Substrate,Q9UH03
P26572,Substrate,P26572
Q96IY1,Substrate,Q96IY1
P21815,Substrate,P21815
Q86UQ8,Substrate,Q86UQ8
P61224,Substrate,P61224
Q9C0F3,Substrate,Q9C0F3
Q4G0W2,Substrate,Q4G0W2
Q9BQI3,Substrate,Q9BQI3
Q86U90,Substrate,Q86U90
Q6ZWK4,Substrate,Q6ZWK4
O43805,Substrate,O43805
Q7L3B6,Substrate,Q7L3B6
Q6UWN0,Substrate,Q6UWN0
Q9NSD5,Substrate,Q9NSD5
P35680,Substrate,P35680
P50747,Substrate,P50747
P04090,Substrate,P04090
Q9NRD0,E3,Q9NRD0
Q15743,Substrate,Q15743
P38646,Substrate,P38646
Q8NGN0,Substrate,Q8NGN0
Q63HR2,Substrate,Q63HR2
O00743,Substrate,O00743
Q15714,Substrate,Q15714
Q8TBE0,Substrate,Q8TBE0
Q6UXX9,Substrate,Q6UXX9
O75940,Substrate,O75940
Q96RT8,Substrate,Q96RT8
Q92545,Substrate,Q92545
P83876,Substrate,P83876
Q5SQH8,Substrate,Q5SQH8
Q9BQQ7,Substrate,Q9BQQ7
Q9NQG6,Substrate,Q9NQG6
O15498,Substrate,O15498
Q92521,Substrate,Q92521
Q96A59,Substrate,Q96A59
P29350,Substrate,P29350
Q5VZY2,Substrate,Q5VZY2
Q9P2K3,Substrate,Q9P2K3
P13591,Substrate,P13591
P80188,Substrate,P80188
A6NK89,Substrate,A6NK89
Q8IXQ5,E3,Q8IXQ5
Q9UKS6,Substrate,Q9UKS6
Q8IUH2,Substrate,Q8IUH2
Q9Y3D6,Substrate,Q9Y3D6
Q96SJ8,Substrate,Q96SJ8
Q96CN4,Substrate,Q96CN4
Q96C34,Substrate,Q96C34
Q8NG77,Substrate,Q8NG77
Q9Y5G7,Substrate,Q9Y5G7
Q13111,Substrate,Q13111
Q14520,Substrate,Q14520
Q13217,Substrate,Q13217
O95257,Substrate,O95257
Q99687,Substrate,Q99687
Q9BZ95,Substrate,Q9BZ95
Q96NL0,Substrate,Q96NL0
Q9Y2H6,Substrate,Q9Y2H6
P04430,Substrate,P04430
Q9Y693,Substrate,Q9Y693
Q15170,Substrate,Q15170
O94964,Substrate,O94964
Q9UMD9,Substrate,Q9UMD9
P06881,Substrate,P06881
P28356,Substrate,P28356
O00592,Substrate,O00592
P42681,Substrate,P42681
Q6ZST4,Substrate,Q6ZST4
O95965,Substrate,O95965
Q9HC73,Substrate,Q9HC73
P02689,Substrate,P02689
P80723,Substrate,P80723
Q9ULW8,Substrate,Q9ULW8
P40145,Substrate,P40145
P43121,Substrate,P43121
Q96CV9,Substrate,Q96CV9
Q13151,Substrate,Q13151
P20749,Substrate,P20749
Q99536,Substrate,Q99536
P42704,Substrate,P42704
Q14232,Substrate,Q14232
Q8IYF1,Substrate,Q8IYF1
Q96C86,Substrate,Q96C86
Q9BRK3,Substrate,Q9BRK3
P58304,Substrate,P58304
Q8N5I9,Substrate,Q8N5I9
Q3B7T3,Substrate,Q3B7T3
Q96LJ8,Substrate,Q96LJ8
Q53RD9,Substrate,Q53RD9
Q6T4R5,Substrate,Q6T4R5
Q9Y3C5,E3,Q9Y3C5
O95297,Substrate,O95297
P55771,Substrate,P55771
Q8NDG6,Substrate,Q8NDG6
Q76M96,Substrate,Q76M96
Q5JS37,Substrate,Q5JS37
B2RU33,Substrate,B2RU33
Q9UPY5,Substrate,Q9UPY5
Q9Y2G4,Substrate,Q9Y2G4
Q86Y34,Substrate,Q86Y34
Q7Z7L9,Substrate,Q7Z7L9
A6NJJ6,Substrate,A6NJJ6
Q9NSK0,Substrate,Q9NSK0
Q15785,Substrate,Q15785
Q9NWZ5,Substrate,Q9NWZ5
P08118,Substrate,P08118
Q8N4N8,Substrate,Q8N4N8
Q6UWB1,Substrate,Q6UWB1
Q8TD31,Substrate,Q8TD31
Q8N912,Substrate,Q8N912
P11245,Substrate,P11245
P29466,Substrate,P29466
O95935,Substrate,O95935
A6NGN4,Substrate,A6NGN4
O94844,E3,O94844
P86452,Substrate,P86452
P05141,Substrate,P05141
I3L0S3,Substrate,I3L0S3
Q8NHU6,Substrate,Q8NHU6
Q9BT67,Substrate,Q9BT67
P26447,Substrate,P26447
Q6ZV73,Substrate,Q6ZV73
Q13765,Substrate,Q13765
P35625,Substrate,P35625
Q9NZ43,Substrate,Q9NZ43
P14868,Substrate,P14868
Q2TAK8,Substrate,Q2TAK8
Q99549,Substrate,Q99549
P68431,Substrate,P68431
Q5VTT5,Substrate,Q5VTT5
Q4G163,Substrate,Q4G163
Q6ZMY3,Substrate,Q6ZMY3
P51580,Substrate,P51580
Q8WUW1,Substrate,Q8WUW1
Q6ZRT6,Substrate,Q6ZRT6
O15260,Substrate,O15260
Q9NUJ3,Substrate,Q9NUJ3
Q8WUE5,Substrate,Q8WUE5
Q8TD47,Substrate,Q8TD47
Q0VDD7,Substrate,Q0VDD7
Q6ZNL6,Substrate,Q6ZNL6
P35716,Substrate,P35716
P40425,Substrate,P40425
Q86V25,Substrate,Q86V25
P11388,Substrate,P11388
Q8N4K4,Substrate,Q8N4K4
Q8NGS4,Substrate,Q8NGS4
Q9NVH1,Substrate,Q9NVH1
Q9NVM6,Substrate,Q9NVM6
Q5HYK7,Substrate,Q5HYK7
Q6PGN9,Substrate,Q6PGN9
P02763,Substrate,P02763
P51511,Substrate,P51511
Q9BZW4,Substrate,Q9BZW4
P36941,Substrate,P36941
Q6PFW1,Substrate,Q6PFW1
Q6P531,Substrate,Q6P531
Q2TAL6,Substrate,Q2TAL6
Q9BT43,Substrate,Q9BT43
Q15427,Substrate,Q15427
O94907,Substrate,O94907
Q7Z3J3,Substrate,Q7Z3J3
Q9HDD0,Substrate,Q9HDD0
Q92997,Substrate,Q92997
O43670,Substrate,O43670
Q5T3U5,Substrate,Q5T3U5
Q9NW75,Substrate,Q9NW75
P0CJ78,Substrate,P0CJ78
Q9HB15,Substrate,Q9HB15
Q14154,Substrate,Q14154
Q9NP31,Substrate,Q9NP31
Q9H4Y5,Substrate,Q9H4Y5
Q9UKK3,Substrate,Q9UKK3
A6NM11,Substrate,A6NM11
Q9BUW7,Substrate,Q9BUW7
Q2TAA5,Substrate,Q2TAA5
O15296,Substrate,O15296
Q8IUH8,Substrate,Q8IUH8
P0DW81,Substrate,P0DW81
Q9H9L4,Substrate,Q9H9L4
Q96HY7,Substrate,Q96HY7
Q13507,Substrate,Q13507
Q08477,Substrate,Q08477
Q86VR2,Substrate,Q86VR2
Q58EX7,Substrate,Q58EX7
Q9H4K7,Substrate,Q9H4K7
P30048,Substrate,P30048
P20853,Substrate,P20853
Q6PEZ8,Substrate,Q6PEZ8
Q99808,Substrate,Q99808
P30511,Substrate,P30511
A6NKN8,Substrate,A6NKN8
Q13163,Substrate,Q13163
B7U540,Substrate,B7U540
Q9NZ94,Substrate,Q9NZ94
P48728,Substrate,P48728
Q01658,Substrate,Q01658
Q14449,Substrate,Q14449
Q96AQ1,Substrate,Q96AQ1
Q6ZN19,Substrate,Q6ZN19
Q92535,Substrate,Q92535
Q9Y221,Substrate,Q9Y221
Q5TC04,Substrate,Q5TC04
Q658N2,Substrate,Q658N2
P22531,Substrate,P22531
Q96SQ9,Substrate,Q96SQ9
Q96RN5,Substrate,Q96RN5
Q5TFE4,Substrate,Q5TFE4
Q8NF67,Substrate,Q8NF67
Q2M1V0,Substrate,Q2M1V0
Q3MIX3,Substrate,Q3MIX3
Q8N614,Substrate,Q8N614
Q9BTE6,Substrate,Q9BTE6
Q5JNZ5,Substrate,Q5JNZ5
Q9BXU9,Substrate,Q9BXU9
P19525,Substrate,P19525
Q9C0H2,Substrate,Q9C0H2
Q717R9,Substrate,Q717R9
Q3SXM5,Substrate,Q3SXM5
P51513,Substrate,P51513
Q00994,Substrate,Q00994
P78334,Substrate,P78334
O96000,Substrate,O96000
Q86SZ2,Substrate,Q86SZ2
Q92915,Substrate,Q92915
Q8TDN1,Substrate,Q8TDN1
O15151,E3,O15151
P05231,Substrate,P05231
Q9NWM0,Substrate,Q9NWM0
A6NEM1,Substrate,A6NEM1
A2A3K4,Substrate,A2A3K4
Q8NFU5,Substrate,Q8NFU5
P35228,Substrate,P35228
Q9UI38,Substrate,Q9UI38
Q5VT33,Substrate,Q5VT33
O43809,Substrate,O43809
Q06495,Substrate,Q06495
Q6ZS86,Substrate,Q6ZS86
P09497,Substrate,P09497
Q8IXQ4,Substrate,Q8IXQ4
Q9UBS0,Substrate,Q9UBS0
Q9BYJ9,Substrate,Q9BYJ9
O43752,Substrate,O43752
Q6ZUT6,Substrate,Q6ZUT6
Q9ULK6,Substrate,Q9ULK6
Q09470,Substrate,Q09470
A6NKK0,Substrate,A6NKK0
P41597,Substrate,P41597
Q9Y3N9,Substrate,Q9Y3N9
Q8N4U5,Substrate,Q8N4U5
A0A075B767,Substrate,A0A075B767
Q2WGJ8,Substrate,Q2WGJ8
A0A2R8YCJ5,Substrate,A0A2R8YCJ5
Q86XE3,Substrate,Q86XE3
P98198,Substrate,P98198
O75319,Substrate,O75319
Q3LI76,Substrate,Q3LI76
Q9UKP3,Substrate,Q9UKP3
Q9BZM1,Substrate,Q9BZM1
Q7L8L6,Substrate,Q7L8L6
P0DN37,Substrate,P0DN37
Q9BUN5,Substrate,Q9BUN5
Q9HBY8,Substrate,Q9HBY8
P33076,Substrate,P33076
O14646,Substrate,O14646
Q33E94,Substrate,Q33E94
Q92889,Substrate,Q92889
Q8N3R9,Substrate,Q8N3R9
O76071,Substrate,O76071
Q5VWC8,Substrate,Q5VWC8
Q96JE7,Substrate,Q96JE7
Q3MIT2,Substrate,Q3MIT2
A6NGU5,Substrate,A6NGU5
Q14863,Substrate,Q14863
Q8N567,Substrate,Q8N567
Q6UX98,Substrate,Q6UX98
O14657,Substrate,O14657
O43491,Substrate,O43491
O15244,Substrate,O15244
Q8NGK6,Substrate,Q8NGK6
Q6MZW2,Substrate,Q6MZW2
E2RYF6,Substrate,E2RYF6
P33763,Substrate,P33763
Q969W8,Substrate,Q969W8
Q8WWW8,Substrate,Q8WWW8
Q53EU6,Substrate,Q53EU6
P48145,Substrate,P48145
Q01543,Substrate,Q01543
Q68G74,Substrate,Q68G74
P51665,Substrate,P51665
Q6RFH5,Substrate,Q6RFH5
P11230,Substrate,P11230
Q9GZR7,Substrate,Q9GZR7
P31943,Substrate,P31943
O43182,Substrate,O43182
O60602,Substrate,O60602
Q7Z6P3,Substrate,Q7Z6P3
Q8WTR4,Substrate,Q8WTR4
O14967,Substrate,O14967
Q96CN5,Substrate,Q96CN5
Q8IXL7,Substrate,Q8IXL7
Q9H3N8,Substrate,Q9H3N8
P17735,Substrate,P17735
Q9H8X2,Substrate,Q9H8X2
Q9Y2B1,Substrate,Q9Y2B1
Q6P1X6,Substrate,Q6P1X6
P21108,Substrate,P21108
P48740,Substrate,P48740
P28329,Substrate,P28329
P38935,Substrate,P38935
Q8N7K0,Substrate,Q8N7K0
Q13733,Substrate,Q13733
Q4ZJI4,Substrate,Q4ZJI4
Q9UK59,Substrate,Q9UK59
A6NGB7,Substrate,A6NGB7
Q9Y6M7,Substrate,Q9Y6M7
Q9GZK7,Substrate,Q9GZK7
Q13219,Substrate,Q13219
Q5T6S3,Substrate,Q5T6S3
O15544,Substrate,O15544
P0DPF3,Substrate,P0DPF3
P17021,Substrate,P17021
Q15397,Substrate,Q15397
Q309B1,Substrate,Q309B1
Q9Y5B0,Substrate,Q9Y5B0
Q9ULH4,Substrate,Q9ULH4
Q641Q3,Substrate,Q641Q3
P51816,Substrate,P51816
Q5U3C3,Substrate,Q5U3C3
Q9Y282,Substrate,Q9Y282
Q9Y2D4,Substrate,Q9Y2D4
P20337,Substrate,P20337
Q9NQR7,Substrate,Q9NQR7
P56746,Substrate,P56746
Q9H147,Substrate,Q9H147
P0DMV2,Substrate,P0DMV2
Q00577,Substrate,Q00577
Q86UT6,Substrate,Q86UT6
Q9H825,Substrate,Q9H825
Q9Y5R5,Substrate,Q9Y5R5
P56880,Substrate,P56880
P27635,Substrate,P27635
E9PJI5,Substrate,E9PJI5
Q9H252,Substrate,Q9H252
Q9NPC1,Substrate,Q9NPC1
Q9NYP7,Substrate,Q9NYP7
Q6ZMV8,Substrate,Q6ZMV8
Q9BRS8,Substrate,Q9BRS8
O43824,Substrate,O43824
Q9UNK4,Substrate,Q9UNK4
Q8NGM9,Substrate,Q8NGM9
Q9BRJ9,Substrate,Q9BRJ9
O60938,Substrate,O60938
A2A2V5,Substrate,A2A2V5
A4D126,Substrate,A4D126
A0A075B6R9,Substrate,A0A075B6R9
Q8WVJ9,Substrate,Q8WVJ9
Q9H628,Substrate,Q9H628
Q9P2B7,Substrate,Q9P2B7
Q8NA54,Substrate,Q8NA54
A0A0B4J235,Substrate,A0A0B4J235
P02810,Substrate,P02810
Q5JPI3,Substrate,Q5JPI3
O15374,Substrate,O15374
Q6V1X1,Substrate,Q6V1X1
Q96LD1,Substrate,Q96LD1
O95678,Substrate,O95678
Q9BSW7,Substrate,Q9BSW7
Q15018,Substrate,Q15018
Q9UBP5,Substrate,Q9UBP5
Q9UGM6,Substrate,Q9UGM6
Q6BDS2,Substrate,Q6BDS2
P13501,Substrate,P13501
Q02575,Substrate,Q02575
Q9BQS8,Substrate,Q9BQS8
Q8IWQ3,Substrate,Q8IWQ3
Q9Y535,Substrate,Q9Y535
Q01523,Substrate,Q01523
Q15543,Substrate,Q15543
Q5T0B9,Substrate,Q5T0B9
Q01826,Substrate,Q01826
Q86U06,Substrate,Q86U06
Q86U86,Substrate,Q86U86
P20936,Substrate,P20936
Q9BRT8,Substrate,Q9BRT8
B3EWG6,Substrate,B3EWG6
A1A4G5,Substrate,A1A4G5
Q9UEW8,Substrate,Q9UEW8
P04054,Substrate,P04054
Q00325,Substrate,Q00325
Q9H3H1,Substrate,Q9H3H1
Q9NXN4,Substrate,Q9NXN4
Q9P1P4,Substrate,Q9P1P4
Q96M43,Substrate,Q96M43
Q9BZG2,Substrate,Q9BZG2
Q9UJF2,Substrate,Q9UJF2
P08588,Substrate,P08588
Q13084,Substrate,Q13084
Q8NC60,Substrate,Q8NC60
P48643,Substrate,P48643
P61278,Substrate,P61278
Q5JT25,Substrate,Q5JT25
Q8WUX1,Substrate,Q8WUX1
P17516,Substrate,P17516
P78330,Substrate,P78330
Q9H3S5,Substrate,Q9H3S5
Q9BWU1,Substrate,Q9BWU1
Q7Z404,Substrate,Q7Z404
Q9BZ11,Substrate,Q9BZ11
Q9BXW7,Substrate,Q9BXW7
Q9NR63,Substrate,Q9NR63
P45452,Substrate,P45452
Q6PF04,Substrate,Q6PF04
Q6NSI1,Substrate,Q6NSI1
Q9BZA7,Substrate,Q9BZA7
Q6IF99,Substrate,Q6IF99
Q9H6B4,Substrate,Q9H6B4
O14939,Substrate,O14939
P0C623,Substrate,P0C623
P0DML3,Substrate,P0DML3
P21462,Substrate,P21462
P0C1H6,Substrate,P0C1H6
O96020,Substrate,O96020
P09913,Substrate,P09913
Q9UPM9,Substrate,Q9UPM9
Q8NBA8,Substrate,Q8NBA8
P13646,Substrate,P13646
Q969F0,Substrate,Q969F0
Q9H1Z9,Substrate,Q9H1Z9
Q9NP59,Substrate,Q9NP59
Q9Y5B6,Substrate,Q9Y5B6
O15525,Substrate,O15525
Q14766,Substrate,Q14766
Q641Q2,Substrate,Q641Q2
Q04724,Substrate,Q04724
P40259,Substrate,P40259
P17538,Substrate,P17538
Q9UJW8,Substrate,Q9UJW8
Q13546,Substrate,Q13546
Q9UN88,Substrate,Q9UN88
Q8NGT2,Substrate,Q8NGT2
Q9UQ84,Substrate,Q9UQ84
Q659C4,Substrate,Q659C4
O14556,Substrate,O14556
Q6EKJ0,Substrate,Q6EKJ0
Q12893,Substrate,Q12893
Q70CQ4,Substrate,Q70CQ4
Q6P4F1,Substrate,Q6P4F1
P0CG38,Substrate,P0CG38
Q8NI29,E3,Q8NI29
P49917,Substrate,P49917
Q9NXS2,Substrate,Q9NXS2
Q8NEL9,Substrate,Q8NEL9
O75581,Substrate,O75581
Q13490,E3,Q13490
Q69YG0,Substrate,Q69YG0
Q9H6R7,Substrate,Q9H6R7
Q8N5M9,Substrate,Q8N5M9
O96006,Substrate,O96006
P08237,Substrate,P08237
O43194,Substrate,O43194
Q9Y210,Substrate,Q9Y210
Q9BV94,Substrate,Q9BV94
P30049,Substrate,P30049
Q9UGR2,Substrate,Q9UGR2
Q8TAT8,Substrate,Q8TAT8
Q9H6X5,Substrate,Q9H6X5
Q9BX95,Substrate,Q9BX95
Q8NCT3,Substrate,Q8NCT3
P62253,E3,P62253
Q96RY7,Substrate,Q96RY7
O43739,Substrate,O43739
P55273,Substrate,P55273
Q9BY15,Substrate,Q9BY15
Q9UK13,Substrate,Q9UK13
A0A1W2PQD8,Substrate,A0A1W2PQD8
A8MVJ9,Substrate,A8MVJ9
P57059,Substrate,P57059
A0PJX4,Substrate,A0PJX4
Q9P2X0,Substrate,Q9P2X0
Q6PF05,Substrate,Q6PF05
Q5SSG8,Substrate,Q5SSG8
O60292,Substrate,O60292
Q9C0A6,Substrate,Q9C0A6
Q13564,Substrate,Q13564
Q9NQS7,Substrate,Q9NQS7
Q8TCS8,Substrate,Q8TCS8
Q96GR2,Substrate,Q96GR2
P51825,Substrate,P51825
Q9UKU0,Substrate,Q9UKU0
Q9Y5E6,Substrate,Q9Y5E6
Q14117,Substrate,Q14117
Q14005,Substrate,Q14005
Q99500,Substrate,Q99500
P02768,Substrate,P02768
P28799,Substrate,P28799
Q5JTJ3,Substrate,Q5JTJ3
P47874,Substrate,P47874
Q6P9G4,Substrate,Q6P9G4
Q8IV45,Substrate,Q8IV45
O95479,Substrate,O95479
Q8WYR4,Substrate,Q8WYR4
O43900,Substrate,O43900
A7E2V4,Substrate,A7E2V4
P04439,Substrate,P04439
P55001,Substrate,P55001
Q8NAU1,Substrate,Q8NAU1
Q96KT7,Substrate,Q96KT7
Q9UKS7,Substrate,Q9UKS7
P00966,Substrate,P00966
Q14160,Substrate,Q14160
Q96LI9,Substrate,Q96LI9
O14931,Substrate,O14931
P0CG47,Substrate,P0CG47
Q9P286,Substrate,Q9P286
P22310,Substrate,P22310
P49590,Substrate,P49590
P62491,Substrate,P62491
O75367,Substrate,O75367
Q9H1U9,Substrate,Q9H1U9
A0A1W2PQ27,Substrate,A0A1W2PQ27
Q6ZU80,Substrate,Q6ZU80
Q15653,Substrate,Q15653
Q8TC92,Substrate,Q8TC92
Q02446,Substrate,Q02446
A0A1B0GTC6,Substrate,A0A1B0GTC6
O76003,Substrate,O76003
Q8NH21,Substrate,Q8NH21
Q15329,Substrate,Q15329
O43617,Substrate,O43617
A8K010,Substrate,A8K010
Q04726,Substrate,Q04726
Q9BRV8,Substrate,Q9BRV8
Q504U0,Substrate,Q504U0
Q9NX78,Substrate,Q9NX78
Q8TCH9,Substrate,Q8TCH9
P10600,Substrate,P10600
Q9UKX3,Substrate,Q9UKX3
Q969H8,Substrate,Q969H8
Q9BSK1,Substrate,Q9BSK1
Q7Z6E9,E3,Q7Z6E9
Q569H4,Substrate,Q569H4
Q8NH70,Substrate,Q8NH70
Q9Y484,Substrate,Q9Y484
B2RPK0,Substrate,B2RPK0
Q7L0Y3,Substrate,Q7L0Y3
Q8TDS5,Substrate,Q8TDS5
P31249,Substrate,P31249
Q8N283,Substrate,Q8N283
P54198,Substrate,P54198
Q9BX79,Substrate,Q9BX79
P0DN82,Substrate,P0DN82
Q8NAF0,Substrate,Q8NAF0
Q06643,Substrate,Q06643
O15258,Substrate,O15258
O75716,Substrate,O75716
Q6ISS4,Substrate,Q6ISS4
Q9P2G1,Substrate,Q9P2G1
Q3KNS1,Substrate,Q3KNS1
Q6UXH1,Substrate,Q6UXH1
O00421,Substrate,O00421
Q8NH90,Substrate,Q8NH90
P32248,Substrate,P32248
Q13123,Substrate,Q13123
Q9GZS1,Substrate,Q9GZS1
Q5TYM5,Substrate,Q5TYM5
O15205,Substrate,O15205
Q9NSU2,Substrate,Q9NSU2
A3KFT3,Substrate,A3KFT3
P78426,Substrate,P78426
Q8N7C7,Substrate,Q8N7C7
Q8N966,Substrate,Q8N966
O43572,Substrate,O43572
Q9BYU1,Substrate,Q9BYU1
Q9BUN8,Substrate,Q9BUN8
Q9UBN6,Substrate,Q9UBN6
Q8N884,Substrate,Q8N884
Q01118,Substrate,Q01118
Q3MIP1,Substrate,Q3MIP1
Q92619,Substrate,Q92619
Q9H606,Substrate,Q9H606
Q14641,Substrate,Q14641
Q16853,Substrate,Q16853
P52907,Substrate,P52907
P54803,Substrate,P54803
Q14194,Substrate,Q14194
Q96LU7,Substrate,Q96LU7
Q494V2,Substrate,Q494V2
Q00403,Substrate,Q00403
Q15661,Substrate,Q15661
Q53GT1,E3,Q53GT1
A8MUU9,Substrate,A8MUU9
Q6P3X3,Substrate,Q6P3X3
Q7Z7H5,Substrate,Q7Z7H5
Q6ZSG1,E3,Q6ZSG1
Q96SQ7,Substrate,Q96SQ7
P60509,Substrate,P60509
Q9P2D0,Substrate,Q9P2D0
Q9HAB3,Substrate,Q9HAB3
Q8N8Q9,Substrate,Q8N8Q9
Q9Y3B9,Substrate,Q9Y3B9
Q16610,Substrate,Q16610
Q86X60,Substrate,Q86X60
Q3KQU3,Substrate,Q3KQU3
P16591,Substrate,P16591
Q96BR1,Substrate,Q96BR1
Q9H9T3,Substrate,Q9H9T3
P56645,Substrate,P56645
Q9NPD3,Substrate,Q9NPD3
Q9NVF9,Substrate,Q9NVF9
O95104,Substrate,O95104
Q8NC42,E3,Q8NC42
Q5GH72,Substrate,Q5GH72
P43250,Substrate,P43250
P56975,Substrate,P56975
Q9UKR5,Substrate,Q9UKR5
Q96RF0,Substrate,Q96RF0
A6NP61,Substrate,A6NP61
Q494U1,Substrate,Q494U1
Q7Z3Z0,Substrate,Q7Z3Z0
O43827,Substrate,O43827
Q8NG75,Substrate,Q8NG75
Q8N5U6,E3,Q8N5U6
Q96M29,Substrate,Q96M29
Q12959,Substrate,Q12959
A0A1B0GTR3,Substrate,A0A1B0GTR3
Q9NPI8,Substrate,Q9NPI8
P01011,Substrate,P01011
Q8TDB8,Substrate,Q8TDB8
Q99742,Substrate,Q99742
Q9UFD9,Substrate,Q9UFD9
Q5SY16,Substrate,Q5SY16
A0PJW6,Substrate,A0PJW6
Q9H6W3,Substrate,Q9H6W3
Q8NHV9,Substrate,Q8NHV9
Q50KZ9,Substrate,Q50KZ9
Q6IQ32,Substrate,Q6IQ32
O00562,Substrate,O00562
Q8N1W2,Substrate,Q8N1W2
Q15459,Substrate,Q15459
B5ME19,Substrate,B5ME19
Q96B49,Substrate,Q96B49
Q9H5X1,Substrate,Q9H5X1
Q9BW30,Substrate,Q9BW30
Q14562,Substrate,Q14562
Q9Y2B0,Substrate,Q9Y2B0
P0DN84,Substrate,P0DN84
P01042,Substrate,P01042
Q9UDY4,Substrate,Q9UDY4
Q96B33,Substrate,Q96B33
O14735,Substrate,O14735
Q8IW40,Substrate,Q8IW40
Q99504,Substrate,Q99504
P28838,Substrate,P28838
Q8WVH0,Substrate,Q8WVH0
Q86XJ1,Substrate,Q86XJ1
Q8N729,Substrate,Q8N729
P31483,Substrate,P31483
Q9BYU5,Substrate,Q9BYU5
A6NIY4,Substrate,A6NIY4
A0A286YFB4,Substrate,A0A286YFB4
Q03395,Substrate,Q03395
Q9BRT2,Substrate,Q9BRT2
Q05215,Substrate,Q05215
Q8N6N2,Substrate,Q8N6N2
Q7L3V2,Substrate,Q7L3V2
Q8NGJ9,Substrate,Q8NGJ9
Q7RTS7,Substrate,Q7RTS7
Q9P2Q2,Substrate,Q9P2Q2
P00390,Substrate,P00390
Q14593,Substrate,Q14593
P20648,Substrate,P20648
P12268,Substrate,P12268
Q4G0M1,Substrate,Q4G0M1
Q8WXI3,E3,Q8WXI3
O43688,Substrate,O43688
Q8IUC4,Substrate,Q8IUC4
O15519,Substrate,O15519
Q96QP1,Substrate,Q96QP1
Q02539,Substrate,Q02539
P09228,Substrate,P09228
Q7Z739,Substrate,Q7Z739
Q99584,Substrate,Q99584
P56817,Substrate,P56817
Q9UBQ5,Substrate,Q9UBQ5
Q9UGC6,Substrate,Q9UGC6
Q9GZV8,Substrate,Q9GZV8
Q96H12,Substrate,Q96H12
Q68BL7,Substrate,Q68BL7
Q8N609,Substrate,Q8N609
Q8NFI4,Substrate,Q8NFI4
P06493,Substrate,P06493
Q5J8X5,Substrate,Q5J8X5
Q9Y661,Substrate,Q9Y661
Q96Q77,Substrate,Q96Q77
Q6QHF9,Substrate,Q6QHF9
Q7L5Y6,E3,Q7L5Y6
Q96L93,Substrate,Q96L93
Q96RD3,Substrate,Q96RD3
P78332,Substrate,P78332
Q9P0N8,E3,Q9P0N8
Q9UHJ9,Substrate,Q9UHJ9
Q9UBB4,Substrate,Q9UBB4
Q92989,Substrate,Q92989
Q9BYQ0,Substrate,Q9BYQ0
Q9BT23,Substrate,Q9BT23
Q9Y3Z3,Substrate,Q9Y3Z3
Q8N9C0,Substrate,Q8N9C0
Q01534,Substrate,Q01534
Q8IY81,Substrate,Q8IY81
Q8WTW3,Substrate,Q8WTW3
Q63HM2,Substrate,Q63HM2
Q8WUB8,Substrate,Q8WUB8
Q9BZG8,Substrate,Q9BZG8
Q7KZI7,Substrate,Q7KZI7
P0C5K6,Substrate,P0C5K6
A6NFD8,Substrate,A6NFD8
O43711,Substrate,O43711
Q16342,Substrate,Q16342
Q99627,E3,Q99627
Q9NR55,Substrate,Q9NR55
P46734,Substrate,P46734
P01857,Substrate,P01857
Q15003,Substrate,Q15003
Q15434,Substrate,Q15434
Q99683,Substrate,Q99683
A0A075B6R2,Substrate,A0A075B6R2
Q76I76,Substrate,Q76I76
Q15848,Substrate,Q15848
Q8N895,Substrate,Q8N895
Q9H8Y5,Substrate,Q9H8Y5
Q9Y5I2,Substrate,Q9Y5I2
P49116,Substrate,P49116
Q8WY07,Substrate,Q8WY07
Q99466,Substrate,Q99466
Q9UPT9,Substrate,Q9UPT9
Q5T6R2,Substrate,Q5T6R2
Q96QE4,Substrate,Q96QE4
Q8NG83,Substrate,Q8NG83
Q5T1C6,Substrate,Q5T1C6
Q9BUM1,Substrate,Q9BUM1
A0A5F9ZH02,Substrate,A0A5F9ZH02
Q969K4,Substrate,Q969K4
Q9UJQ4,Substrate,Q9UJQ4
O14782,Substrate,O14782
Q6YBV0,Substrate,Q6YBV0
P0DV75,Substrate,P0DV75
Q8NHS0,Substrate,Q8NHS0
Q96BW5,Substrate,Q96BW5
P09683,Substrate,P09683
Q8N3J3,Substrate,Q8N3J3
P43234,Substrate,P43234
Q8IX01,Substrate,Q8IX01
Q04206,Substrate,Q04206
Q9H693,Substrate,Q9H693
Q92617,Substrate,Q92617
Q7Z7E8,Substrate,Q7Z7E8
Q9H310,Substrate,Q9H310
P46977,Substrate,P46977
Q9UQD0,Substrate,Q9UQD0
Q14137,Substrate,Q14137
P26358,Substrate,P26358
P56703,Substrate,P56703
P0DP08,Substrate,P0DP08
Q9HAU4,E3,Q9HAU4
O95684,Substrate,O95684
Q96LL9,Substrate,Q96LL9
P15907,Substrate,P15907
P16455,Substrate,P16455
P10720,Substrate,P10720
P50995,Substrate,P50995
Q8IX94,Substrate,Q8IX94
Q9GZZ7,Substrate,Q9GZZ7
Q15545,Substrate,Q15545
P78356,Substrate,P78356
P57082,Substrate,P57082
Q6P0Q8,Substrate,Q6P0Q8
P02649,Substrate,P02649
P58012,Substrate,P58012
P62316,Substrate,P62316
Q86WA6,Substrate,Q86WA6
A6NFN9,Substrate,A6NFN9
Q7Z7F7,Substrate,Q7Z7F7
Q9Y585,Substrate,Q9Y585
Q9H4X1,Substrate,Q9H4X1
Q13683,Substrate,Q13683
O95149,Substrate,O95149
Q9H3Y6,Substrate,Q9H3Y6
Q4KMP7,Substrate,Q4KMP7
Q15582,Substrate,Q15582
O94880,Substrate,O94880
P35250,Substrate,P35250
Q9H8H3,Substrate,Q9H8H3
Q9BZV1,Substrate,Q9BZV1
Q9UL58,Substrate,Q9UL58
P42694,Substrate,P42694
P11802,Substrate,P11802
Q13519,Substrate,Q13519
Q8NAM6,Substrate,Q8NAM6
P00519,Substrate,P00519
Q6P9G9,Substrate,Q6P9G9
Q96JN8,E3,Q96JN8
Q9BYJ0,Substrate,Q9BYJ0
Q6S5L8,Substrate,Q6S5L8
P09326,Substrate,P09326
Q96FN5,Substrate,Q96FN5
Q86UW9,Substrate,Q86UW9
P60900,Substrate,P60900
Q9Y6C9,Substrate,Q9Y6C9
A0A1B0GVD1,Substrate,A0A1B0GVD1
Q8N3Y7,Substrate,Q8N3Y7
Q8IYA2,Substrate,Q8IYA2
Q8NA29,Substrate,Q8NA29
Q9NSY0,Substrate,Q9NSY0
Q9P2K2,Substrate,Q9P2K2
Q3LI62,Substrate,Q3LI62
Q9BY12,Substrate,Q9BY12
Q9P2D6,Substrate,Q9P2D6
Q86V59,Substrate,Q86V59
Q9H3S7,Substrate,Q9H3S7
Q9H209,Substrate,Q9H209
Q9HCE9,Substrate,Q9HCE9
O95171,Substrate,O95171
Q9UJA5,Substrate,Q9UJA5
O95096,Substrate,O95096
O14798,Substrate,O14798
Q15833,Substrate,Q15833
Q8NGR6,Substrate,Q8NGR6
Q7L775,Substrate,Q7L775
Q6AWC2,Substrate,Q6AWC2
P07327,Substrate,P07327
P09874,E3,P09874
A0A1B0GX95,Substrate,A0A1B0GX95
Q6UY18,Substrate,Q6UY18
Q70CQ1,Substrate,Q70CQ1
P55895,Substrate,P55895
Q5K130,Substrate,Q5K130
Q9Y4A8,Substrate,Q9Y4A8
Q99689,Substrate,Q99689
Q8TAM1,Substrate,Q8TAM1
P10144,Substrate,P10144
Q13443,Substrate,Q13443
Q92959,Substrate,Q92959
Q96MM3,Substrate,Q96MM3
O43424,Substrate,O43424
Q9NYL2,Substrate,Q9NYL2
Q9Y320,Substrate,Q9Y320
Q93091,Substrate,Q93091
A0A087WVF3,Substrate,A0A087WVF3
Q9NUQ6,Substrate,Q9NUQ6
Q9H9P8,Substrate,Q9H9P8
Q15053,Substrate,Q15053
Q9UPW6,Substrate,Q9UPW6
Q69YU5,Substrate,Q69YU5
Q5HYR2,Substrate,Q5HYR2
P52306,Substrate,P52306
A0A0B4J1Y8,Substrate,A0A0B4J1Y8
A5D8V6,Substrate,A5D8V6
Q96P20,Substrate,Q96P20
O60762,Substrate,O60762
Q9NXU5,Substrate,Q9NXU5
P20138,Substrate,P20138
P08708,Substrate,P08708
Q6ZSB9,Substrate,Q6ZSB9
P07492,Substrate,P07492
P0CV98,Substrate,P0CV98
Q03828,Substrate,Q03828
Q9NVD3,Substrate,Q9NVD3
A6NCF5,Substrate,A6NCF5
P23515,Substrate,P23515
Q9H7B4,Substrate,Q9H7B4
Q7RTT9,Substrate,Q7RTT9
P48050,Substrate,P48050
Q9NW81,Substrate,Q9NW81
P59780,Substrate,P59780
Q96DC8,Substrate,Q96DC8
Q9NRP2,Substrate,Q9NRP2
Q14642,Substrate,Q14642
O60936,Substrate,O60936
Q8WWF1,Substrate,Q8WWF1
P01772,Substrate,P01772
Q9NUB1,Substrate,Q9NUB1
P12036,Substrate,P12036
P49321,Substrate,P49321
Q9NYW0,Substrate,Q9NYW0
Q9Y2J0,Substrate,Q9Y2J0
P43628,Substrate,P43628
Q8TBC3,Substrate,Q8TBC3
P07858,Substrate,P07858
Q8NHW3,Substrate,Q8NHW3
P38919,Substrate,P38919
O43731,Substrate,O43731
Q9UKT7,E3,Q9UKT7
Q8WV19,Substrate,Q8WV19
Q9BXJ3,Substrate,Q9BXJ3
Q15008,Substrate,Q15008
Q6UXR8,Substrate,Q6UXR8
Q13106,Substrate,Q13106
Q96P65,Substrate,Q96P65
P56704,Substrate,P56704
Q9NWW5,Substrate,Q9NWW5
P10636,Substrate,P10636
Q96QD9,Substrate,Q96QD9
A8MTZ0,Substrate,A8MTZ0
Q8N3P4,Substrate,Q8N3P4
Q01995,Substrate,Q01995
Q5EBM4,Substrate,Q5EBM4
P43005,Substrate,P43005
Q9H4F8,Substrate,Q9H4F8
O94887,Substrate,O94887
Q5JPH6,Substrate,Q5JPH6
Q6UWQ7,Substrate,Q6UWQ7
Q9NPH9,Substrate,Q9NPH9
Q8IZC7,Substrate,Q8IZC7
Q8N565,Substrate,Q8N565
A6ND91,Substrate,A6ND91
Q9NQX7,Substrate,Q9NQX7
Q8NGP4,Substrate,Q8NGP4
Q9NQ90,Substrate,Q9NQ90
Q9GZR5,Substrate,Q9GZR5
Q9UI26,Substrate,Q9UI26
A6NFF2,Substrate,A6NFF2
Q9BXH1,Substrate,Q9BXH1
P26951,Substrate,P26951
O75031,Substrate,O75031
P04075,Substrate,P04075
Q9BV57,Substrate,Q9BV57
P10809,Substrate,P10809
Q04941,Substrate,Q04941
Q9BZD6,Substrate,Q9BZD6
Q1XH10,Substrate,Q1XH10
Q9C0B9,Substrate,Q9C0B9
P14373,E3,P14373
Q9H082,Substrate,Q9H082
O75689,Substrate,O75689
Q15061,Substrate,Q15061
Q8N7Z5,Substrate,Q8N7Z5
P15514,Substrate,P15514
O43929,Substrate,O43929
Q58F21,Substrate,Q58F21
P01127,Substrate,P01127
Q7Z7A3,Substrate,Q7Z7A3
A6NGH7,Substrate,A6NGH7
B1ANS9,Substrate,B1ANS9
Q01638,Substrate,Q01638
Q71UI9,Substrate,Q71UI9
O43173,Substrate,O43173
P83859,Substrate,P83859
Q04727,Substrate,Q04727
Q9Y694,Substrate,Q9Y694
Q9UBZ9,Substrate,Q9UBZ9
Q9H1M3,Substrate,Q9H1M3
Q49AA0,Substrate,Q49AA0
P59536,Substrate,P59536
Q9Y2W3,Substrate,Q9Y2W3
Q13561,Substrate,Q13561
P81133,Substrate,P81133
O00214,Substrate,O00214
P01721,Substrate,P01721
Q9H093,Substrate,Q9H093
Q92537,Substrate,Q92537
O75915,Substrate,O75915
Q6B0I6,Substrate,Q6B0I6
Q14451,Substrate,Q14451
Q8NGJ0,Substrate,Q8NGJ0
P35237,Substrate,P35237
P32927,Substrate,P32927
P16615,Substrate,P16615
Q02818,Substrate,Q02818
Q9NQT4,Substrate,Q9NQT4
Q9UN70,Substrate,Q9UN70
Q8NDX1,Substrate,Q8NDX1
P46020,Substrate,P46020
Q9UBQ6,Substrate,Q9UBQ6
Q8NH72,Substrate,Q8NH72
P62683,Substrate,P62683
Q02878,Substrate,Q02878
Q17R60,Substrate,Q17R60
Q5TA79,Substrate,Q5TA79
O00358,Substrate,O00358
Q8IXK2,Substrate,Q8IXK2
Q5VXU3,Substrate,Q5VXU3
Q14203,Substrate,Q14203
P61619,Substrate,P61619
Q7Z3H0,Substrate,Q7Z3H0
Q9H0N0,Substrate,Q9H0N0
P61296,Substrate,P61296
Q86Y25,Substrate,Q86Y25
Q9UIM3,Substrate,Q9UIM3
Q86T24,Substrate,Q86T24
P01730,Substrate,P01730
O75153,Substrate,O75153
Q149M9,Substrate,Q149M9
Q68CL5,Substrate,Q68CL5
Q2M296,Substrate,Q2M296
Q15742,Substrate,Q15742
Q008S8,Substrate,Q008S8
P0C7T8,Substrate,P0C7T8
Q8IUW5,Substrate,Q8IUW5
Q13309,E3,Q13309
O15040,Substrate,O15040
Q8NGL0,Substrate,Q8NGL0
P01763,Substrate,P01763
H0YM25,Substrate,H0YM25
A0A494C086,Substrate,A0A494C086
Q5T754,Substrate,Q5T754
Q8NFP7,Substrate,Q8NFP7
Q14689,Substrate,Q14689
Q17RS7,Substrate,Q17RS7
O15551,Substrate,O15551
Q9Y4L5,E3,Q9Y4L5
Q92914,Substrate,Q92914
Q9H1P3,Substrate,Q9H1P3
Q5T4H9,Substrate,Q5T4H9
Q5HYL7,Substrate,Q5HYL7
Q96LJ7,Substrate,Q96LJ7
Q9H6K4,Substrate,Q9H6K4
Q5VT03,Substrate,Q5VT03
A6NGQ2,Substrate,A6NGQ2
Q9Y5K5,Substrate,Q9Y5K5
Q9NXF8,Substrate,Q9NXF8
Q8IZ02,Substrate,Q8IZ02
A6NNW6,Substrate,A6NNW6
Q8NEV8,Substrate,Q8NEV8
A6NC62,Substrate,A6NC62
P12035,Substrate,P12035
Q8NEN0,Substrate,Q8NEN0
P04271,Substrate,P04271
O60404,Substrate,O60404
P52948,Substrate,P52948
P13987,Substrate,P13987
A0A0C4DH35,Substrate,A0A0C4DH35
Q9UBX3,Substrate,Q9UBX3
Q6NUI2,Substrate,Q6NUI2
P06850,Substrate,P06850
A6NMU1,Substrate,A6NMU1
Q9Y5B8,Substrate,Q9Y5B8
Q7LGC8,Substrate,Q7LGC8
Q92536,Substrate,Q92536
O75616,Substrate,O75616
Q58FG1,Substrate,Q58FG1
Q9UGL1,Substrate,Q9UGL1
Q9P299,Substrate,Q9P299
Q96KN2,Substrate,Q96KN2
Q69YN2,Substrate,Q69YN2
Q8NEC5,Substrate,Q8NEC5
Q9H7M9,Substrate,Q9H7M9
Q8N4W9,Substrate,Q8N4W9
P16520,Substrate,P16520
Q8IVV8,Substrate,Q8IVV8
P02792,Substrate,P02792
O15409,Substrate,O15409
Q8IYT2,Substrate,Q8IYT2
Q6ZN54,Substrate,Q6ZN54
Q8NH85,Substrate,Q8NH85
Q8N6K4,Substrate,Q8N6K4
Q9UBU9,Substrate,Q9UBU9
Q9H6F5,Substrate,Q9H6F5
Q9NNZ3,Substrate,Q9NNZ3
P19474,E3,P19474
Q0VAQ4,Substrate,Q0VAQ4
Q9NX00,Substrate,Q9NX00
Q9H095,Substrate,Q9H095
A0A286YEY9,Substrate,A0A286YEY9
Q6ZTR6,Substrate,Q6ZTR6
Q9UEU5,Substrate,Q9UEU5
O95190,Substrate,O95190
Q3ZCQ2,Substrate,Q3ZCQ2
Q8NGS5,Substrate,Q8NGS5
Q5VWW1,Substrate,Q5VWW1
Q5RKV6,Substrate,Q5RKV6
Q8NGL1,Substrate,Q8NGL1
Q15678,Substrate,Q15678
P27216,Substrate,P27216
Q02742,Substrate,Q02742
A0A1B0GUI7,Substrate,A0A1B0GUI7
P26441,Substrate,P26441
Q96LB3,Substrate,Q96LB3
Q5VZP5,Substrate,Q5VZP5
P04201,Substrate,P04201
Q8WVM7,Substrate,Q8WVM7
P42696,Substrate,P42696
Q9UC06,Substrate,Q9UC06
O60476,Substrate,O60476
Q9NUD7,Substrate,Q9NUD7
Q9NX24,Substrate,Q9NX24
Q5EBL4,Substrate,Q5EBL4
Q9NZZ3,Substrate,Q9NZZ3
Q9HB63,Substrate,Q9HB63
Q9H981,Substrate,Q9H981
P28336,Substrate,P28336
Q6IEE7,Substrate,Q6IEE7
Q3ZCT8,Substrate,Q3ZCT8
Q5VWX1,Substrate,Q5VWX1
Q02779,Substrate,Q02779
Q8N9Z9,Substrate,Q8N9Z9
Q9P2E5,Substrate,Q9P2E5
Q86UU0,Substrate,Q86UU0
Q9UC07,Substrate,Q9UC07
Q9Y6H3,Substrate,Q9Y6H3
Q99572,Substrate,Q99572
P81408,Substrate,P81408
O00574,Substrate,O00574
Q13477,Substrate,Q13477
A6QL63,Substrate,A6QL63
Q9Y6R0,Substrate,Q9Y6R0
Q5SNV9,Substrate,Q5SNV9
Q8NFM7,Substrate,Q8NFM7
Q9HAW8,Substrate,Q9HAW8
P19387,Substrate,P19387
Q9NWZ3,E3,Q9NWZ3
O75821,Substrate,O75821
Q6XE38,Substrate,Q6XE38
P56747,Substrate,P56747
P05108,Substrate,P05108
P30301,Substrate,P30301
Q9UPR6,Substrate,Q9UPR6
Q9GZW5,Substrate,Q9GZW5
P80370,Substrate,P80370
Q16630,Substrate,Q16630
Q9UHL0,Substrate,Q9UHL0
Q0IIN9,Substrate,Q0IIN9
O43602,Substrate,O43602
Q9Y6R6,Substrate,Q9Y6R6
Q92667,Substrate,Q92667
P09038,Substrate,P09038
Q9BSD3,Substrate,Q9BSD3
Q6PJF5,Substrate,Q6PJF5
Q96RI1,Substrate,Q96RI1
Q8N6S5,Substrate,Q8N6S5
Q9NVF7,E3,Q9NVF7
Q9NY99,Substrate,Q9NY99
P49006,Substrate,P49006
Q8WYN3,Substrate,Q8WYN3
Q0VD86,Substrate,Q0VD86
Q8IV08,Substrate,Q8IV08
A5PLK6,Substrate,A5PLK6
O00750,Substrate,O00750
Q9H4L4,Substrate,Q9H4L4
Q8NFU3,Substrate,Q8NFU3
P15812,Substrate,P15812
Q9H340,Substrate,Q9H340
Q71RS6,Substrate,Q71RS6
Q5VYP0,Substrate,Q5VYP0
Q9Y6W6,Substrate,Q9Y6W6
Q9GZQ4,Substrate,Q9GZQ4
P29374,Substrate,P29374
Q6K0P9,Substrate,Q6K0P9
Q6ZV77,Substrate,Q6ZV77
Q8NGC6,Substrate,Q8NGC6
P0C7X0,Substrate,P0C7X0
Q8WZ79,Substrate,Q8WZ79
P17980,Substrate,P17980
Q13105,Substrate,Q13105
P0DI82,Substrate,P0DI82
O14519,Substrate,O14519
Q8N5H7,Substrate,Q8N5H7
Q9NQG5,Substrate,Q9NQG5
P16220,Substrate,P16220
Q9H2E6,Substrate,Q9H2E6
Q9Y3F1,Substrate,Q9Y3F1
Q9UJD0,Substrate,Q9UJD0
O95476,Substrate,O95476
Q9NTX7,E3,Q9NTX7
O95411,Substrate,O95411
Q9HB96,Substrate,Q9HB96
Q15928,Substrate,Q15928
Q902F9,Substrate,Q902F9
Q8N766,Substrate,Q8N766
Q9NNX1,Substrate,Q9NNX1
Q8TDZ2,Substrate,Q8TDZ2
Q7Z6J9,Substrate,Q7Z6J9
Q05655,Substrate,Q05655
Q969L4,Substrate,Q969L4
P51787,Substrate,P51787
Q9H5F2,Substrate,Q9H5F2
Q9BV40,Substrate,Q9BV40
P29083,Substrate,P29083
Q8TF42,Substrate,Q8TF42
Q9P1Z2,Substrate,Q9P1Z2
P60602,Substrate,P60602
Q8NI08,Substrate,Q8NI08
O43889,Substrate,O43889
Q9BVG3,E3,Q9BVG3
Q8IV50,Substrate,Q8IV50
Q8TDX5,Substrate,Q8TDX5
Q9BRX9,Substrate,Q9BRX9
Q9BV36,Substrate,Q9BV36
Q99942,E3,Q99942
Q2VPK5,Substrate,Q2VPK5
Q7L2H7,Substrate,Q7L2H7
Q96EL1,Substrate,Q96EL1
O94817,Substrate,O94817
Q8IYB1,Substrate,Q8IYB1
A0A0G2JS06,Substrate,A0A0G2JS06
Q8NGU2,Substrate,Q8NGU2
Q6NVV7,Substrate,Q6NVV7
Q96AM1,Substrate,Q96AM1
O00308,E3,O00308
O15480,Substrate,O15480
P07478,Substrate,P07478
Q9NRY7,Substrate,Q9NRY7
P98174,Substrate,P98174
Q32P44,Substrate,Q32P44
Q5GLZ8,E3,Q5GLZ8
P59551,Substrate,P59551
P43657,Substrate,P43657
Q9UK17,Substrate,Q9UK17
Q9H5V9,Substrate,Q9H5V9
Q13875,Substrate,Q13875
Q13530,Substrate,Q13530
P83731,Substrate,P83731
Q15555,Substrate,Q15555
O95236,Substrate,O95236
Q9Y4R8,Substrate,Q9Y4R8
Q8N302,Substrate,Q8N302
Q15048,Substrate,Q15048
Q8NEJ0,Substrate,Q8NEJ0
Q9UHV2,Substrate,Q9UHV2
Q70YC5,Substrate,Q70YC5
P05160,Substrate,P05160
P50281,Substrate,P50281
P78385,Substrate,P78385
Q9P2E9,Substrate,Q9P2E9
P03950,Substrate,P03950
A5YM72,Substrate,A5YM72
P0DPB6,Substrate,P0DPB6
Q8TE85,Substrate,Q8TE85
A0A6I8PU40,Substrate,A0A6I8PU40
O75679,Substrate,O75679
Q8N2I9,Substrate,Q8N2I9
Q9H7Z6,Substrate,Q9H7Z6
Q5TGY1,Substrate,Q5TGY1
P86480,Substrate,P86480
Q15311,Substrate,Q15311
P98173,Substrate,P98173
Q9H9J4,Substrate,Q9H9J4
Q9UBD9,Substrate,Q9UBD9
O43913,Substrate,O43913
Q92633,Substrate,Q92633
P35247,Substrate,P35247
P46439,Substrate,P46439
P78395,Substrate,P78395
Q8N4P2,Substrate,Q8N4P2
Q96M95,Substrate,Q96M95
Q96Q83,Substrate,Q96Q83
Q99956,Substrate,Q99956
P54852,Substrate,P54852
A0A087WSY6,Substrate,A0A087WSY6
O00757,Substrate,O00757
Q8NGT1,Substrate,Q8NGT1
Q9BR26,Substrate,Q9BR26
Q96A19,Substrate,Q96A19
Q8IW50,Substrate,Q8IW50
Q6ZMD2,Substrate,Q6ZMD2
Q5HYM0,Substrate,Q5HYM0
Q96KC2,Substrate,Q96KC2
P21964,Substrate,P21964
Q8IZM8,Substrate,Q8IZM8
P01160,Substrate,P01160
Q8NAQ8,Substrate,Q8NAQ8
Q9BYQ2,Substrate,Q9BYQ2
Q86YV5,Substrate,Q86YV5
Q9NP95,Substrate,Q9NP95
P17948,Substrate,P17948
Q8NCN2,Substrate,Q8NCN2
Q9HB14,Substrate,Q9HB14
Q96GP6,Substrate,Q96GP6
Q96PD2,Substrate,Q96PD2
Q12846,Substrate,Q12846
Q9ULW3,Substrate,Q9ULW3
Q13838,Substrate,Q13838
Q8WUZ0,Substrate,Q8WUZ0
Q9UGI9,Substrate,Q9UGI9
P31995,Substrate,P31995
O95704,Substrate,O95704
Q9Y4G8,Substrate,Q9Y4G8
Q8IVF6,Substrate,Q8IVF6
Q5VU92,Substrate,Q5VU92
Q02447,Substrate,Q02447
Q04864,Substrate,Q04864
P19440,Substrate,P19440
P29144,Substrate,P29144
Q8IZU2,Substrate,Q8IZU2
Q99708,Substrate,Q99708
A6NDY2,Substrate,A6NDY2
P07988,Substrate,P07988
Q9H2K8,Substrate,Q9H2K8
Q9H8G1,Substrate,Q9H8G1
Q9H1I8,Substrate,Q9H1I8
Q9P260,Substrate,Q9P260
O43819,Substrate,O43819
Q14916,Substrate,Q14916
Q13451,Substrate,Q13451
P54277,Substrate,P54277
P03901,Substrate,P03901
Q8IYD1,Substrate,Q8IYD1
O95866,Substrate,O95866
Q8TC94,Substrate,Q8TC94
Q8N300,Substrate,Q8N300
O15534,Substrate,O15534
Q9Y3V2,Substrate,Q9Y3V2
P31644,Substrate,P31644
O60907,E3,O60907
P0DXC1,Substrate,P0DXC1
Q8WYA0,Substrate,Q8WYA0
Q9H694,Substrate,Q9H694
Q96JJ6,Substrate,Q96JJ6
Q6XD76,Substrate,Q6XD76
Q86Y30,Substrate,Q86Y30
O14764,Substrate,O14764
Q9Y262,Substrate,Q9Y262
O75897,Substrate,O75897
O60306,Substrate,O60306
Q02962,Substrate,Q02962
Q9NW61,Substrate,Q9NW61
Q9HBH1,Substrate,Q9HBH1
P79483,Substrate,P79483
Q9UBP6,Substrate,Q9UBP6
Q7RTU1,Substrate,Q7RTU1
Q9H2J7,Substrate,Q9H2J7
Q8WZ69,Substrate,Q8WZ69
Q9HBW9,Substrate,Q9HBW9
Q9UKW6,Substrate,Q9UKW6
P41217,Substrate,P41217
Q6NT16,Substrate,Q6NT16
Q9NX55,Substrate,Q9NX55
Q9BTD3,Substrate,Q9BTD3
Q5VYV0,Substrate,Q5VYV0
Q9BQB6,Substrate,Q9BQB6
Q9Y2L9,Substrate,Q9Y2L9
Q9P2A4,Substrate,Q9P2A4
Q96SD1,Substrate,Q96SD1
O14753,Substrate,O14753
Q9Y272,Substrate,Q9Y272
Q9NY47,Substrate,Q9NY47
P01023,Substrate,P01023
Q6ZVZ8,Substrate,Q6ZVZ8
Q16620,Substrate,Q16620
Q8N8V2,Substrate,Q8N8V2
P17096,Substrate,P17096
Q8NGQ2,Substrate,Q8NGQ2
Q9Y5S2,Substrate,Q9Y5S2
Q9BU76,Substrate,Q9BU76
P17483,Substrate,P17483
Q17R98,Substrate,Q17R98
Q9BV81,Substrate,Q9BV81
O75900,Substrate,O75900
P51172,Substrate,P51172
Q9C0D3,Substrate,Q9C0D3
Q96II8,Substrate,Q96II8
Q8TDE3,Substrate,Q8TDE3
Q9NUG4,Substrate,Q9NUG4
Q9UDY8,E3,Q9UDY8
Q96RD1,Substrate,Q96RD1
Q5IJ48,Substrate,Q5IJ48
Q9NZV8,Substrate,Q9NZV8
K7EIQ3,Substrate,K7EIQ3
Q9UQQ1,Substrate,Q9UQQ1
Q9Y219,Substrate,Q9Y219
A0A1B0GVH6,Substrate,A0A1B0GVH6
Q9BRA0,Substrate,Q9BRA0
O95125,Substrate,O95125
P15976,Substrate,P15976
Q02846,Substrate,Q02846
P34913,Substrate,P34913
Q8N1N4,Substrate,Q8N1N4
Q8NGB9,Substrate,Q8NGB9
Q96EY5,Substrate,Q96EY5
Q96NS8,Substrate,Q96NS8
Q6PJQ5,Substrate,Q6PJQ5
B7ZW38,Substrate,B7ZW38
P29033,Substrate,P29033
Q9Y4F4,Substrate,Q9Y4F4
Q9Y6K5,Substrate,Q9Y6K5
Q75MW2,Substrate,Q75MW2
P0C1S8,Substrate,P0C1S8
P0DPK2,Substrate,P0DPK2
Q9BVW6,Substrate,Q9BVW6
Q9NRD5,Substrate,Q9NRD5
P49795,Substrate,P49795
P07900,Substrate,P07900
O15504,Substrate,O15504
Q9H1Q7,Substrate,Q9H1Q7
A8MZF0,Substrate,A8MZF0
Q6JBY9,Substrate,Q6JBY9
Q8NDC0,Substrate,Q8NDC0
P35268,Substrate,P35268
Q9HAF1,Substrate,Q9HAF1
Q14157,Substrate,Q14157
Q9BT04,Substrate,Q9BT04
P51674,Substrate,P51674
Q8WUT4,Substrate,Q8WUT4
Q7RTY7,Substrate,Q7RTY7
P28332,Substrate,P28332
P0DMU7,Substrate,P0DMU7
Q7Z3D4,Substrate,Q7Z3D4
O95201,Substrate,O95201
Q8NGI9,Substrate,Q8NGI9
P22695,Substrate,P22695
O14972,Substrate,O14972
Q02747,Substrate,Q02747
Q8IZ08,Substrate,Q8IZ08
Q05195,Substrate,Q05195
Q8IVU3,E3,Q8IVU3
Q9NWS1,Substrate,Q9NWS1
Q9UFF9,Substrate,Q9UFF9
O94956,Substrate,O94956
Q9H9Q2,Substrate,Q9H9Q2
Q6NZI2,Substrate,Q6NZI2
Q15287,Substrate,Q15287
P07741,Substrate,P07741
Q6NXT2,Substrate,Q6NXT2
Q9Y3L5,Substrate,Q9Y3L5
Q16401,Substrate,Q16401
Q2VWP7,Substrate,Q2VWP7
H3BV60,Substrate,H3BV60
Q8TDI0,Substrate,Q8TDI0
P61011,Substrate,P61011
P09429,Substrate,P09429
Q3LHN1,Substrate,Q3LHN1
P59922,Substrate,P59922
O95980,Substrate,O95980
P20248,Substrate,P20248
Q8IYS5,Substrate,Q8IYS5
Q8IWA5,Substrate,Q8IWA5
Q7Z4H4,Substrate,Q7Z4H4
Q6ZSJ8,Substrate,Q6ZSJ8
Q7RTU3,Substrate,Q7RTU3
O60512,Substrate,O60512
O95273,Substrate,O95273
Q01518,Substrate,Q01518
P02545,Substrate,P02545
O00469,Substrate,O00469
Q13573,Substrate,Q13573
Q9UKI2,Substrate,Q9UKI2
Q7Z3C6,Substrate,Q7Z3C6
Q7Z401,Substrate,Q7Z401
P29122,Substrate,P29122
Q9HCG7,Substrate,Q9HCG7
Q9BYP7,Substrate,Q9BYP7
Q15562,Substrate,Q15562
Q9BYQ5,Substrate,Q9BYQ5
Q86WS5,Substrate,Q86WS5
P12883,Substrate,P12883
Q96SN8,Substrate,Q96SN8
Q9GZQ6,Substrate,Q9GZQ6
A6NM10,Substrate,A6NM10
Q9UBU6,Substrate,Q9UBU6
Q9NR90,Substrate,Q9NR90
Q9Y421,Substrate,Q9Y421
P30990,Substrate,P30990
Q9H4Q3,Substrate,Q9H4Q3
Q9NS82,Substrate,Q9NS82
Q96KN9,Substrate,Q96KN9
Q96FF9,Substrate,Q96FF9
C9JE40,Substrate,C9JE40
O43680,Substrate,O43680
A6NM66,Substrate,A6NM66
Q8WW27,Substrate,Q8WW27
Q6UWW8,Substrate,Q6UWW8
Q5VSP4,Substrate,Q5VSP4
Q16520,Substrate,Q16520
P59190,Substrate,P59190
Q9UBY9,Substrate,Q9UBY9
P19544,Substrate,P19544
P52569,Substrate,P52569
Q9P203,Substrate,Q9P203
O00634,Substrate,O00634
Q8IY17,Substrate,Q8IY17
Q8NDM7,Substrate,Q8NDM7
Q01955,Substrate,Q01955
P11509,Substrate,P11509
P57060,Substrate,P57060
O00631,Substrate,O00631
Q15583,Substrate,Q15583
O43763,Substrate,O43763
Q96PK6,Substrate,Q96PK6
Q7Z417,Substrate,Q7Z417
P55291,Substrate,P55291
Q9NVM1,Substrate,Q9NVM1
O15457,Substrate,O15457
Q96A83,Substrate,Q96A83
Q8NA72,Substrate,Q8NA72
Q30201,Substrate,Q30201
O15479,Substrate,O15479
Q8N4B4,Substrate,Q8N4B4
Q8N3F9,Substrate,Q8N3F9
Q8NGP0,Substrate,Q8NGP0
Q75T13,Substrate,Q75T13
Q96MF4,Substrate,Q96MF4
O15264,Substrate,O15264
Q8N0U4,Substrate,Q8N0U4
O15067,Substrate,O15067
Q5JRX3,Substrate,Q5JRX3
Q10567,Substrate,Q10567
Q9H2H8,Substrate,Q9H2H8
Q96PN8,Substrate,Q96PN8
P37173,Substrate,P37173
P78563,Substrate,P78563
Q8N8N0,E3,Q8N8N0
Q6ZVT0,Substrate,Q6ZVT0
Q7Z5D8,Substrate,Q7Z5D8
P10398,Substrate,P10398
Q9Y6F7,Substrate,Q9Y6F7
Q8NBI5,Substrate,Q8NBI5
Q9NZ38,Substrate,Q9NZ38
Q9NY37,Substrate,Q9NY37
Q6ZQN5,Substrate,Q6ZQN5
Q9Y6B6,Substrate,Q9Y6B6
O60674,Substrate,O60674
Q6ZU52,Substrate,Q6ZU52
Q6UDR6,Substrate,Q6UDR6
Q8WTT0,Substrate,Q8WTT0
Q8NEX9,Substrate,Q8NEX9
P53004,Substrate,P53004
P0CG22,Substrate,P0CG22
Q9P2J8,Substrate,Q9P2J8
Q8NH67,Substrate,Q8NH67
O43156,Substrate,O43156
Q14690,Substrate,Q14690
Q9H4D0,Substrate,Q9H4D0
P48431,Substrate,P48431
Q9C075,Substrate,Q9C075
Q9UBG0,Substrate,Q9UBG0
Q9UM63,Substrate,Q9UM63
Q8TE02,Substrate,Q8TE02
Q8N755,Substrate,Q8N755
Q96KN7,Substrate,Q96KN7
P41439,Substrate,P41439
Q9GIP4,Substrate,Q9GIP4
Q9UJ99,Substrate,Q9UJ99
A0A0A6YYL3,Substrate,A0A0A6YYL3
Q5STR5,Substrate,Q5STR5
P09327,Substrate,P09327
Q92925,Substrate,Q92925
Q2M5E4,Substrate,Q2M5E4
P25208,Substrate,P25208
Q8IWB9,Substrate,Q8IWB9
P23610,Substrate,P23610
Q9Y6A2,Substrate,Q9Y6A2
P80511,Substrate,P80511
Q92556,Substrate,Q92556
P49961,Substrate,P49961
Q96HW7,Substrate,Q96HW7
Q8TC27,Substrate,Q8TC27
Q9P0G3,Substrate,Q9P0G3
Q8N3X1,Substrate,Q8N3X1
Q16665,Substrate,Q16665
P34982,Substrate,P34982
P20073,Substrate,P20073
Q9NY28,Substrate,Q9NY28
Q9Y2R0,Substrate,Q9Y2R0
Q9NUP9,Substrate,Q9NUP9
P21283,Substrate,P21283
A6NGS2,Substrate,A6NGS2
O95398,Substrate,O95398
O60225,Substrate,O60225
Q6PID8,Substrate,Q6PID8
Q99497,Substrate,Q99497
P60411,Substrate,P60411
Q9Y679,Substrate,Q9Y679
Q86YS7,Substrate,Q86YS7
A7E2U8,Substrate,A7E2U8
Q56NI9,Substrate,Q56NI9
A0A1B0GVK7,Substrate,A0A1B0GVK7
Q9UGN5,Substrate,Q9UGN5
Q08AI8,Substrate,Q08AI8
Q86VH5,Substrate,Q86VH5
Q14703,Substrate,Q14703
P33527,Substrate,P33527
Q8WV99,Substrate,Q8WV99
Q9BSE2,Substrate,Q9BSE2
Q9NPF5,Substrate,Q9NPF5
Q9UIV8,Substrate,Q9UIV8
Q9NS56,E3,Q9NS56
Q96D98,Substrate,Q96D98
O75323,Substrate,O75323
Q8NGA5,Substrate,Q8NGA5
A6NFQ7,Substrate,A6NFQ7
Q9UP83,Substrate,Q9UP83
Q9BTM1,Substrate,Q9BTM1
Q9NZG7,Substrate,Q9NZG7
Q8N782,Substrate,Q8N782
Q9BWT7,Substrate,Q9BWT7
P43026,Substrate,P43026
Q8NGV6,Substrate,Q8NGV6
Q9C0B2,Substrate,Q9C0B2
Q8TDN7,Substrate,Q8TDN7
Q9P219,Substrate,Q9P219
Q8IXB1,Substrate,Q8IXB1
A0A0A0MT87,Substrate,A0A0A0MT87
Q01459,Substrate,Q01459
O43760,Substrate,O43760
Q9NW08,Substrate,Q9NW08
Q9NSN8,Substrate,Q9NSN8
P61006,Substrate,P61006
A6PVI3,Substrate,A6PVI3
Q9HD64,Substrate,Q9HD64
Q8IV76,Substrate,Q8IV76
A6NEF3,Substrate,A6NEF3
O43826,Substrate,O43826
P15538,Substrate,P15538
Q14764,Substrate,Q14764
Q96Q04,Substrate,Q96Q04
P36897,Substrate,P36897
Q9Y295,Substrate,Q9Y295
Q9HDB9,Substrate,Q9HDB9
Q6DKK2,Substrate,Q6DKK2
Q52LW3,Substrate,Q52LW3
Q5JPF3,Substrate,Q5JPF3
O15090,Substrate,O15090
Q08397,Substrate,Q08397
Q9BPX6,Substrate,Q9BPX6
A8K5M9,Substrate,A8K5M9
Q05BQ5,Substrate,Q05BQ5
Q16678,Substrate,Q16678
Q9NUV9,Substrate,Q9NUV9
Q9NZ56,Substrate,Q9NZ56
Q9UNS1,Substrate,Q9UNS1
Q13239,Substrate,Q13239
P33316,Substrate,P33316
Q9UL63,Substrate,Q9UL63
Q8WW34,Substrate,Q8WW34
Q9H313,Substrate,Q9H313
P14060,Substrate,P14060
A0A183,Substrate,A0A183
Q6PKH6,Substrate,Q6PKH6
P10176,Substrate,P10176
P52333,Substrate,P52333
Q9C0C7,E3,Q9C0C7
Q5XKK7,Substrate,Q5XKK7
P54725,E3,P54725
Q5RHP9,Substrate,Q5RHP9
Q9GZZ1,Substrate,Q9GZZ1
Q86YD3,Substrate,Q86YD3
P41180,Substrate,P41180
P02654,Substrate,P02654
Q96LR9,Substrate,Q96LR9
P51805,Substrate,P51805
P49748,Substrate,P49748
Q8IXI1,Substrate,Q8IXI1
Q9BYQ9,Substrate,Q9BYQ9
P05186,Substrate,P05186
P16499,Substrate,P16499
Q9NPY3,Substrate,Q9NPY3
Q49MG5,Substrate,Q49MG5
Q9Y6Y8,Substrate,Q9Y6Y8
O00453,Substrate,O00453
Q9NS61,Substrate,Q9NS61
P06865,Substrate,P06865
Q6XYB7,Substrate,Q6XYB7
Q9UIY3,Substrate,Q9UIY3
Q9UJX5,Substrate,Q9UJX5
Q08289,Substrate,Q08289
Q9Y6X3,Substrate,Q9Y6X3
Q8WVY7,Substrate,Q8WVY7
O43290,Substrate,O43290
P0CG42,Substrate,P0CG42
P22674,Substrate,P22674
P46695,Substrate,P46695
Q9NYW2,Substrate,Q9NYW2
Q6RFH8,Substrate,Q6RFH8
Q9ULZ1,Substrate,Q9ULZ1
Q9Y2R4,Substrate,Q9Y2R4
Q8NGK1,Substrate,Q8NGK1
P23975,Substrate,P23975
O60928,Substrate,O60928
Q969H6,Substrate,Q969H6
Q5W0B7,Substrate,Q5W0B7
P50990,Substrate,P50990
Q14126,Substrate,Q14126
Q9Y4G2,Substrate,Q9Y4G2
Q96NT0,Substrate,Q96NT0
O75477,Substrate,O75477
Q13049,E3,Q13049
Q9Y258,Substrate,Q9Y258
Q14344,Substrate,Q14344
Q8NGL7,Substrate,Q8NGL7
Q86VW2,Substrate,Q86VW2
P58511,Substrate,P58511
P27930,Substrate,P27930
Q9BWD1,Substrate,Q9BWD1
P37275,Substrate,P37275
Q8NGA0,Substrate,Q8NGA0
Q5T871,Substrate,Q5T871
Q05BV3,Substrate,Q05BV3
P16118,Substrate,P16118
Q6NZ36,Substrate,Q6NZ36
Q96F15,Substrate,Q96F15
Q8IYU2,E3,Q8IYU2
P62877,E3,P62877
Q8NEM0,Substrate,Q8NEM0
Q6NSI3,Substrate,Q6NSI3
P08034,Substrate,P08034
Q9HBV2,Substrate,Q9HBV2
Q9BSU1,Substrate,Q9BSU1
Q9BZM5,Substrate,Q9BZM5
Q6UY01,Substrate,Q6UY01
Q3KRB8,Substrate,Q3KRB8
P46063,Substrate,P46063
P38117,Substrate,P38117
Q8ND25,E3,Q8ND25
O95140,Substrate,O95140
O15117,Substrate,O15117
P40818,Substrate,P40818
O94818,Substrate,O94818
Q9H1D9,Substrate,Q9H1D9
Q9P2F6,Substrate,Q9P2F6
O14531,Substrate,O14531
P61106,Substrate,P61106
Q6NSW5,Substrate,Q6NSW5
P26640,Substrate,P26640
Q14409,Substrate,Q14409
Q86SQ7,Substrate,Q86SQ7
H7C350,Substrate,H7C350
O43704,Substrate,O43704
Q15014,Substrate,Q15014
Q6ZS72,Substrate,Q6ZS72
Q8IWG1,Substrate,Q8IWG1
Q96L58,Substrate,Q96L58
Q86W11,Substrate,Q86W11
Q15937,Substrate,Q15937
Q9UL40,Substrate,Q9UL40
Q9UJW3,Substrate,Q9UJW3
P22234,Substrate,P22234
Q5VSG8,Substrate,Q5VSG8
Q8N5M1,Substrate,Q8N5M1
Q13901,Substrate,Q13901
P35998,Substrate,P35998
Q9NRW7,Substrate,Q9NRW7
O95528,Substrate,O95528
Q9HCE6,Substrate,Q9HCE6
Q6ZTR7,Substrate,Q6ZTR7
O95467,Substrate,O95467
Q8NGQ4,Substrate,Q8NGQ4
Q3MIN7,Substrate,Q3MIN7
Q96AK3,Substrate,Q96AK3
Q03188,Substrate,Q03188
Q13596,Substrate,Q13596
O15234,Substrate,O15234
Q5VUD6,Substrate,Q5VUD6
Q9P2P5,E3,Q9P2P5
O14756,Substrate,O14756
P50539,Substrate,P50539
P32189,Substrate,P32189
Q7Z434,Substrate,Q7Z434
Q14678,Substrate,Q14678
Q9NWQ4,Substrate,Q9NWQ4
Q8NEG7,Substrate,Q8NEG7
P56937,Substrate,P56937
Q5HY98,Substrate,Q5HY98
P04921,Substrate,P04921
Q9H7U1,Substrate,Q9H7U1
P09104,Substrate,P09104
Q14997,Substrate,Q14997
Q8TAA9,Substrate,Q8TAA9
Q9GZZ9,Substrate,Q9GZZ9
P08567,Substrate,P08567
Q8N684,Substrate,Q8N684
O95397,Substrate,O95397
Q8NHX4,Substrate,Q8NHX4
Q9P2B4,Substrate,Q9P2B4
Q9NSB8,Substrate,Q9NSB8
Q9NPJ8,Substrate,Q9NPJ8
A1XBS5,Substrate,A1XBS5
Q15750,Substrate,Q15750
P53611,Substrate,P53611
P05549,Substrate,P05549
A0A286YF46,Substrate,A0A286YF46
P0C7W6,Substrate,P0C7W6
Q9H6T0,Substrate,Q9H6T0
Q9Y2Q9,Substrate,Q9Y2Q9
Q5VWT5,Substrate,Q5VWT5
Q8WXA9,Substrate,Q8WXA9
Q4G0N8,Substrate,Q4G0N8
Q16629,Substrate,Q16629
Q9Y5W9,Substrate,Q9Y5W9
F2Z398,Substrate,F2Z398
Q9GZN6,Substrate,Q9GZN6
P04435,Substrate,P04435
Q5T3F8,Substrate,Q5T3F8
Q8NGJ1,Substrate,Q8NGJ1
Q9UKE5,Substrate,Q9UKE5
Q7Z4J2,Substrate,Q7Z4J2
Q8IZU9,Substrate,Q8IZU9
Q8NH09,Substrate,Q8NH09
Q9NY91,Substrate,Q9NY91
P07738,Substrate,P07738
Q9GZX9,Substrate,Q9GZX9
O15209,Substrate,O15209
Q96PN7,Substrate,Q96PN7
O95983,Substrate,O95983
Q14123,Substrate,Q14123
Q92824,Substrate,Q92824
P57771,Substrate,P57771
A6NC57,Substrate,A6NC57
Q9NQ36,Substrate,Q9NQ36
A0A0C4DH26,Substrate,A0A0C4DH26
Q9BV20,Substrate,Q9BV20
Q15019,Substrate,Q15019
Q9BUP0,Substrate,Q9BUP0
O00476,Substrate,O00476
Q5TC82,E3,Q5TC82
I0J062,Substrate,I0J062
Q969V5,E3,Q969V5
O15034,Substrate,O15034
A0A1B0GX51,Substrate,A0A1B0GX51
Q9UHC1,Substrate,Q9UHC1
Q8NE01,Substrate,Q8NE01
O15389,Substrate,O15389
O95600,Substrate,O95600
Q13433,Substrate,Q13433
P12429,Substrate,P12429
Q8IYB5,Substrate,Q8IYB5
P61587,Substrate,P61587
P29372,E3,P29372
Q8WWN9,Substrate,Q8WWN9
P07954,Substrate,P07954
Q92928,Substrate,Q92928
Q92637,Substrate,Q92637
P07205,Substrate,P07205
Q969G6,Substrate,Q969G6
Q92621,Substrate,Q92621
Q6DJT9,Substrate,Q6DJT9
O15550,Substrate,O15550
Q96D46,Substrate,Q96D46
P06756,Substrate,P06756
Q96BI3,Substrate,Q96BI3
P16562,Substrate,P16562
P30304,Substrate,P30304
Q07912,Substrate,Q07912
P50502,Substrate,P50502
P01717,Substrate,P01717
A6NNP5,Substrate,A6NNP5
Q9BUK0,Substrate,Q9BUK0
Q9Y5H5,Substrate,Q9Y5H5
Q9NZJ5,Substrate,Q9NZJ5
A0A0A0MRZ8,Substrate,A0A0A0MRZ8
Q64LD2,Substrate,Q64LD2
P13385,Substrate,P13385
Q8NDL9,Substrate,Q8NDL9
Q99805,Substrate,Q99805
Q2NL67,Substrate,Q2NL67
Q96FN4,Substrate,Q96FN4
Q8N9B8,Substrate,Q8N9B8
Q2M3A8,Substrate,Q2M3A8
Q07666,Substrate,Q07666
Q6U7Q0,Substrate,Q6U7Q0
A6NJW4,Substrate,A6NJW4
Q6ZW76,Substrate,Q6ZW76
Q9NUB4,Substrate,Q9NUB4
P02452,Substrate,P02452
Q08ET2,Substrate,Q08ET2
Q9BVL2,Substrate,Q9BVL2
Q9NPR9,Substrate,Q9NPR9
P80108,Substrate,P80108
Q6ZUB1,Substrate,Q6ZUB1
Q3LI54,Substrate,Q3LI54
Q8N1K5,Substrate,Q8N1K5
P41161,Substrate,P41161
Q9NXL9,Substrate,Q9NXL9
Q13064,E3,Q13064
O60755,Substrate,O60755
Q96C90,Substrate,Q96C90
Q86SH4,Substrate,Q86SH4
A2RUR9,Substrate,A2RUR9
Q92623,Substrate,Q92623
O75197,Substrate,O75197
P56278,Substrate,P56278
Q7Z4R8,Substrate,Q7Z4R8
Q8N393,Substrate,Q8N393
Q9BZL6,Substrate,Q9BZL6
Q8WW14,Substrate,Q8WW14
P23759,Substrate,P23759
Q6UB28,Substrate,Q6UB28
P22103,Substrate,P22103
Q9HC44,Substrate,Q9HC44
Q8TCF1,Substrate,Q8TCF1
Q8NDX5,Substrate,Q8NDX5
P16444,Substrate,P16444
Q96SN7,Substrate,Q96SN7
Q5H9I0,Substrate,Q5H9I0
P21580,E3,P21580
Q86SQ6,Substrate,Q86SQ6
O14718,Substrate,O14718
Q5VVX9,Substrate,Q5VVX9
A8MT66,Substrate,A8MT66
P49918,Substrate,P49918
Q8NGL6,Substrate,Q8NGL6
P30532,Substrate,P30532
Q15393,Substrate,Q15393
O75954,Substrate,O75954
Q8IWY9,Substrate,Q8IWY9
Q6ZMW3,Substrate,Q6ZMW3
P36269,Substrate,P36269
P20848,Substrate,P20848
O95436,Substrate,O95436
Q53G59,E3,Q53G59
O75648,Substrate,O75648
O95897,Substrate,O95897
Q9NP50,Substrate,Q9NP50
O60290,Substrate,O60290
P52657,Substrate,P52657
P24539,Substrate,P24539
Q6GMR7,Substrate,Q6GMR7
P62495,Substrate,P62495
Q9H609,Substrate,Q9H609
P13224,Substrate,P13224
O60279,Substrate,O60279
P43358,Substrate,P43358
Q9H974,Substrate,Q9H974
O95405,Substrate,O95405
Q9GZT6,Substrate,Q9GZT6
Q96SI1,Substrate,Q96SI1
O75886,Substrate,O75886
P30085,Substrate,P30085
Q96NT5,Substrate,Q96NT5
O15049,Substrate,O15049
Q8N3C7,Substrate,Q8N3C7
Q9H019,Substrate,Q9H019
Q9NYV9,Substrate,Q9NYV9
Q6Q4G3,Substrate,Q6Q4G3
O75973,Substrate,O75973
Q9H0T7,Substrate,Q9H0T7
P0DMW3,Substrate,P0DMW3
Q68EN5,Substrate,Q68EN5
Q9NQ34,Substrate,Q9NQ34
Q8IY57,Substrate,Q8IY57
Q9Y3M9,Substrate,Q9Y3M9
Q7Z4W3,Substrate,Q7Z4W3
Q16600,Substrate,Q16600
Q15042,Substrate,Q15042
Q96LW7,Substrate,Q96LW7
Q13769,Substrate,Q13769
Q12951,Substrate,Q12951
Q9NQC8,Substrate,Q9NQC8
Q8N0U8,Substrate,Q8N0U8
Q92890,Substrate,Q92890
P43626,Substrate,P43626
Q9UBT3,Substrate,Q9UBT3
O96014,Substrate,O96014
D6RCP7,Substrate,D6RCP7
Q9BZQ8,Substrate,Q9BZQ8
Q4G112,Substrate,Q4G112
Q9Y689,Substrate,Q9Y689
Q9H270,Substrate,Q9H270
Q8TBR5,Substrate,Q8TBR5
Q96DX7,Substrate,Q96DX7
P69849,Substrate,P69849
Q9UBN4,Substrate,Q9UBN4
O15370,Substrate,O15370
Q96DB2,Substrate,Q96DB2
Q9NVC3,Substrate,Q9NVC3
Q96E93,Substrate,Q96E93
Q6KCM7,Substrate,Q6KCM7
Q96S55,Substrate,Q96S55
Q8IXH7,Substrate,Q8IXH7
Q14469,Substrate,Q14469
Q92610,Substrate,Q92610
P08243,Substrate,P08243
H0Y7S4,Substrate,H0Y7S4
P29728,Substrate,P29728
Q9P1D8,Substrate,Q9P1D8
Q8IX19,Substrate,Q8IX19
B7Z6K7,Substrate,B7Z6K7
P04632,Substrate,P04632
Q16568,Substrate,Q16568
Q969M1,Substrate,Q969M1
Q9NVU7,Substrate,Q9NVU7
P10243,Substrate,P10243
P63145,Substrate,P63145
Q9H8Y1,Substrate,Q9H8Y1
Q86U44,Substrate,Q86U44
Q8N7P3,Substrate,Q8N7P3
O94985,Substrate,O94985
Q15121,Substrate,Q15121
Q96A00,Substrate,Q96A00
O95249,Substrate,O95249
Q9Y2D1,Substrate,Q9Y2D1
Q13115,Substrate,Q13115
P06576,Substrate,P06576
Q8TF62,Substrate,Q8TF62
Q5W0Q7,Substrate,Q5W0Q7
Q15699,Substrate,Q15699
Q9Y6X5,Substrate,Q9Y6X5
P28328,E3,P28328
Q3LI73,Substrate,Q3LI73
Q8IY22,Substrate,Q8IY22
A0A494BZU4,Substrate,A0A494BZU4
P52797,Substrate,P52797
P0DMS8,Substrate,P0DMS8
P51959,Substrate,P51959
O00570,Substrate,O00570
Q14188,Substrate,Q14188
Q09028,Substrate,Q09028
P01308,Substrate,P01308
A0A075B6I6,Substrate,A0A075B6I6
Q9H4F1,Substrate,Q9H4F1
Q9NPA8,Substrate,Q9NPA8
P26368,Substrate,P26368
Q6AHZ1,Substrate,Q6AHZ1
O60503,Substrate,O60503
Q8IZU0,Substrate,Q8IZU0
Q9H089,Substrate,Q9H089
Q9Y2K2,Substrate,Q9Y2K2
P01619,Substrate,P01619
Q5VT98,Substrate,Q5VT98
Q7RTS3,Substrate,Q7RTS3
Q8WW38,Substrate,Q8WW38
P45378,Substrate,P45378
Q8N8I0,Substrate,Q8N8I0
P01704,Substrate,P01704
O60496,Substrate,O60496
O95749,Substrate,O95749
Q8NF64,Substrate,Q8NF64
Q9NRW1,Substrate,Q9NRW1
Q9Y6R9,Substrate,Q9Y6R9
Q5XG92,Substrate,Q5XG92
Q14181,Substrate,Q14181
Q7Z7K6,Substrate,Q7Z7K6
C0HLV8,Substrate,C0HLV8
Q96DN0,Substrate,Q96DN0
Q5TCQ9,Substrate,Q5TCQ9
Q96PP8,Substrate,Q96PP8
Q9NZB2,Substrate,Q9NZB2
Q92613,Substrate,Q92613
Q9UN74,Substrate,Q9UN74
Q9C0I1,Substrate,Q9C0I1
A8MUV8,Substrate,A8MUV8
P0DV77,Substrate,P0DV77
Q9UQ80,Substrate,Q9UQ80
Q6NZY7,Substrate,Q6NZY7
A0A286YEV6,Substrate,A0A286YEV6
Q6PD74,Substrate,Q6PD74
Q86YW5,Substrate,Q86YW5
Q9UFN0,Substrate,Q9UFN0
O00258,Substrate,O00258
Q8NCW0,Substrate,Q8NCW0
P08476,Substrate,P08476
Q9Y6N1,Substrate,Q9Y6N1
O14836,Substrate,O14836
Q147U1,Substrate,Q147U1
P41002,E3,P41002
Q6ZMJ4,Substrate,Q6ZMJ4
Q8NFH3,Substrate,Q8NFH3
Q9H8V8,Substrate,Q9H8V8
Q9H607,Substrate,Q9H607
Q99661,Substrate,Q99661
P11801,Substrate,P11801
Q9NVD7,Substrate,Q9NVD7
Q7L1V2,Substrate,Q7L1V2
Q9P2M1,Substrate,Q9P2M1
A0PK05,Substrate,A0PK05
A0A1W2PRV1,Substrate,A0A1W2PRV1
P25789,Substrate,P25789
O95747,Substrate,O95747
Q8NH19,Substrate,Q8NH19
P56597,Substrate,P56597
Q8IXQ9,Substrate,Q8IXQ9
P30086,Substrate,P30086
A6NG13,Substrate,A6NG13
Q8IZJ4,Substrate,Q8IZJ4
P38159,Substrate,P38159
Q70EL1,Substrate,Q70EL1
Q9UKL6,Substrate,Q9UKL6
O94823,Substrate,O94823
Q8NBT2,Substrate,Q8NBT2
P02728,Substrate,P02728
Q96GA7,Substrate,Q96GA7
Q8WXK1,Substrate,Q8WXK1
Q96BP3,Substrate,Q96BP3
Q9Y5Y4,Substrate,Q9Y5Y4
O15015,Substrate,O15015
Q11201,Substrate,Q11201
Q05923,Substrate,Q05923
Q7LGA3,Substrate,Q7LGA3
Q9Y222,Substrate,Q9Y222
P10589,Substrate,P10589
A8MTL9,Substrate,A8MTL9
P35453,Substrate,P35453
Q9H7L2,Substrate,Q9H7L2
P43652,Substrate,P43652
Q8NAV1,Substrate,Q8NAV1
O60423,Substrate,O60423
Q12918,Substrate,Q12918
A8MW99,Substrate,A8MW99
Q86X51,Substrate,Q86X51
Q8IV38,Substrate,Q8IV38
Q96H79,Substrate,Q96H79
Q8TEU8,Substrate,Q8TEU8
Q9UQE7,Substrate,Q9UQE7
P17676,Substrate,P17676
Q6P1M9,Substrate,Q6P1M9
Q92611,Substrate,Q92611
Q13242,Substrate,Q13242
Q8IZ69,Substrate,Q8IZ69
Q12948,Substrate,Q12948
P17027,Substrate,P17027
O00560,Substrate,O00560
D6RBQ6,Substrate,D6RBQ6
Q9Y5I4,Substrate,Q9Y5I4
Q12873,Substrate,Q12873
P29401,Substrate,P29401
Q8NGK5,Substrate,Q8NGK5
Q9H6I2,Substrate,Q9H6I2
Q3SYG4,Substrate,Q3SYG4
Q6ZMM2,Substrate,Q6ZMM2
Q494R4,Substrate,Q494R4
Q86XN7,Substrate,Q86XN7
Q13478,Substrate,Q13478
P31751,Substrate,P31751
Q92561,Substrate,Q92561
B4DU55,Substrate,B4DU55
P53621,Substrate,P53621
Q14524,Substrate,Q14524
Q8NFU1,Substrate,Q8NFU1
Q16566,Substrate,Q16566
Q16647,Substrate,Q16647
Q96P11,Substrate,Q96P11
Q9ULM0,Substrate,Q9ULM0
Q9BYD5,Substrate,Q9BYD5
Q8TCZ2,Substrate,Q8TCZ2
P0C7A2,Substrate,P0C7A2
Q99750,Substrate,Q99750
Q9H336,Substrate,Q9H336
Q5VT79,Substrate,Q5VT79
Q96G01,Substrate,Q96G01
P35243,Substrate,P35243
A6NNM3,Substrate,A6NNM3
Q9NZP8,Substrate,Q9NZP8
Q9BTE7,Substrate,Q9BTE7
P15509,Substrate,P15509
O43280,Substrate,O43280
Q7Z3I7,Substrate,Q7Z3I7
Q9BQQ3,Substrate,Q9BQQ3
Q9NYY3,Substrate,Q9NYY3
P51693,Substrate,P51693
Q5JRS4,Substrate,Q5JRS4
Q12983,Substrate,Q12983
Q8N1E6,E3,Q8N1E6
O75030,Substrate,O75030
Q9BSE4,Substrate,Q9BSE4
Q8NGG4,Substrate,Q8NGG4
P14151,Substrate,P14151
Q9H2R5,Substrate,Q9H2R5
Q9Y4X0,Substrate,Q9Y4X0
P26599,Substrate,P26599
Q29RF7,Substrate,Q29RF7
Q15388,Substrate,Q15388
Q9BUL8,Substrate,Q9BUL8
Q8NEM2,Substrate,Q8NEM2
A4QPB2,Substrate,A4QPB2
A0A087WUV0,Substrate,A0A087WUV0
Q6ZR37,Substrate,Q6ZR37
Q8N697,Substrate,Q8N697
Q96PV7,Substrate,Q96PV7
Q8IW41,Substrate,Q8IW41
Q8IXR5,Substrate,Q8IXR5
Q8IYJ2,Substrate,Q8IYJ2
Q6UWT4,Substrate,Q6UWT4
Q9NVX7,E3,Q9NVX7
A0A1B0GV96,Substrate,A0A1B0GV96
Q6A163,Substrate,Q6A163
Q7L2J0,Substrate,Q7L2J0
Q9Y664,Substrate,Q9Y664
P62910,Substrate,P62910
Q15554,Substrate,Q15554
Q12769,Substrate,Q12769
O75677,Substrate,O75677
C9JN71,Substrate,C9JN71
Q6ZS46,Substrate,Q6ZS46
P36268,Substrate,P36268
Q15846,Substrate,Q15846
Q5T9A4,Substrate,Q5T9A4
Q8NE28,Substrate,Q8NE28
Q5SRE7,Substrate,Q5SRE7
Q9HBM0,Substrate,Q9HBM0
P42566,Substrate,P42566
P40238,Substrate,P40238
Q9HCM2,Substrate,Q9HCM2
P13765,Substrate,P13765
Q8TDC3,Substrate,Q8TDC3
C9JG80,Substrate,C9JG80
O96019,Substrate,O96019
Q92932,Substrate,Q92932
P26641,Substrate,P26641
Q96JH7,Substrate,Q96JH7
Q9BQP7,Substrate,Q9BQP7
C9JBD0,Substrate,C9JBD0
Q9BSQ5,Substrate,Q9BSQ5
Q11203,Substrate,Q11203
P62424,Substrate,P62424
Q8TF68,Substrate,Q8TF68
Q9NR19,Substrate,Q9NR19
O43822,Substrate,O43822
Q9C0B0,Substrate,Q9C0B0
Q13489,E3,Q13489
P08590,Substrate,P08590
A8K0Z3,Substrate,A8K0Z3
Q9UK12,Substrate,Q9UK12
Q5RIA9,Substrate,Q5RIA9
O75871,Substrate,O75871
Q92956,Substrate,Q92956
Q9H306,Substrate,Q9H306
P20618,Substrate,P20618
Q96BI1,Substrate,Q96BI1
Q96HU8,Substrate,Q96HU8
P13693,Substrate,P13693
O43555,Substrate,O43555
Q9BXT8,Substrate,Q9BXT8
P36543,Substrate,P36543
Q8WX39,Substrate,Q8WX39
Q2VPB7,Substrate,Q2VPB7
Q8WZ19,E3,Q8WZ19
P0DN77,Substrate,P0DN77
Q2M2I5,Substrate,Q2M2I5
P47888,Substrate,P47888
Q9BW71,Substrate,Q9BW71
Q8N448,E3,Q8N448
Q86W24,Substrate,Q86W24
A0PG75,Substrate,A0PG75
Q9Y5Y3,Substrate,Q9Y5Y3
Q6PI98,Substrate,Q6PI98
Q6PEW1,Substrate,Q6PEW1
Q96M60,Substrate,Q96M60
A6NCL7,Substrate,A6NCL7
Q6NW40,Substrate,Q6NW40
O94762,Substrate,O94762
P28360,Substrate,P28360
Q16621,Substrate,Q16621
A8MXE2,Substrate,A8MXE2
Q8WXA2,Substrate,Q8WXA2
Q16676,Substrate,Q16676
P78413,Substrate,P78413
Q9BZM2,Substrate,Q9BZM2
Q9NQU5,Substrate,Q9NQU5
Q8TAV3,Substrate,Q8TAV3
O00522,Substrate,O00522
P32780,Substrate,P32780
P05204,Substrate,P05204
Q6UYE1,Substrate,Q6UYE1
Q9Y692,Substrate,Q9Y692
O00144,Substrate,O00144
Q03933,Substrate,Q03933
Q9H7R0,Substrate,Q9H7R0
O75140,Substrate,O75140
P79522,Substrate,P79522
P59544,Substrate,P59544
O95721,Substrate,O95721
Q8NGJ4,Substrate,Q8NGJ4
Q96MR7,Substrate,Q96MR7
Q6UX82,Substrate,Q6UX82
P04001,Substrate,P04001
Q96J66,Substrate,Q96J66
Q9BYS8,Substrate,Q9BYS8
P78364,Substrate,P78364
Q9BYC2,Substrate,Q9BYC2
O95263,Substrate,O95263
Q6UXD1,Substrate,Q6UXD1
P0DUD3,Substrate,P0DUD3
Q6I9Y2,Substrate,Q6I9Y2
O75935,Substrate,O75935
P08238,Substrate,P08238
P23327,Substrate,P23327
Q8N335,Substrate,Q8N335
Q15020,Substrate,Q15020
Q9NXK8,E3,Q9NXK8
Q96G91,Substrate,Q96G91
Q8NG48,Substrate,Q8NG48
Q8TEW0,Substrate,Q8TEW0
Q9H0D6,Substrate,Q9H0D6
Q9UK53,Substrate,Q9UK53
O43610,Substrate,O43610
Q6PCE3,Substrate,Q6PCE3
Q8WUD1,Substrate,Q8WUD1
Q5VWJ9,Substrate,Q5VWJ9
Q6ZU15,Substrate,Q6ZU15
Q9HC52,Substrate,Q9HC52
Q96KS0,Substrate,Q96KS0
Q8NAA6,Substrate,Q8NAA6
Q3KP44,Substrate,Q3KP44
Q5UAW9,Substrate,Q5UAW9
O43612,Substrate,O43612
Q99217,Substrate,Q99217
Q9Y2D5,Substrate,Q9Y2D5
P55916,Substrate,P55916
Q8N1L9,Substrate,Q8N1L9
Q13117,Substrate,Q13117
B9A6J9,Substrate,B9A6J9
Q6L8H4,Substrate,Q6L8H4
Q9Y3L3,Substrate,Q9Y3L3
P62166,Substrate,P62166
P01920,Substrate,P01920
Q13761,Substrate,Q13761
P52824,Substrate,P52824
Q9HCU9,Substrate,Q9HCU9
Q96K37,Substrate,Q96K37
Q86WB7,Substrate,Q86WB7
Q8WZ82,Substrate,Q8WZ82
Q96GY3,Substrate,Q96GY3
P61225,Substrate,P61225
Q15334,Substrate,Q15334
Q8NCU8,Substrate,Q8NCU8
O95302,Substrate,O95302
P53597,Substrate,P53597
Q00587,Substrate,Q00587
Q9NRG7,Substrate,Q9NRG7
P01854,Substrate,P01854
Q8N130,Substrate,Q8N130
Q8WWG9,Substrate,Q8WWG9
Q86TA1,Substrate,Q86TA1
Q9Y253,Substrate,Q9Y253
Q96SK3,Substrate,Q96SK3
Q9UHA3,Substrate,Q9UHA3
Q7Z412,Substrate,Q7Z412
Q9UMR3,Substrate,Q9UMR3
Q14139,E3,Q14139
Q13287,Substrate,Q13287
Q9UF47,Substrate,Q9UF47
Q9BWC9,Substrate,Q9BWC9
B2RUZ4,Substrate,B2RUZ4
Q6N063,Substrate,Q6N063
Q9UMS5,Substrate,Q9UMS5
O95619,Substrate,O95619
Q8NH63,Substrate,Q8NH63
Q2QD12,Substrate,Q2QD12
P27918,Substrate,P27918
Q9NX77,Substrate,Q9NX77
E9PQR5,Substrate,E9PQR5
Q9BVP2,Substrate,Q9BVP2
Q2T9L4,Substrate,Q2T9L4
Q5VV63,Substrate,Q5VV63
P19235,Substrate,P19235
P16473,Substrate,P16473
Q6PI26,Substrate,Q6PI26
Q8NGZ9,Substrate,Q8NGZ9
Q6P4Q7,Substrate,Q6P4Q7
O75783,Substrate,O75783
O95298,Substrate,O95298
Q5T2W1,Substrate,Q5T2W1
Q8TBR4,Substrate,Q8TBR4
Q86VZ4,Substrate,Q86VZ4
P40306,Substrate,P40306
Q8IZL8,Substrate,Q8IZL8
P54855,Substrate,P54855
Q8NGI3,Substrate,Q8NGI3
C9JTQ0,Substrate,C9JTQ0
Q9H741,Substrate,Q9H741
P83916,Substrate,P83916
Q9P1C3,Substrate,Q9P1C3
O43745,Substrate,O43745
Q9NWS6,Substrate,Q9NWS6
P10071,Substrate,P10071
Q9P2N4,Substrate,Q9P2N4
P01570,Substrate,P01570
Q13639,Substrate,Q13639
Q969M3,Substrate,Q969M3
O94855,Substrate,O94855
P43080,Substrate,P43080
Q9BWN1,Substrate,Q9BWN1
P34896,Substrate,P34896
Q6ZQT0,Substrate,Q6ZQT0
A6NDK9,Substrate,A6NDK9
Q86Y07,Substrate,Q86Y07
P30926,Substrate,P30926
Q8NBT3,Substrate,Q8NBT3
Q7L1T6,Substrate,Q7L1T6
Q96EN8,Substrate,Q96EN8
Q8NHS9,Substrate,Q8NHS9
Q8NGN8,Substrate,Q8NGN8
P0CG33,Substrate,P0CG33
O14896,Substrate,O14896
O14681,Substrate,O14681
Q8WYQ5,Substrate,Q8WYQ5
Q8IYB3,Substrate,Q8IYB3
Q9UJ37,Substrate,Q9UJ37
P56134,Substrate,P56134
P30260,Substrate,P30260
Q9H8X9,Substrate,Q9H8X9
Q9NXX6,Substrate,Q9NXX6
Q5T2R2,Substrate,Q5T2R2
Q8IVH8,Substrate,Q8IVH8
Q9UIG8,Substrate,Q9UIG8
P01241,Substrate,P01241
Q9UQB8,Substrate,Q9UQB8
O75558,Substrate,O75558
Q99784,Substrate,Q99784
P0DPE3,Substrate,P0DPE3
O14981,Substrate,O14981
Q9Y543,Substrate,Q9Y543
Q9Y6X0,Substrate,Q9Y6X0
Q9BQJ4,Substrate,Q9BQJ4
Q9HCF6,Substrate,Q9HCF6
O14678,Substrate,O14678
Q8NGT9,Substrate,Q8NGT9
O94925,Substrate,O94925
Q6UXR4,Substrate,Q6UXR4
Q96KB5,Substrate,Q96KB5
Q9NQZ3,Substrate,Q9NQZ3
Q9NP66,Substrate,Q9NP66
P58557,Substrate,P58557
O00273,Substrate,O00273
Q96A47,Substrate,Q96A47
Q9BYZ2,Substrate,Q9BYZ2
P40426,Substrate,P40426
Q07020,Substrate,Q07020
Q7Z3G6,Substrate,Q7Z3G6
Q8NHA4,Substrate,Q8NHA4
O95989,Substrate,O95989
Q8NGJ2,Substrate,Q8NGJ2
Q9Y259,Substrate,Q9Y259
Q6IFG1,Substrate,Q6IFG1
O15467,Substrate,O15467
Q13094,Substrate,Q13094
Q8TDX7,Substrate,Q8TDX7
Q58WW2,Substrate,Q58WW2
P62273,Substrate,P62273
P01825,Substrate,P01825
Q7Z4T8,Substrate,Q7Z4T8
Q9H7J1,Substrate,Q9H7J1
Q9H706,Substrate,Q9H706
Q93100,Substrate,Q93100
P81277,Substrate,P81277
P45877,Substrate,P45877
Q96PY5,Substrate,Q96PY5
Q9BYV2,Substrate,Q9BYV2
Q9BYE3,Substrate,Q9BYE3
P22681,E3,P22681
Q8N7W2,Substrate,Q8N7W2
Q8WUY8,Substrate,Q8WUY8
P49023,Substrate,P49023
Q8NER5,Substrate,Q8NER5
P08123,Substrate,P08123
Q96H20,Substrate,Q96H20
P0DM35,Substrate,P0DM35
P56177,Substrate,P56177
Q9Y5N6,Substrate,Q9Y5N6
P98194,Substrate,P98194
Q13202,Substrate,Q13202
Q8WVF5,Substrate,Q8WVF5
Q8WUT9,Substrate,Q8WUT9
P32322,Substrate,P32322
A0A8I5KY20,Substrate,A0A8I5KY20
Q92988,Substrate,Q92988
Q96BV0,Substrate,Q96BV0
Q9BPX3,Substrate,Q9BPX3
Q5JQS6,Substrate,Q5JQS6
Q9ULD2,Substrate,Q9ULD2
P14317,Substrate,P14317
Q8IYT1,Substrate,Q8IYT1
Q9GZT9,Substrate,Q9GZT9
Q9UMS6,Substrate,Q9UMS6
Q4G0J3,Substrate,Q4G0J3
P56279,Substrate,P56279
Q9UJ42,Substrate,Q9UJ42
Q86VP6,Substrate,Q86VP6
Q9HCM4,Substrate,Q9HCM4
Q68D20,Substrate,Q68D20
P12821,Substrate,P12821
Q15542,Substrate,Q15542
Q8WY41,Substrate,Q8WY41
Q9Y6A9,Substrate,Q9Y6A9
P14138,Substrate,P14138
Q6UX72,Substrate,Q6UX72
Q969I3,Substrate,Q969I3
Q16538,Substrate,Q16538
Q9BVI0,Substrate,Q9BVI0
Q08AE8,Substrate,Q08AE8
P63126,Substrate,P63126
Q8N7Y1,Substrate,Q8N7Y1
Q14694,Substrate,Q14694
Q5VT99,Substrate,Q5VT99
Q8IYR2,Substrate,Q8IYR2
Q9Y6X4,Substrate,Q9Y6X4
Q9BZD7,Substrate,Q9BZD7
E5RHQ5,Substrate,E5RHQ5
O75818,Substrate,O75818
Q69YW2,Substrate,Q69YW2
Q15717,Substrate,Q15717
D3DTV9,Substrate,D3DTV9
P37288,Substrate,P37288
Q07955,Substrate,Q07955
Q5T681,Substrate,Q5T681
Q5PR19,Substrate,Q5PR19
Q96C12,Substrate,Q96C12
Q8WUH2,Substrate,Q8WUH2
P26045,Substrate,P26045
Q8TDD1,Substrate,Q8TDD1
Q9H9P5,E3,Q9H9P5
P62068,Substrate,P62068
P18054,Substrate,P18054
Q86WT1,Substrate,Q86WT1
Q5NDL2,Substrate,Q5NDL2
P55083,Substrate,P55083
Q01968,Substrate,Q01968
Q5VWM4,Substrate,Q5VWM4
A0A286YEX9,Substrate,A0A286YEX9
P0DP57,Substrate,P0DP57
P0DP06,Substrate,P0DP06
Q9NXH8,Substrate,Q9NXH8
Q9H7N4,Substrate,Q9H7N4
Q9Y575,E3,Q9Y575
O00220,Substrate,O00220
O95365,Substrate,O95365
Q6JVE9,Substrate,Q6JVE9
P82675,Substrate,P82675
O43765,Substrate,O43765
P51801,Substrate,P51801
Q8N7X4,Substrate,Q8N7X4
Q5HYW3,Substrate,Q5HYW3
Q14654,Substrate,Q14654
Q96BP2,Substrate,Q96BP2
P51512,Substrate,P51512
Q9GZU1,Substrate,Q9GZU1
Q9UBL6,Substrate,Q9UBL6
Q9BY11,Substrate,Q9BY11
Q9Y226,Substrate,Q9Y226
Q92466,E3,Q92466
P09651,Substrate,P09651
Q9H2W2,Substrate,Q9H2W2
Q9P2E3,Substrate,Q9P2E3
Q96HZ4,Substrate,Q96HZ4
O95931,Substrate,O95931
A6NHA9,Substrate,A6NHA9
Q9P2J3,E3,Q9P2J3
O95155,E3,O95155
Q5JVF3,Substrate,Q5JVF3
Q15836,Substrate,Q15836
Q96RJ6,Substrate,Q96RJ6
A6ND48,Substrate,A6ND48
Q9P0J7,Substrate,Q9P0J7
Q5SQN1,Substrate,Q5SQN1
Q00266,Substrate,Q00266
O95251,Substrate,O95251
O95810,Substrate,O95810
A2A2Y4,Substrate,A2A2Y4
Q8N612,Substrate,Q8N612
Q9NS15,Substrate,Q9NS15
P35908,Substrate,P35908
Q9UMF0,Substrate,Q9UMF0
Q9ULM2,Substrate,Q9ULM2
Q92851,Substrate,Q92851
O75200,Substrate,O75200
Q8WWW0,Substrate,Q8WWW0
Q5TGL8,Substrate,Q5TGL8
P55075,Substrate,P55075
A8MWY0,Substrate,A8MWY0
Q9H0U4,Substrate,Q9H0U4
Q96CS3,Substrate,Q96CS3
Q13394,Substrate,Q13394
Q15067,Substrate,Q15067
Q86Y46,Substrate,Q86Y46
O95067,Substrate,O95067
Q49AM3,Substrate,Q49AM3
Q2TAM9,Substrate,Q2TAM9
P86478,Substrate,P86478
Q68CZ6,Substrate,Q68CZ6
Q9BPW8,Substrate,Q9BPW8
Q9UI33,Substrate,Q9UI33
A8MV81,Substrate,A8MV81
Q96LZ2,Substrate,Q96LZ2
C9JPN9,Substrate,C9JPN9
Q8N907,Substrate,Q8N907
Q9Y2C5,Substrate,Q9Y2C5
Q8WW35,Substrate,Q8WW35
A6NHQ2,Substrate,A6NHQ2
Q8IYU8,Substrate,Q8IYU8
Q9BZ23,Substrate,Q9BZ23
P54274,Substrate,P54274
Q8TCY5,Substrate,Q8TCY5
Q02487,Substrate,Q02487
Q9NR82,Substrate,Q9NR82
Q7Z6L1,Substrate,Q7Z6L1
Q12791,Substrate,Q12791
Q10588,Substrate,Q10588
Q8NH95,Substrate,Q8NH95
Q9Y2K3,Substrate,Q9Y2K3
Q0D2I5,Substrate,Q0D2I5
O95294,Substrate,O95294
Q8N6L1,Substrate,Q8N6L1
Q5FBB7,Substrate,Q5FBB7
Q8IUR5,Substrate,Q8IUR5
Q8NFT6,Substrate,Q8NFT6
Q8WUA4,Substrate,Q8WUA4
Q96HQ0,Substrate,Q96HQ0
Q9ULE0,Substrate,Q9ULE0
Q2MJR0,Substrate,Q2MJR0
Q9HAU5,Substrate,Q9HAU5
A8MW95,Substrate,A8MW95
P78414,Substrate,P78414
Q9HC58,Substrate,Q9HC58
Q6UVW9,Substrate,Q6UVW9
Q5SZL2,Substrate,Q5SZL2
Q9BZE0,Substrate,Q9BZE0
Q15327,Substrate,Q15327
A0A0U1RR11,Substrate,A0A0U1RR11
Q8IY50,Substrate,Q8IY50
Q9Y5W3,Substrate,Q9Y5W3
Q9UIH9,Substrate,Q9UIH9
Q8NGN6,Substrate,Q8NGN6
Q6ZXV5,Substrate,Q6ZXV5
Q7L1Q6,Substrate,Q7L1Q6
Q96SI9,Substrate,Q96SI9
P23497,Substrate,P23497
Q96HH4,Substrate,Q96HH4
Q6XUX3,Substrate,Q6XUX3
P51814,Substrate,P51814
Q9Y426,Substrate,Q9Y426
P51460,Substrate,P51460
P17542,Substrate,P17542
O95007,Substrate,O95007
Q5GH73,Substrate,Q5GH73
Q9Y2I1,Substrate,Q9Y2I1
Q9UHG0,Substrate,Q9UHG0
P32970,Substrate,P32970
P46199,Substrate,P46199
O43623,Substrate,O43623
Q9Y603,Substrate,Q9Y603
Q9UBI1,Substrate,Q9UBI1
Q96QE3,Substrate,Q96QE3
A0ZSE6,Substrate,A0ZSE6
Q6ZSA7,Substrate,Q6ZSA7
Q6ZUT4,Substrate,Q6ZUT4
O75364,Substrate,O75364
Q14324,Substrate,Q14324
P62070,Substrate,P62070
Q70EK9,Substrate,Q70EK9
Q9GZN8,Substrate,Q9GZN8
O00567,Substrate,O00567
Q9ULQ1,Substrate,Q9ULQ1
P62258,Substrate,P62258
Q9BV97,Substrate,Q9BV97
P05111,Substrate,P05111
Q9HAN9,Substrate,Q9HAN9
Q9UIF9,Substrate,Q9UIF9
P49913,Substrate,P49913
Q96NR7,Substrate,Q96NR7
Q86WR7,Substrate,Q86WR7
P29279,Substrate,P29279
Q92597,Substrate,Q92597
Q969H0,E3,Q969H0
Q99250,Substrate,Q99250
Q6ZS82,Substrate,Q6ZS82
Q9BR84,Substrate,Q9BR84
Q9UJ83,Substrate,Q9UJ83
Q6UXY8,Substrate,Q6UXY8
A6NKG5,Substrate,A6NKG5
Q8N819,Substrate,Q8N819
A0A286YF18,Substrate,A0A286YF18
A0A1W2PPE2,Substrate,A0A1W2PPE2
Q9NW82,Substrate,Q9NW82
A0A075B706,Substrate,A0A075B706
P57682,Substrate,P57682
Q92771,Substrate,Q92771
Q96EK2,Substrate,Q96EK2
P49721,Substrate,P49721
Q00341,Substrate,Q00341
Q07973,Substrate,Q07973
O95049,Substrate,O95049
P52888,Substrate,P52888
P47900,Substrate,P47900
Q6UX68,Substrate,Q6UX68
Q8N3F0,Substrate,Q8N3F0
Q92737,Substrate,Q92737
Q5VXT5,Substrate,Q5VXT5
Q9ULK2,Substrate,Q9ULK2
Q6ZTN6,Substrate,Q6ZTN6
Q8WZ33,Substrate,Q8WZ33
Q8IV33,Substrate,Q8IV33
P48029,Substrate,P48029
Q53S58,Substrate,Q53S58
P01889,Substrate,P01889
P30968,Substrate,P30968
Q4G0S4,Substrate,Q4G0S4
A0A0U1RRE5,Substrate,A0A0U1RRE5
Q8IY18,Substrate,Q8IY18
Q8TDU9,Substrate,Q8TDU9
Q86WC6,Substrate,Q86WC6
P25942,Substrate,P25942
Q9H7T0,Substrate,Q9H7T0
Q9NW13,Substrate,Q9NW13
O75663,Substrate,O75663
P00747,Substrate,P00747
P85299,Substrate,P85299
O75078,Substrate,O75078
Q96A54,Substrate,Q96A54
P06241,Substrate,P06241
P07101,Substrate,P07101
A6NJI9,Substrate,A6NJI9
O43281,Substrate,O43281
O43586,Substrate,O43586
Q14602,Substrate,Q14602
P11274,Substrate,P11274
P13640,Substrate,P13640
P04424,Substrate,P04424
Q9Y6R1,Substrate,Q9Y6R1
Q96CG8,Substrate,Q96CG8
P32942,Substrate,P32942
Q8N122,Substrate,Q8N122
P59535,Substrate,P59535
A6NJU9,Substrate,A6NJU9
Q8NET5,Substrate,Q8NET5
P00414,Substrate,P00414
Q9P0U3,Substrate,Q9P0U3
P34931,Substrate,P34931
Q8IZE3,Substrate,Q8IZE3
Q86XR2,Substrate,Q86XR2
Q06609,Substrate,Q06609
Q6P3W7,Substrate,Q6P3W7
Q1RN00,Substrate,Q1RN00
Q9BVJ7,Substrate,Q9BVJ7
Q9NX95,Substrate,Q9NX95
Q13574,Substrate,Q13574
Q8IU57,Substrate,Q8IU57
O60381,Substrate,O60381
Q9UEW3,Substrate,Q9UEW3
Q92551,Substrate,Q92551
P0DJD0,Substrate,P0DJD0
P61599,Substrate,P61599
Q9H501,Substrate,Q9H501
Q07687,Substrate,Q07687
P57679,Substrate,P57679
Q9BTZ2,Substrate,Q9BTZ2
Q8N104,Substrate,Q8N104
Q13888,Substrate,Q13888
P14770,Substrate,P14770
Q8IVV7,E3,Q8IVV7
P16144,Substrate,P16144
Q9NXR7,Substrate,Q9NXR7
O96004,Substrate,O96004
P35410,Substrate,P35410
P13164,Substrate,P13164
Q9UGM5,Substrate,Q9UGM5
Q14119,Substrate,Q14119
Q7L7L0,Substrate,Q7L7L0
A0A455ZAR2,Substrate,A0A455ZAR2
P0DTA3,Substrate,P0DTA3
P19237,Substrate,P19237
Q16825,Substrate,Q16825
Q86UP0,Substrate,Q86UP0
P0DP09,Substrate,P0DP09
Q14CS0,Substrate,Q14CS0
Q92698,Substrate,Q92698
Q99755,Substrate,Q99755
Q6BEB4,Substrate,Q6BEB4
Q4G0X4,Substrate,Q4G0X4
Q8NGZ3,Substrate,Q8NGZ3
P11216,Substrate,P11216
O75832,Substrate,O75832
C0HM98,Substrate,C0HM98
Q9BTP6,Substrate,Q9BTP6
O75604,Substrate,O75604
Q9Y248,Substrate,Q9Y248
P15421,Substrate,P15421
Q8IWX7,Substrate,Q8IWX7
Q495N2,Substrate,Q495N2
B1ATL7,Substrate,B1ATL7
O95522,Substrate,O95522
P51689,Substrate,P51689
O94955,E3,O94955
Q6TDP4,E3,Q6TDP4
Q9GZK4,Substrate,Q9GZK4
Q99569,Substrate,Q99569
O75578,Substrate,O75578
Q9H2G9,Substrate,Q9H2G9
O60844,Substrate,O60844
Q9Y3S2,Substrate,Q9Y3S2
Q5VXJ0,Substrate,Q5VXJ0
A0A0A0MRZ9,Substrate,A0A0A0MRZ9
P48544,Substrate,P48544
P53677,Substrate,P53677
Q969E2,Substrate,Q969E2
Q9UH17,Substrate,Q9UH17
Q07507,Substrate,Q07507
Q8NHB7,Substrate,Q8NHB7
Q9Y576,E3,Q9Y576
A0A7I2V3R4,Substrate,A0A7I2V3R4
O95843,Substrate,O95843
Q8IXA5,Substrate,Q8IXA5
P31153,Substrate,P31153
Q92935,Substrate,Q92935
P54792,Substrate,P54792
Q9H1A4,Substrate,Q9H1A4
Q8IVK1,Substrate,Q8IVK1
P05014,Substrate,P05014
Q9NZ01,Substrate,Q9NZ01
P0DX01,Substrate,P0DX01
Q0VFZ6,Substrate,Q0VFZ6
Q53SF7,Substrate,Q53SF7
Q14781,Substrate,Q14781
P51965,Substrate,P51965
Q9NYR9,Substrate,Q9NYR9
P07437,Substrate,P07437
P10916,Substrate,P10916
P06340,Substrate,P06340
Q6ZNG1,Substrate,Q6ZNG1
Q9BUN1,Substrate,Q9BUN1
Q8NGX2,Substrate,Q8NGX2
A6NH57,Substrate,A6NH57
O00180,Substrate,O00180
Q8IYI8,Substrate,Q8IYI8
Q9BYX7,Substrate,Q9BYX7
Q8TBC4,Substrate,Q8TBC4
Q9NWN3,E3,Q9NWN3
Q6ZWJ8,Substrate,Q6ZWJ8
Q8N7X0,Substrate,Q8N7X0
Q2V2M9,Substrate,Q2V2M9
A8MQ14,Substrate,A8MQ14
Q7Z6I8,Substrate,Q7Z6I8
Q8NHC4,Substrate,Q8NHC4
Q96PB8,Substrate,Q96PB8
P17026,Substrate,P17026
Q9UNS2,Substrate,Q9UNS2
Q9UJA2,Substrate,Q9UJA2
P30291,Substrate,P30291
Q9NZT2,Substrate,Q9NZT2
Q8N344,Substrate,Q8N344
Q14669,E3,Q14669
Q6NXP0,Substrate,Q6NXP0
Q96NX9,Substrate,Q96NX9
O15347,Substrate,O15347
E2RYF7,Substrate,E2RYF7
P17275,Substrate,P17275
P0C2S0,Substrate,P0C2S0
Q9H3F6,E3,Q9H3F6
Q5BJH7,Substrate,Q5BJH7
Q9Y2J4,Substrate,Q9Y2J4
Q8NDV2,Substrate,Q8NDV2
O76021,Substrate,O76021
P51684,Substrate,P51684
Q9BY42,Substrate,Q9BY42
P61019,Substrate,P61019
Q5MNZ6,Substrate,Q5MNZ6
P10696,Substrate,P10696
Q00610,Substrate,Q00610
O75747,Substrate,O75747
P00338,Substrate,P00338
P60508,Substrate,P60508
P45379,Substrate,P45379
Q60I27,Substrate,Q60I27
Q6UW01,Substrate,Q6UW01
B3KS81,Substrate,B3KS81
Q9NS87,Substrate,Q9NS87
Q32M92,Substrate,Q32M92
Q8N680,Substrate,Q8N680
Q8N5C1,Substrate,Q8N5C1
Q02325,Substrate,Q02325
Q9BQ61,Substrate,Q9BQ61
Q96CD0,Substrate,Q96CD0
Q96SW2,E3,Q96SW2
P00374,Substrate,P00374
Q9H0N5,Substrate,Q9H0N5
Q01831,Substrate,Q01831
Q96I59,Substrate,Q96I59
Q93073,Substrate,Q93073
P28476,Substrate,P28476
O75182,Substrate,O75182
P59539,Substrate,P59539
O75175,Substrate,O75175
Q8IZ96,Substrate,Q8IZ96
Q8TEY7,Substrate,Q8TEY7
Q9Y657,Substrate,Q9Y657
Q8NDB6,Substrate,Q8NDB6
P63316,Substrate,P63316
Q9H114,Substrate,Q9H114
Q9NX14,Substrate,Q9NX14
B9EJG8,Substrate,B9EJG8
Q8N4L1,Substrate,Q8N4L1
P62701,Substrate,P62701
Q9UQ05,Substrate,Q9UQ05
Q5T4D3,Substrate,Q5T4D3
Q96KP1,Substrate,Q96KP1
P49840,Substrate,P49840
Q9Y271,Substrate,Q9Y271
Q5T7V8,Substrate,Q5T7V8
Q8N394,Substrate,Q8N394
O75508,Substrate,O75508
Q9Y2D9,Substrate,Q9Y2D9
Q8IV77,Substrate,Q8IV77
Q9H3L0,Substrate,Q9H3L0
Q8WU90,Substrate,Q8WU90
Q6ZSV7,Substrate,Q6ZSV7
Q5XG99,Substrate,Q5XG99
Q14831,Substrate,Q14831
Q96PQ6,Substrate,Q96PQ6
Q6ZNC4,Substrate,Q6ZNC4
Q9Y2W6,Substrate,Q9Y2W6
P43004,Substrate,P43004
P83436,Substrate,P83436
P08579,Substrate,P08579
Q9BWM7,Substrate,Q9BWM7
P12524,Substrate,P12524
P83110,Substrate,P83110
Q15276,Substrate,Q15276
Q9H9B4,Substrate,Q9H9B4
Q7RTV2,Substrate,Q7RTV2
Q9UP95,Substrate,Q9UP95
P59817,Substrate,P59817
Q9Y616,Substrate,Q9Y616
O75912,Substrate,O75912
P07510,Substrate,P07510
Q9P289,Substrate,Q9P289
O95832,Substrate,O95832
Q96C45,Substrate,Q96C45
Q5JTZ5,Substrate,Q5JTZ5
O43524,Substrate,O43524
Q9Y5T4,Substrate,Q9Y5T4
Q9C000,Substrate,Q9C000
O14662,Substrate,O14662
Q8N7F7,Substrate,Q8N7F7
Q99612,Substrate,Q99612
Q5T7P6,Substrate,Q5T7P6
Q8TD17,Substrate,Q8TD17
O60566,Substrate,O60566
Q15154,Substrate,Q15154
A0A0J9YX75,Substrate,A0A0J9YX75
Q6UB35,Substrate,Q6UB35
Q8WVR3,Substrate,Q8WVR3
Q5VWQ0,Substrate,Q5VWQ0
Q9Y5A7,Substrate,Q9Y5A7
Q96PZ2,Substrate,Q96PZ2
Q765P7,Substrate,Q765P7
O75204,Substrate,O75204
A0A0A0MS05,Substrate,A0A0A0MS05
Q9UJH8,Substrate,Q9UJH8
Q8NGU4,Substrate,Q8NGU4
Q96PD6,Substrate,Q96PD6
Q86VD1,Substrate,Q86VD1
Q96LA8,Substrate,Q96LA8
Q5VVM6,Substrate,Q5VVM6
Q9NP71,Substrate,Q9NP71
Q96CS4,Substrate,Q96CS4
Q9UKW4,Substrate,Q9UKW4
Q8NGE5,Substrate,Q8NGE5
Q96JP9,Substrate,Q96JP9
Q96E39,Substrate,Q96E39
Q96F46,Substrate,Q96F46
O76011,Substrate,O76011
Q49A88,Substrate,Q49A88
Q9UP38,Substrate,Q9UP38
Q8NGE3,Substrate,Q8NGE3
Q8TEL6,E3,Q8TEL6
Q9BTT4,Substrate,Q9BTT4
Q86XE5,Substrate,Q86XE5
Q6P280,Substrate,Q6P280
Q9Y3Y4,Substrate,Q9Y3Y4
Q8NFZ4,Substrate,Q8NFZ4
Q6UXY1,Substrate,Q6UXY1
Q07889,Substrate,Q07889
Q8WXH5,E3,Q8WXH5
Q96B54,Substrate,Q96B54
P40967,Substrate,P40967
Q96A09,Substrate,Q96A09
P0DTE8,Substrate,P0DTE8
Q92817,Substrate,Q92817
P62072,Substrate,P62072
P42127,Substrate,P42127
P13807,Substrate,P13807
Q06203,Substrate,Q06203
P35813,Substrate,P35813
Q6ZRP5,Substrate,Q6ZRP5
P30566,Substrate,P30566
P04732,Substrate,P04732
Q96MC4,Substrate,Q96MC4
Q9Y336,Substrate,Q9Y336
A0A0J9YXG5,Substrate,A0A0J9YXG5
Q8IYL9,Substrate,Q8IYL9
Q86TL2,Substrate,Q86TL2
Q12899,E3,Q12899
Q8NFP0,Substrate,Q8NFP0
P16233,Substrate,P16233
O00602,Substrate,O00602
Q5RL73,Substrate,Q5RL73
P0DPB3,Substrate,P0DPB3
Q6P9F5,Substrate,Q6P9F5
Q8TCT7,Substrate,Q8TCT7
Q8NCU1,Substrate,Q8NCU1
Q9Y570,Substrate,Q9Y570
Q9UJ04,Substrate,Q9UJ04
A0A075B6Y3,Substrate,A0A075B6Y3
Q92819,Substrate,Q92819
Q13571,Substrate,Q13571
Q5JTV8,Substrate,Q5JTV8
Q6IB77,Substrate,Q6IB77
P0DP24,Substrate,P0DP24
P19838,Substrate,P19838
O94810,Substrate,O94810
Q9BVT8,Substrate,Q9BVT8
Q8IUX1,Substrate,Q8IUX1
Q9Y675,Substrate,Q9Y675
A0A0C4DH30,Substrate,A0A0C4DH30
Q16661,Substrate,Q16661
P34059,Substrate,P34059
Q9H2U1,Substrate,Q9H2U1
Q3KNW5,Substrate,Q3KNW5
Q5T5U3,Substrate,Q5T5U3
Q7RTU9,Substrate,Q7RTU9
Q9P0K9,Substrate,Q9P0K9
Q9UJL9,Substrate,Q9UJL9
Q8NFY9,E3,Q8NFY9
Q9H967,Substrate,Q9H967
Q9NRF2,Substrate,Q9NRF2
Q6WKZ4,Substrate,Q6WKZ4
Q99678,Substrate,Q99678
Q9UN73,Substrate,Q9UN73
Q9Y2C4,Substrate,Q9Y2C4
Q8N807,Substrate,Q8N807
P53778,Substrate,P53778
Q96Q40,Substrate,Q96Q40
Q9HBE1,Substrate,Q9HBE1
P61081,Substrate,P61081
P37058,Substrate,P37058
Q70JA7,Substrate,Q70JA7
Q16478,Substrate,Q16478
A0A1B0GVX0,Substrate,A0A1B0GVX0
P0CW01,Substrate,P0CW01
Q96S65,Substrate,Q96S65
Q8WUF5,Substrate,Q8WUF5
Q12904,Substrate,Q12904
P0CG23,Substrate,P0CG23
P57081,Substrate,P57081
P59538,Substrate,P59538
O43633,Substrate,O43633
Q3B7J2,Substrate,Q3B7J2
Q8NHS4,Substrate,Q8NHS4
P49863,Substrate,P49863
Q92874,Substrate,Q92874
P17693,Substrate,P17693
Q9NY27,Substrate,Q9NY27
O95670,Substrate,O95670
Q9Y2H1,Substrate,Q9Y2H1
O60240,Substrate,O60240
Q9H9S0,Substrate,Q9H9S0
Q8NC74,Substrate,Q8NC74
Q9BXL7,Substrate,Q9BXL7
Q9UHD8,Substrate,Q9UHD8
O95231,Substrate,O95231
Q16626,Substrate,Q16626
P17655,Substrate,P17655
Q5TZ20,Substrate,Q5TZ20
Q5QJ74,Substrate,Q5QJ74
Q8TEB9,Substrate,Q8TEB9
Q9UHK0,Substrate,Q9UHK0
Q92831,Substrate,Q92831
P17787,Substrate,P17787
Q6ZS62,Substrate,Q6ZS62
Q2TAA2,Substrate,Q2TAA2
Q5HYI7,Substrate,Q5HYI7
Q8NHP6,Substrate,Q8NHP6
P14209,Substrate,P14209
A0A0A6YYK4,Substrate,A0A0A6YYK4
Q8N4C8,Substrate,Q8N4C8
O75865,Substrate,O75865
Q8NHW6,Substrate,Q8NHW6
Q71RG6,Substrate,Q71RG6
Q9Y3B3,Substrate,Q9Y3B3
P33032,Substrate,P33032
Q96KR4,Substrate,Q96KR4
Q969T7,Substrate,Q969T7
Q9UKZ1,Substrate,Q9UKZ1
Q99969,Substrate,Q99969
P0C7V0,Substrate,P0C7V0
O60384,Substrate,O60384
O94760,Substrate,O94760
Q63HK5,Substrate,Q63HK5
Q9Y4I1,Substrate,Q9Y4I1
Q9H5Q4,Substrate,Q9H5Q4
Q8N726,Substrate,Q8N726
Q9HBU1,Substrate,Q9HBU1
Q8TF47,Substrate,Q8TF47
Q96MH6,Substrate,Q96MH6
P0CK96,Substrate,P0CK96
P10153,Substrate,P10153
P53985,Substrate,P53985
Q70Z53,Substrate,Q70Z53
Q8TAQ5,Substrate,Q8TAQ5
O75190,Substrate,O75190
Q8IVW1,Substrate,Q8IVW1
Q96J02,E3,Q96J02
Q9BXU2,Substrate,Q9BXU2
Q96FE5,Substrate,Q96FE5
O14578,Substrate,O14578
Q14839,Substrate,Q14839
P45974,Substrate,P45974
Q9Y4W2,Substrate,Q9Y4W2
Q9BY77,Substrate,Q9BY77
Q9NR50,Substrate,Q9NR50
Q8N7S6,Substrate,Q8N7S6
Q9GZU0,Substrate,Q9GZU0
Q16774,Substrate,Q16774
Q9UL59,Substrate,Q9UL59
O95967,Substrate,O95967
O15523,Substrate,O15523
Q8WXF5,Substrate,Q8WXF5
O14863,Substrate,O14863
A6NK02,Substrate,A6NK02
Q9H079,Substrate,Q9H079
Q13112,Substrate,Q13112
A4D1B5,Substrate,A4D1B5
A8K830,Substrate,A8K830
Q8TBM7,Substrate,Q8TBM7
Q8NHV4,Substrate,Q8NHV4
Q9BWH6,Substrate,Q9BWH6
Q15418,Substrate,Q15418
P16070,Substrate,P16070
Q9BZR6,Substrate,Q9BZR6
Q9UQL6,Substrate,Q9UQL6
Q9UPN9,E3,Q9UPN9
A6NKF1,Substrate,A6NKF1
Q96R05,Substrate,Q96R05
P27482,Substrate,P27482
O75110,Substrate,O75110
Q8N8A6,Substrate,Q8N8A6
A4D1F6,Substrate,A4D1F6
P05013,Substrate,P05013
P43694,Substrate,P43694
Q9H553,Substrate,Q9H553
Q66PJ3,Substrate,Q66PJ3
P22460,Substrate,P22460
Q70Z44,Substrate,Q70Z44
Q9BU40,Substrate,Q9BU40
Q6JVE6,Substrate,Q6JVE6
P15813,Substrate,P15813
Q86XG9,Substrate,Q86XG9
Q15915,Substrate,Q15915
P0C221,Substrate,P0C221
P33947,Substrate,P33947
Q14190,Substrate,Q14190
P34925,Substrate,P34925
O75185,Substrate,O75185
Q5PRF9,Substrate,Q5PRF9
Q9H4T2,Substrate,Q9H4T2
Q9UKZ9,Substrate,Q9UKZ9
P19105,Substrate,P19105
Q86Y27,Substrate,Q86Y27
Q8NAC3,Substrate,Q8NAC3
Q6UWP7,Substrate,Q6UWP7
Q9NPG1,Substrate,Q9NPG1
P0DUX0,Substrate,P0DUX0
P47974,Substrate,P47974
Q9BRN9,Substrate,Q9BRN9
P11226,Substrate,P11226
P02778,Substrate,P02778
Q8NGY0,Substrate,Q8NGY0
Q16653,Substrate,Q16653
Q9UNP9,Substrate,Q9UNP9
Q86VI4,Substrate,Q86VI4
Q14134,Substrate,Q14134
Q9NRY4,Substrate,Q9NRY4
Q07343,Substrate,Q07343
O15243,Substrate,O15243
P00750,Substrate,P00750
Q9GZS3,Substrate,Q9GZS3
Q5XG87,Substrate,Q5XG87
P0DW14,Substrate,P0DW14
Q8WYN0,Substrate,Q8WYN0
Q8N4L8,Substrate,Q8N4L8
Q92681,Substrate,Q92681
Q8TF40,Substrate,Q8TF40
P0C7V8,Substrate,P0C7V8
A1A580,Substrate,A1A580
O75949,Substrate,O75949
Q9BT17,Substrate,Q9BT17
Q9H902,Substrate,Q9H902
Q8NHA8,Substrate,Q8NHA8
Q5H9U9,Substrate,Q5H9U9
P00492,Substrate,P00492
Q6GPH4,Substrate,Q6GPH4
A6NDI0,Substrate,A6NDI0
Q16875,Substrate,Q16875
Q9BYH8,Substrate,Q9BYH8
Q9Y697,Substrate,Q9Y697
Q9NSG2,Substrate,Q9NSG2
Q99502,Substrate,Q99502
Q8NGV7,Substrate,Q8NGV7
P50391,Substrate,P50391
Q86YM7,Substrate,Q86YM7
Q16186,Substrate,Q16186
P21675,Substrate,P21675
O95562,Substrate,O95562
Q9Y5L0,Substrate,Q9Y5L0
Q4ZG55,Substrate,Q4ZG55
Q9H598,Substrate,Q9H598
Q70IA8,Substrate,Q70IA8
Q9UBD6,Substrate,Q9UBD6
Q9H3Z7,Substrate,Q9H3Z7
Q14515,Substrate,Q14515
Q8NEY8,Substrate,Q8NEY8
P0DMU9,Substrate,P0DMU9
Q16827,Substrate,Q16827
Q9UDY6,E3,Q9UDY6
A0A075B6H9,Substrate,A0A075B6H9
Q7Z4Y8,Substrate,Q7Z4Y8
Q5DX21,Substrate,Q5DX21
Q0VDI3,Substrate,Q0VDI3
Q6ZV29,Substrate,Q6ZV29
Q9BYN7,Substrate,Q9BYN7
Q71F78,Substrate,Q71F78
Q2KHT3,Substrate,Q2KHT3
P42695,Substrate,P42695
Q9NRC8,Substrate,Q9NRC8
Q8IVJ1,Substrate,Q8IVJ1
Q6NTE8,Substrate,Q6NTE8
P01703,Substrate,P01703
Q6X784,Substrate,Q6X784
Q9NUQ9,Substrate,Q9NUQ9
P08729,Substrate,P08729
Q2TB90,Substrate,Q2TB90
Q9P206,Substrate,Q9P206
Q8TDS7,Substrate,Q8TDS7
O14493,Substrate,O14493
Q13939,Substrate,Q13939
Q9Y6D5,Substrate,Q9Y6D5
Q96RI9,Substrate,Q96RI9
Q6ZSM3,Substrate,Q6ZSM3
P01594,Substrate,P01594
P13073,Substrate,P13073
Q9P0W8,Substrate,Q9P0W8
Q16082,Substrate,Q16082
Q96HH9,Substrate,Q96HH9
Q5T1S8,Substrate,Q5T1S8
Q8NCU4,Substrate,Q8NCU4
O00189,Substrate,O00189
P20700,Substrate,P20700
Q1L5Z9,Substrate,Q1L5Z9
A8MVZ5,Substrate,A8MVZ5
O43175,Substrate,O43175
Q5BKY9,Substrate,Q5BKY9
Q12981,Substrate,Q12981
Q14165,Substrate,Q14165
Q96IK1,Substrate,Q96IK1
P15172,Substrate,P15172
A0A1B0GWH4,Substrate,A0A1B0GWH4
P52744,Substrate,P52744
Q6ZR52,Substrate,Q6ZR52
Q6ZNC8,Substrate,Q6ZNC8
Q9HC23,Substrate,Q9HC23
P52849,Substrate,P52849
O95751,Substrate,O95751
P21128,Substrate,P21128
O15354,Substrate,O15354
P63146,Substrate,P63146
Q9BYD3,Substrate,Q9BYD3
Q9NR97,Substrate,Q9NR97
Q96PB1,Substrate,Q96PB1
Q969W0,Substrate,Q969W0
P39748,Substrate,P39748
Q96LW2,Substrate,Q96LW2
Q9UKR3,Substrate,Q9UKR3
Q9Y5K1,Substrate,Q9Y5K1
A8MXK1,Substrate,A8MXK1
Q13237,Substrate,Q13237
O60667,Substrate,O60667
Q9Y2Z9,Substrate,Q9Y2Z9
O95248,Substrate,O95248
Q5M8T2,Substrate,Q5M8T2
P19099,Substrate,P19099
Q96AB6,Substrate,Q96AB6
Q9UH77,E3,Q9UH77
P14652,Substrate,P14652
Q86Z14,Substrate,Q86Z14
P61968,Substrate,P61968
Q3KR16,Substrate,Q3KR16
Q66K74,Substrate,Q66K74
Q9UIF3,Substrate,Q9UIF3
O95484,Substrate,O95484
Q6P2C8,Substrate,Q6P2C8
Q9UI09,Substrate,Q9UI09
A0A0J9YWL9,Substrate,A0A0J9YWL9
Q15078,Substrate,Q15078
Q8NBE8,Substrate,Q8NBE8
Q9GZL8,Substrate,Q9GZL8
P22607,Substrate,P22607
A0A0C4DH34,Substrate,A0A0C4DH34
Q8NHC5,Substrate,Q8NHC5
P12018,Substrate,P12018
Q8IXT2,Substrate,Q8IXT2
O94777,Substrate,O94777
Q5VT52,Substrate,Q5VT52
Q6UX71,Substrate,Q6UX71
Q9Y600,Substrate,Q9Y600
P05154,Substrate,P05154
Q9HCG8,Substrate,Q9HCG8
Q5TCM9,Substrate,Q5TCM9
P55283,Substrate,P55283
Q9Y5Q3,Substrate,Q9Y5Q3
A0PJE2,Substrate,A0PJE2
O60921,Substrate,O60921
Q96BT3,Substrate,Q96BT3
A0A0J9YXA8,Substrate,A0A0J9YXA8
P28067,Substrate,P28067
F8VTS6,Substrate,F8VTS6
Q8N5G2,Substrate,Q8N5G2
Q9NRR6,Substrate,Q9NRR6
Q9UQC2,Substrate,Q9UQC2
Q9Y3C8,Substrate,Q9Y3C8
P38435,Substrate,P38435
Q5TAB7,Substrate,Q5TAB7
A2RUT3,Substrate,A2RUT3
Q96G21,Substrate,Q96G21
Q8WYQ9,Substrate,Q8WYQ9
Q6P589,Substrate,Q6P589
Q8N9W7,Substrate,Q8N9W7
A6NNM8,Substrate,A6NNM8
Q8NEY3,Substrate,Q8NEY3
P14649,Substrate,P14649
Q9UQB9,Substrate,Q9UQB9
Q9ULV4,Substrate,Q9ULV4
Q66K64,E3,Q66K64
P34995,Substrate,P34995
Q14568,Substrate,Q14568
Q5VY09,Substrate,Q5VY09
O43294,Substrate,O43294
Q9NY59,Substrate,Q9NY59
Q9UQV4,Substrate,Q9UQV4
Q9BQ66,Substrate,Q9BQ66
Q15628,Substrate,Q15628
P63172,Substrate,P63172
Q96BJ3,Substrate,Q96BJ3
Q9BWW9,Substrate,Q9BWW9
P0C0E4,Substrate,P0C0E4
Q8NAP3,Substrate,Q8NAP3
P27487,Substrate,P27487
P24278,Substrate,P24278
Q8NI36,Substrate,Q8NI36
Q5SQS7,Substrate,Q5SQS7
Q96NJ5,Substrate,Q96NJ5
P61018,Substrate,P61018
Q6GTX8,Substrate,Q6GTX8
Q9HBK9,Substrate,Q9HBK9
Q6UWF5,Substrate,Q6UWF5
Q9Y3D7,Substrate,Q9Y3D7
Q9NZL3,Substrate,Q9NZL3
P17600,Substrate,P17600
Q96JM7,Substrate,Q96JM7
Q9H2A2,Substrate,Q9H2A2
Q99932,Substrate,Q99932
Q9NR81,Substrate,Q9NR81
B1AH88,Substrate,B1AH88
P01130,Substrate,P01130
P62826,Substrate,P62826
Q68D86,Substrate,Q68D86
P32121,Substrate,P32121
P12956,Substrate,P12956
Q9HCL0,Substrate,Q9HCL0
Q9UBP8,Substrate,Q9UBP8
P54709,Substrate,P54709
Q8TCT9,Substrate,Q8TCT9
O43353,Substrate,O43353
P61163,Substrate,P61163
P07996,Substrate,P07996
P82664,Substrate,P82664
P41250,Substrate,P41250
Q8N6U8,Substrate,Q8N6U8
Q9Y247,Substrate,Q9Y247
O15321,Substrate,O15321
Q9BYD1,Substrate,Q9BYD1
Q9H7C4,Substrate,Q9H7C4
Q9P003,Substrate,Q9P003
Q96MU8,Substrate,Q96MU8
Q10587,Substrate,Q10587
O60613,Substrate,O60613
Q8IUR7,E3,Q8IUR7
Q6P1A2,Substrate,Q6P1A2
Q8IV56,Substrate,Q8IV56
Q9C0H9,Substrate,Q9C0H9
A6NNT2,Substrate,A6NNT2
Q9UBM4,Substrate,Q9UBM4
Q8TCX5,Substrate,Q8TCX5
Q9H4G0,Substrate,Q9H4G0
Q14832,Substrate,Q14832
Q96HR3,Substrate,Q96HR3
O43150,Substrate,O43150
Q8NGL9,Substrate,Q8NGL9
Q9H190,Substrate,Q9H190
Q8NFW1,Substrate,Q8NFW1
Q14289,Substrate,Q14289
Q8IXI2,Substrate,Q8IXI2
P02787,Substrate,P02787
A0A0C4DH55,Substrate,A0A0C4DH55
O43921,Substrate,O43921
Q7L804,Substrate,Q7L804
Q86UD0,Substrate,Q86UD0
Q92900,Substrate,Q92900
Q9NQ79,Substrate,Q9NQ79
O75400,Substrate,O75400
Q13753,Substrate,Q13753
O43657,Substrate,O43657
Q9P2R7,Substrate,Q9P2R7
Q16385,Substrate,Q16385
Q8NE00,Substrate,Q8NE00
P0DN87,Substrate,P0DN87
Q86UC2,Substrate,Q86UC2
P48995,Substrate,P48995
Q9NQS1,Substrate,Q9NQS1
O43307,Substrate,O43307
Q96D03,Substrate,Q96D03
Q8WV74,Substrate,Q8WV74
Q8TDV2,Substrate,Q8TDV2
P0DW11,Substrate,P0DW11
Q7Z7M8,Substrate,Q7Z7M8
Q8WWF6,Substrate,Q8WWF6
Q9BW11,Substrate,Q9BW11
Q8WVI0,Substrate,Q8WVI0
Q8N5D0,Substrate,Q8N5D0
P59052,Substrate,P59052
Q9NPQ8,Substrate,Q9NPQ8
Q5T7R7,Substrate,Q5T7R7
Q8WVN6,Substrate,Q8WVN6
O95857,Substrate,O95857
Q5U5Z8,Substrate,Q5U5Z8
P36915,Substrate,P36915
P59045,Substrate,P59045
Q96EX2,E3,Q96EX2
P21918,Substrate,P21918
O60488,Substrate,O60488
Q9H668,Substrate,Q9H668
Q9NZH4,Substrate,Q9NZH4
P30307,Substrate,P30307
Q13336,Substrate,Q13336
Q13868,Substrate,Q13868
Q9NZD1,Substrate,Q9NZD1
P51797,Substrate,P51797
Q8WXW3,Substrate,Q8WXW3
Q14393,Substrate,Q14393
Q9NPC2,Substrate,Q9NPC2
Q96RQ9,Substrate,Q96RQ9
A0A0A6YYJ7,Substrate,A0A0A6YYJ7
Q86YR6,Substrate,Q86YR6
Q9Y2G0,Substrate,Q9Y2G0
Q9HB29,Substrate,Q9HB29
Q9Y4P1,Substrate,Q9Y4P1
Q53GQ0,Substrate,Q53GQ0
Q8TAW3,Substrate,Q8TAW3
P45984,Substrate,P45984
Q96M96,Substrate,Q96M96
Q7Z4L0,Substrate,Q7Z4L0
Q9HAQ2,Substrate,Q9HAQ2
O43506,Substrate,O43506
Q658K8,Substrate,Q658K8
P28715,Substrate,P28715
P31947,Substrate,P31947
P20807,Substrate,P20807
P07333,Substrate,P07333
Q96LK0,Substrate,Q96LK0
O14625,Substrate,O14625
P23396,Substrate,P23396
P08908,Substrate,P08908
Q96R72,Substrate,Q96R72
Q9Y5Z6,Substrate,Q9Y5Z6
Q5VV52,Substrate,Q5VV52
O96008,Substrate,O96008
Q96KF7,Substrate,Q96KF7
Q9NYM4,Substrate,Q9NYM4
P51790,Substrate,P51790
Q9BUK6,Substrate,Q9BUK6
Q8WVP7,Substrate,Q8WVP7
Q96CN7,Substrate,Q96CN7
P16260,Substrate,P16260
Q8TC56,Substrate,Q8TC56
A0A0B4J2A2,Substrate,A0A0B4J2A2
Q96C11,Substrate,Q96C11
Q86XS8,E3,Q86XS8
Q15102,Substrate,Q15102
Q7L4I2,Substrate,Q7L4I2
Q9H2S1,Substrate,Q9H2S1
P23919,Substrate,P23919
A8MWV9,Substrate,A8MWV9
Q9P2U8,Substrate,Q9P2U8
Q9H6B9,Substrate,Q9H6B9
Q16363,Substrate,Q16363
P01567,Substrate,P01567
Q6ZS11,Substrate,Q6ZS11
O15342,Substrate,O15342
M5A8F1,Substrate,M5A8F1
Q12778,Substrate,Q12778
Q96G27,Substrate,Q96G27
O15496,Substrate,O15496
Q9UGK8,Substrate,Q9UGK8
Q9UPQ8,Substrate,Q9UPQ8
Q969W1,Substrate,Q969W1
Q9BZG1,Substrate,Q9BZG1
Q6ZMU5,E3,Q6ZMU5
Q6PIV2,Substrate,Q6PIV2
O60331,Substrate,O60331
P55899,Substrate,P55899
A8MYZ6,Substrate,A8MYZ6
O00303,Substrate,O00303
P17019,Substrate,P17019
P32519,Substrate,P32519
Q13515,Substrate,Q13515
Q9ULN7,Substrate,Q9ULN7
O76027,Substrate,O76027
Q9P2C4,Substrate,Q9P2C4
Q9Y4H4,Substrate,Q9Y4H4
Q9NSD4,Substrate,Q9NSD4
A0PJX8,Substrate,A0PJX8
Q12797,Substrate,Q12797
P39905,Substrate,P39905
Q9P2B2,Substrate,Q9P2B2
O95992,Substrate,O95992
Q8WWZ3,Substrate,Q8WWZ3
Q9H1D0,Substrate,Q9H1D0
A5PLN7,Substrate,A5PLN7
O43296,Substrate,O43296
A0A2R8Y2Y2,Substrate,A0A2R8Y2Y2
Q96HS1,Substrate,Q96HS1
Q8N9N5,Substrate,Q8N9N5
Q8TC17,Substrate,Q8TC17
P0DJ07,Substrate,P0DJ07
Q06413,Substrate,Q06413
Q9NPG2,Substrate,Q9NPG2
Q8N9X3,Substrate,Q8N9X3
P19397,Substrate,P19397
Q7RTY1,Substrate,Q7RTY1
Q8WUX2,Substrate,Q8WUX2
Q8N6F1,Substrate,Q8N6F1
O95239,Substrate,O95239
P59796,Substrate,P59796
P41227,Substrate,P41227
Q68DU8,Substrate,Q68DU8
Q96GL9,Substrate,Q96GL9
Q9H0W7,Substrate,Q9H0W7
Q06587,E3,Q06587
Q5R387,Substrate,Q5R387
Q8IY42,Substrate,Q8IY42
Q8WX92,Substrate,Q8WX92
A8MWP4,Substrate,A8MWP4
Q13516,Substrate,Q13516
Q9UJW7,Substrate,Q9UJW7
Q14507,Substrate,Q14507
Q9H6T3,Substrate,Q9H6T3
Q86XP3,Substrate,Q86XP3
Q8WUN7,Substrate,Q8WUN7
A0A075B6K2,Substrate,A0A075B6K2
Q32P51,Substrate,Q32P51
Q6ZVH6,Substrate,Q6ZVH6
Q8IWV1,Substrate,Q8IWV1
P12755,Substrate,P12755
O43699,Substrate,O43699
O15130,Substrate,O15130
Q9UPS6,Substrate,Q9UPS6
Q07075,Substrate,Q07075
O43895,Substrate,O43895
Q9UHB6,Substrate,Q9UHB6
Q8WZ64,Substrate,Q8WZ64
Q9Y3D9,Substrate,Q9Y3D9
Q969Z0,Substrate,Q969Z0
Q9NPH3,Substrate,Q9NPH3
Q8N7H5,Substrate,Q8N7H5
P28907,Substrate,P28907
Q92858,Substrate,Q92858
Q5SQQ9,Substrate,Q5SQQ9
Q96I25,Substrate,Q96I25
P01700,Substrate,P01700
P24928,Substrate,P24928
Q7RTP6,Substrate,Q7RTP6
Q16378,Substrate,Q16378
Q7Z3U7,Substrate,Q7Z3U7
Q8IZF5,Substrate,Q8IZF5
Q3LXA3,Substrate,Q3LXA3
Q8TDN6,Substrate,Q8TDN6
Q12767,Substrate,Q12767
P35606,Substrate,P35606
Q5VSL9,Substrate,Q5VSL9
Q14242,Substrate,Q14242
O15013,Substrate,O15013
Q86SQ0,Substrate,Q86SQ0
Q9H1Y3,Substrate,Q9H1Y3
P41229,Substrate,P41229
Q5JTN6,Substrate,Q5JTN6
O76014,Substrate,O76014
Q9NYG5,E3,Q9NYG5
Q4L180,Substrate,Q4L180
P21266,Substrate,P21266
Q9BXL6,Substrate,Q9BXL6
P41231,Substrate,P41231
P13674,Substrate,P13674
P59051,Substrate,P59051
P08912,Substrate,P08912
Q9H5H4,Substrate,Q9H5H4
O43526,Substrate,O43526
O43164,E3,O43164
P21860,Substrate,P21860
Q7L099,Substrate,Q7L099
P11161,Substrate,P11161
Q86WU2,Substrate,Q86WU2
Q9NUA8,Substrate,Q9NUA8
P23416,Substrate,P23416
Q9XRX5,Substrate,Q9XRX5
P25021,Substrate,P25021
Q8N142,Substrate,Q8N142
P0C7V4,Substrate,P0C7V4
O14594,Substrate,O14594
Q99218,Substrate,Q99218
O95295,Substrate,O95295
Q9UKC9,E3,Q9UKC9
Q6EIG7,Substrate,Q6EIG7
Q30KQ1,Substrate,Q30KQ1
Q8WW01,Substrate,Q8WW01
P58397,Substrate,P58397
P51398,Substrate,P51398
O15344,E3,O15344
P56749,Substrate,P56749
Q8N8L2,Substrate,Q8N8L2
O15305,Substrate,O15305
P55084,Substrate,P55084
Q92630,E3,Q92630
Q9NPI1,Substrate,Q9NPI1
Q9BRG1,Substrate,Q9BRG1
Q86UF1,Substrate,Q86UF1
E0CX11,Substrate,E0CX11
A0A075B6S5,Substrate,A0A075B6S5
A0A0U1RRN3,Substrate,A0A0U1RRN3
Q9NQW1,Substrate,Q9NQW1
P51956,Substrate,P51956
Q13398,Substrate,Q13398
Q7Z3K6,Substrate,Q7Z3K6
P62333,Substrate,P62333
Q9GZS9,Substrate,Q9GZS9
P18074,Substrate,P18074
A0A0A0MS06,Substrate,A0A0A0MS06
P35367,Substrate,P35367
Q6UWW9,Substrate,Q6UWW9
P98082,Substrate,P98082
Q96MT0,Substrate,Q96MT0
Q7Z601,Substrate,Q7Z601
O15516,Substrate,O15516
Q9BRR0,Substrate,Q9BRR0
Q8TF66,Substrate,Q8TF66
Q8NCV1,Substrate,Q8NCV1
Q9BVV6,Substrate,Q9BVV6
Q30KP9,Substrate,Q30KP9
Q5TA81,Substrate,Q5TA81
A6NKX4,Substrate,A6NKX4
P55040,Substrate,P55040
A0A1B0GX78,Substrate,A0A1B0GX78
Q9H1E1,Substrate,Q9H1E1
Q13491,Substrate,Q13491
Q9NSE4,Substrate,Q9NSE4
Q9Y2A4,Substrate,Q9Y2A4
Q14D04,Substrate,Q14D04
Q96MW1,Substrate,Q96MW1
Q6ZMT1,Substrate,Q6ZMT1
Q9UBP4,Substrate,Q9UBP4
Q5DT21,Substrate,Q5DT21
P0DMS9,Substrate,P0DMS9
O75711,Substrate,O75711
P22692,Substrate,P22692
A6NDN3,Substrate,A6NDN3
Q9UJK0,Substrate,Q9UJK0
P57730,Substrate,P57730
Q9HC36,Substrate,Q9HC36
Q7L7X3,Substrate,Q7L7X3
Q5VWP2,Substrate,Q5VWP2
P58743,Substrate,P58743
Q8IW52,Substrate,Q8IW52
Q8N957,Substrate,Q8N957
Q13285,Substrate,Q13285
Q9Y508,E3,Q9Y508
Q49SQ1,Substrate,Q49SQ1
Q8NCC5,Substrate,Q8NCC5
Q8N264,Substrate,Q8N264
P25101,Substrate,P25101
Q9UN76,Substrate,Q9UN76
Q8WVV4,Substrate,Q8WVV4
Q96A26,Substrate,Q96A26
Q86UW6,Substrate,Q86UW6
P14314,Substrate,P14314
P61601,Substrate,P61601
Q8NE65,Substrate,Q8NE65
Q659A1,Substrate,Q659A1
P10163,Substrate,P10163
P48775,Substrate,P48775
Q8N8Z6,Substrate,Q8N8Z6
Q8IXJ6,Substrate,Q8IXJ6
Q9NU63,Substrate,Q9NU63
Q8N816,Substrate,Q8N816
Q13621,Substrate,Q13621
Q8TBG9,Substrate,Q8TBG9
Q969X1,Substrate,Q969X1
Q6STE5,Substrate,Q6STE5
Q5BKY1,Substrate,Q5BKY1
P0DTL6,Substrate,P0DTL6
Q9BYZ8,Substrate,Q9BYZ8
Q2QL34,Substrate,Q2QL34
Q53RT3,Substrate,Q53RT3
A0A075B6K0,Substrate,A0A075B6K0
Q9UKP4,Substrate,Q9UKP4
Q5VZK9,Substrate,Q5VZK9
Q6P3S1,Substrate,Q6P3S1
A0A1B0GVH4,Substrate,A0A1B0GVH4
O00337,Substrate,O00337
Q9NW15,Substrate,Q9NW15
Q6R327,E3,Q6R327
P0CI26,Substrate,P0CI26
P13805,Substrate,P13805
Q9Y6W3,Substrate,Q9Y6W3
Q14164,Substrate,Q14164
Q9BYR9,Substrate,Q9BYR9
P48739,Substrate,P48739
P09131,Substrate,P09131
O00253,Substrate,O00253
Q8IWW8,Substrate,Q8IWW8
Q9UJZ1,Substrate,Q9UJZ1
P31946,Substrate,P31946
P21854,Substrate,P21854
O95886,Substrate,O95886
Q5VWQ8,Substrate,Q5VWQ8
Q9Y2X0,Substrate,Q9Y2X0
Q08117,Substrate,Q08117
P05230,Substrate,P05230
Q8NGV5,Substrate,Q8NGV5
Q9Y316,Substrate,Q9Y316
Q9BY08,Substrate,Q9BY08
Q9ULJ8,Substrate,Q9ULJ8
P0C604,Substrate,P0C604
P04003,Substrate,P04003
Q03924,Substrate,Q03924
P56470,Substrate,P56470
Q96GA3,Substrate,Q96GA3
Q96GR4,Substrate,Q96GR4
P41968,Substrate,P41968
Q9C086,Substrate,Q9C086
Q96HP4,Substrate,Q96HP4
O15213,Substrate,O15213
Q15274,Substrate,Q15274
Q9UBF8,Substrate,Q9UBF8
P36871,Substrate,P36871
Q92540,Substrate,Q92540
Q9NV66,Substrate,Q9NV66
Q9HC77,Substrate,Q9HC77
Q9H165,Substrate,Q9H165
Q96E11,Substrate,Q96E11
Q14865,Substrate,Q14865
Q9H8W5,E3,Q9H8W5
Q9H3P2,Substrate,Q9H3P2
P36542,Substrate,P36542
Q9BXA6,Substrate,Q9BXA6
Q8IV04,Substrate,Q8IV04
Q96PG1,Substrate,Q96PG1
P26374,Substrate,P26374
Q8WUY9,Substrate,Q8WUY9
Q9P2Y4,Substrate,Q9P2Y4
Q9NP77,Substrate,Q9NP77
Q7Z7G0,Substrate,Q7Z7G0
P06746,Substrate,P06746
Q8WWT9,Substrate,Q8WWT9
Q9H1X3,Substrate,Q9H1X3
O95452,Substrate,O95452
Q5TC79,Substrate,Q5TC79
Q2M1P5,Substrate,Q2M1P5
Q00059,Substrate,Q00059
Q6PRD7,Substrate,Q6PRD7
Q02809,Substrate,Q02809
Q6ZMV7,Substrate,Q6ZMV7
Q9UNW1,Substrate,Q9UNW1
Q8WZA9,Substrate,Q8WZA9
P17900,Substrate,P17900
Q96AW1,Substrate,Q96AW1
Q9UPM8,Substrate,Q9UPM8
Q8WXG1,E3,Q8WXG1
Q9NWK9,Substrate,Q9NWK9
Q6UXB3,Substrate,Q6UXB3
Q9NTX5,Substrate,Q9NTX5
Q8NB91,Substrate,Q8NB91
Q15323,Substrate,Q15323
Q9NR56,Substrate,Q9NR56
Q8N8A8,Substrate,Q8N8A8
Q14549,Substrate,Q14549
Q8TBY0,Substrate,Q8TBY0
Q8N2I2,Substrate,Q8N2I2
Q86SM8,Substrate,Q86SM8
Q9NQ03,Substrate,Q9NQ03
Q15800,Substrate,Q15800
Q6PDA7,Substrate,Q6PDA7
P78371,Substrate,P78371
Q9UKM9,Substrate,Q9UKM9
P02795,Substrate,P02795
Q8TB24,Substrate,Q8TB24
Q6P1N0,Substrate,Q6P1N0
Q05BU3,Substrate,Q05BU3
Q8NGG0,Substrate,Q8NGG0
Q9GZS0,Substrate,Q9GZS0
P42263,Substrate,P42263
P67809,Substrate,P67809
K7EJ46,Substrate,K7EJ46
O43683,Substrate,O43683
Q9UKY1,Substrate,Q9UKY1
P19622,Substrate,P19622
P31040,Substrate,P31040
P45973,Substrate,P45973
Q8WU79,Substrate,Q8WU79
Q96D71,Substrate,Q96D71
Q6DD88,Substrate,Q6DD88
Q9BVG9,Substrate,Q9BVG9
A0A0B4J277,Substrate,A0A0B4J277
Q9Y397,Substrate,Q9Y397
Q9NYU1,Substrate,Q9NYU1
P25815,Substrate,P25815
Q5CZA5,Substrate,Q5CZA5
O60232,Substrate,O60232
Q9NWV8,Substrate,Q9NWV8
A6NGC4,Substrate,A6NGC4
Q9BV86,Substrate,Q9BV86
P18084,Substrate,P18084
Q9UI40,Substrate,Q9UI40
P53618,Substrate,P53618
P17480,Substrate,P17480
Q9UJU2,Substrate,Q9UJU2
Q16696,Substrate,Q16696
Q8TF21,Substrate,Q8TF21
P13725,Substrate,P13725
P24588,Substrate,P24588
O94972,E3,O94972
P07910,Substrate,P07910
Q96FZ7,Substrate,Q96FZ7
Q9Y478,Substrate,Q9Y478
Q9NV79,Substrate,Q9NV79
O15085,Substrate,O15085
A0A0B4J273,Substrate,A0A0B4J273
Q8N531,E3,Q8N531
Q8N9R0,Substrate,Q8N9R0
P15391,Substrate,P15391
P22466,Substrate,P22466
Q6XZF7,Substrate,Q6XZF7
P61803,Substrate,P61803
Q9UNI6,Substrate,Q9UNI6
P86481,Substrate,P86481
P36405,Substrate,P36405
P30556,Substrate,P30556
Q8N6N6,Substrate,Q8N6N6
Q7Z419,E3,Q7Z419
Q8TEJ3,E3,Q8TEJ3
O43781,Substrate,O43781
O75414,Substrate,O75414
Q96MU5,Substrate,Q96MU5
Q00005,Substrate,Q00005
P62891,Substrate,P62891
Q9ULB1,Substrate,Q9ULB1
Q92622,Substrate,Q92622
P10827,Substrate,P10827
A8MQT2,Substrate,A8MQT2
Q6ZPD8,Substrate,Q6ZPD8
Q9UNT1,Substrate,Q9UNT1
Q6IF00,Substrate,Q6IF00
Q93086,Substrate,Q93086
Q8NGC2,Substrate,Q8NGC2
Q63ZY3,Substrate,Q63ZY3
Q86XT9,Substrate,Q86XT9
O75787,Substrate,O75787
A8MZ36,Substrate,A8MZ36
Q96KN3,Substrate,Q96KN3
Q99759,Substrate,Q99759
Q99470,Substrate,Q99470
Q05DH4,Substrate,Q05DH4
Q9BZX2,Substrate,Q9BZX2
P02671,Substrate,P02671
Q8IWF2,Substrate,Q8IWF2
P20023,Substrate,P20023
O43665,Substrate,O43665
Q9UJS0,Substrate,Q9UJS0
Q9BQS2,Substrate,Q9BQS2
Q5T1A1,Substrate,Q5T1A1
P25325,Substrate,P25325
P09914,Substrate,P09914
Q6ICG6,Substrate,Q6ICG6
Q9BZA0,Substrate,Q9BZA0
Q13351,Substrate,Q13351
Q8NAJ2,Substrate,Q8NAJ2
Q9H579,Substrate,Q9H579
Q8N9T8,Substrate,Q8N9T8
Q13367,Substrate,Q13367
Q5TYW1,Substrate,Q5TYW1
Q9UNH5,Substrate,Q9UNH5
Q9BVJ6,Substrate,Q9BVJ6
Q15431,Substrate,Q15431
P21709,Substrate,P21709
C0HM83,Substrate,C0HM83
Q9H0H0,Substrate,Q9H0H0
Q9BSD7,Substrate,Q9BSD7
Q8N146,Substrate,Q8N146
Q8NH07,Substrate,Q8NH07
O14610,Substrate,O14610
Q9ULG1,Substrate,Q9ULG1
Q9NZ71,Substrate,Q9NZ71
Q9H0F5,E3,Q9H0F5
Q14954,Substrate,Q14954
P46379,Substrate,P46379
Q8WXA8,Substrate,Q8WXA8
Q6IV72,Substrate,Q6IV72
Q0VAF6,Substrate,Q0VAF6
P13598,Substrate,P13598
Q9H2V7,Substrate,Q9H2V7
Q96JT2,Substrate,Q96JT2
Q13492,Substrate,Q13492
P49767,Substrate,P49767
Q15485,Substrate,Q15485
Q9UPR0,Substrate,Q9UPR0
Q9NS37,Substrate,Q9NS37
P51114,Substrate,P51114
Q96HE7,Substrate,Q96HE7
P57087,Substrate,P57087
Q13277,Substrate,Q13277
P31268,Substrate,P31268
A4D1E1,Substrate,A4D1E1
A6NLE4,Substrate,A6NLE4
Q96P44,Substrate,Q96P44
Q496M5,Substrate,Q496M5
Q969E1,Substrate,Q969E1
Q9Y646,Substrate,Q9Y646
A2IDD5,Substrate,A2IDD5
Q08378,Substrate,Q08378
Q96DR7,Substrate,Q96DR7
Q6NT52,Substrate,Q6NT52
Q8TAF5,Substrate,Q8TAF5
O00322,Substrate,O00322
Q99576,Substrate,Q99576
P0C671,Substrate,P0C671
Q86SE5,Substrate,Q86SE5
Q9NZJ9,Substrate,Q9NZJ9
Q9H9A7,Substrate,Q9H9A7
Q5TEC3,Substrate,Q5TEC3
Q9BXJ5,Substrate,Q9BXJ5
P55073,Substrate,P55073
Q96Q07,Substrate,Q96Q07
Q8IYB4,Substrate,Q8IYB4
Q495W5,Substrate,Q495W5
Q8IWU2,Substrate,Q8IWU2
Q96EP9,Substrate,Q96EP9
Q9H3Q1,Substrate,Q9H3Q1
Q14596,Substrate,Q14596
Q71RG4,Substrate,Q71RG4
Q05952,Substrate,Q05952
A6NP11,Substrate,A6NP11
O94813,Substrate,O94813
Q13591,Substrate,Q13591
O14817,Substrate,O14817
Q9H2H0,Substrate,Q9H2H0
Q96P48,Substrate,Q96P48
A6NLU5,Substrate,A6NLU5
Q9NSI2,Substrate,Q9NSI2
Q9BQG1,Substrate,Q9BQG1
P61026,Substrate,P61026
Q6J4K2,Substrate,Q6J4K2
Q13021,Substrate,Q13021
Q330K2,Substrate,Q330K2
Q9NZ63,Substrate,Q9NZ63
Q86VL8,Substrate,Q86VL8
A2CJ06,Substrate,A2CJ06
Q96MT8,Substrate,Q96MT8
A0A0A0MT94,Substrate,A0A0A0MT94
Q9BYR8,Substrate,Q9BYR8
Q9UH92,Substrate,Q9UH92
A6NCL1,Substrate,A6NCL1
Q9UQR1,Substrate,Q9UQR1
Q5JT82,Substrate,Q5JT82
P08910,Substrate,P08910
O15529,Substrate,O15529
O00161,Substrate,O00161
Q9UMY1,Substrate,Q9UMY1
P15498,Substrate,P15498
B1AK53,Substrate,B1AK53
Q8NBB2,Substrate,Q8NBB2
Q9BRJ7,Substrate,Q9BRJ7
Q8TE60,Substrate,Q8TE60
O94919,Substrate,O94919
Q8IZQ5,Substrate,Q8IZQ5
Q92777,Substrate,Q92777
Q14586,Substrate,Q14586
Q9H1R3,Substrate,Q9H1R3
O60909,Substrate,O60909
Q1HG43,Substrate,Q1HG43
A0A1B0GVY4,Substrate,A0A1B0GVY4
Q9BXJ8,Substrate,Q9BXJ8
P31275,Substrate,P31275
Q12894,Substrate,Q12894
Q9NZF1,Substrate,Q9NZF1
O15428,Substrate,O15428
Q7Z340,Substrate,Q7Z340
Q9BWU0,Substrate,Q9BWU0
Q5TCS8,Substrate,Q5TCS8
P40261,Substrate,P40261
Q96I82,Substrate,Q96I82
P31213,Substrate,P31213
Q9UK41,Substrate,Q9UK41
Q6P1R4,Substrate,Q6P1R4
Q9NTJ5,Substrate,Q9NTJ5
P33992,Substrate,P33992
P59991,Substrate,P59991
Q5T4F4,Substrate,Q5T4F4
Q99575,Substrate,Q99575
P17036,Substrate,P17036
Q9ULC8,Substrate,Q9ULC8
P16519,Substrate,P16519
Q9HBH0,Substrate,Q9HBH0
Q7Z3F1,Substrate,Q7Z3F1
O95264,Substrate,O95264
P01135,Substrate,P01135
P07195,Substrate,P07195
O43320,Substrate,O43320
O43761,Substrate,O43761
Q9Y605,Substrate,Q9Y605
Q5T0D9,Substrate,Q5T0D9
Q9Y653,Substrate,Q9Y653
Q8WUP2,Substrate,Q8WUP2
O15520,Substrate,O15520
P0C7M6,Substrate,P0C7M6
Q9H221,Substrate,Q9H221
P14920,Substrate,P14920
O94916,Substrate,O94916
P22314,Substrate,P22314
Q9NVV9,Substrate,Q9NVV9
O43361,Substrate,O43361
Q96CM8,Substrate,Q96CM8
Q8NBV4,Substrate,Q8NBV4
P35442,Substrate,P35442
P98196,Substrate,P98196
Q6IA69,Substrate,Q6IA69
Q96EX3,Substrate,Q96EX3
O43300,Substrate,O43300
Q14106,Substrate,Q14106
Q9Y2A9,Substrate,Q9Y2A9
Q9P2Z0,Substrate,Q9P2Z0
O95154,Substrate,O95154
Q6AZW8,Substrate,Q6AZW8
P08473,Substrate,P08473
Q08881,Substrate,Q08881
Q9Y574,E3,Q9Y574
Q13214,Substrate,Q13214
Q3ZCM7,Substrate,Q3ZCM7
P22694,Substrate,P22694
P0DJD1,Substrate,P0DJD1
Q6ICI0,Substrate,Q6ICI0
A6NMN3,Substrate,A6NMN3
Q8TAE6,Substrate,Q8TAE6
Q8N5I2,Substrate,Q8N5I2
Q96CQ1,Substrate,Q96CQ1
Q9Y2H8,Substrate,Q9Y2H8
O15014,Substrate,O15014
Q6ZUS5,Substrate,Q6ZUS5
O43242,Substrate,O43242
P52565,Substrate,P52565
A4D1E9,Substrate,A4D1E9
O14511,Substrate,O14511
Q96H22,Substrate,Q96H22
P48539,Substrate,P48539
P01861,Substrate,P01861
Q9H2A9,Substrate,Q9H2A9
Q8N2K0,Substrate,Q8N2K0
Q7Z2D5,Substrate,Q7Z2D5
Q9H4M9,Substrate,Q9H4M9
Q8NH51,Substrate,Q8NH51
Q13438,Substrate,Q13438
O14561,Substrate,O14561
Q6NSI8,Substrate,Q6NSI8
O75396,Substrate,O75396
O60551,Substrate,O60551
Q9UJ71,Substrate,Q9UJ71
Q7RTR0,Substrate,Q7RTR0
Q5VUR7,Substrate,Q5VUR7
A6NDS4,Substrate,A6NDS4
Q99259,Substrate,Q99259
Q9Y534,Substrate,Q9Y534
Q02156,Substrate,Q02156
Q6ZNH5,Substrate,Q6ZNH5
O95402,Substrate,O95402
O43861,Substrate,O43861
Q9NQR1,Substrate,Q9NQR1
O75420,Substrate,O75420
Q2VYF4,Substrate,Q2VYF4
Q6ZRK6,Substrate,Q6ZRK6
O60684,Substrate,O60684
Q71SY5,Substrate,Q71SY5
Q9Y257,Substrate,Q9Y257
Q14118,Substrate,Q14118
P08218,Substrate,P08218
Q8IZM9,Substrate,Q8IZM9
Q8NGE7,Substrate,Q8NGE7
A8MTW9,Substrate,A8MTW9
Q9NWS9,Substrate,Q9NWS9
Q8WWX9,Substrate,Q8WWX9
Q9UQQ2,Substrate,Q9UQQ2
Q92947,Substrate,Q92947
Q8N162,Substrate,Q8N162
O60304,Substrate,O60304
Q9NSC2,Substrate,Q9NSC2
Q9NR00,Substrate,Q9NR00
O15375,Substrate,O15375
Q8WW62,Substrate,Q8WW62
P07237,Substrate,P07237
P61421,Substrate,P61421
Q7Z5A8,Substrate,Q7Z5A8
Q8IUF1,Substrate,Q8IUF1
Q30KQ7,Substrate,Q30KQ7
Q9NV64,Substrate,Q9NV64
Q8NH16,Substrate,Q8NH16
Q9UJ90,Substrate,Q9UJ90
Q9H205,Substrate,Q9H205
P01148,Substrate,P01148
O00744,Substrate,O00744
Q8IVW4,Substrate,Q8IVW4
Q07325,Substrate,Q07325
A8MYZ5,Substrate,A8MYZ5
P15848,Substrate,P15848
Q9UMR5,Substrate,Q9UMR5
Q8N129,Substrate,Q8N129
Q10713,Substrate,Q10713
A0A1W2PPH5,Substrate,A0A1W2PPH5
O15162,Substrate,O15162
Q8N6Y0,Substrate,Q8N6Y0
A8MTZ7,Substrate,A8MTZ7
O14745,Substrate,O14745
Q9HBB8,Substrate,Q9HBB8
Q96MU7,Substrate,Q96MU7
Q9Y662,Substrate,Q9Y662
O95994,Substrate,O95994
Q9Y5L2,Substrate,Q9Y5L2
P31269,Substrate,P31269
P55735,Substrate,P55735
O95391,Substrate,O95391
Q6VY07,Substrate,Q6VY07
Q6ULP2,Substrate,Q6ULP2
Q9H9A6,Substrate,Q9H9A6
Q3SX64,Substrate,Q3SX64
A0A1B0GTK5,Substrate,A0A1B0GTK5
P78549,Substrate,P78549
A8K0S8,Substrate,A8K0S8
A8MXY4,Substrate,A8MXY4
Q6ZRI6,Substrate,Q6ZRI6
Q96SY0,Substrate,Q96SY0
P25098,Substrate,P25098
Q8TB45,Substrate,Q8TB45
P59665,Substrate,P59665
Q9P0U1,Substrate,Q9P0U1
Q9HB90,Substrate,Q9HB90
Q96N20,Substrate,Q96N20
Q9Y5K6,Substrate,Q9Y5K6
Q14773,Substrate,Q14773
O14569,Substrate,O14569
Q96B26,Substrate,Q96B26
Q92527,Substrate,Q92527
Q13185,Substrate,Q13185
P49746,Substrate,P49746
Q15722,Substrate,Q15722
O14513,Substrate,O14513
P17031,Substrate,P17031
A6NDR6,Substrate,A6NDR6
Q9H213,Substrate,Q9H213
P32242,Substrate,P32242
Q902F8,Substrate,Q902F8
Q8N0Y2,Substrate,Q8N0Y2
P25963,Substrate,P25963
Q9HCJ1,Substrate,Q9HCJ1
P60604,Substrate,P60604
Q09161,Substrate,Q09161
Q14008,Substrate,Q14008
P27815,Substrate,P27815
Q8TAM6,Substrate,Q8TAM6
Q8NE18,Substrate,Q8NE18
O75037,Substrate,O75037
Q8NGY2,Substrate,Q8NGY2
P42262,Substrate,P42262
Q8TAU3,Substrate,Q8TAU3
Q96EP1,E3,Q96EP1
Q9BRR8,Substrate,Q9BRR8
Q86WK7,Substrate,Q86WK7
Q14681,Substrate,Q14681
Q9BUR4,Substrate,Q9BUR4
P49619,Substrate,P49619
Q8TDI7,Substrate,Q8TDI7
Q86YL7,Substrate,Q86YL7
Q96MX6,Substrate,Q96MX6
P48051,Substrate,P48051
A0A075B6Y9,Substrate,A0A075B6Y9
P59540,Substrate,P59540
Q9UID6,Substrate,Q9UID6
P29376,Substrate,P29376
Q96EC8,Substrate,Q96EC8
Q9NRI6,Substrate,Q9NRI6
Q6UXM1,Substrate,Q6UXM1
P21554,Substrate,P21554
A6NMD2,Substrate,A6NMD2
O95136,Substrate,O95136
Q13568,Substrate,Q13568
P33764,Substrate,P33764
P05026,Substrate,P05026
P07339,Substrate,P07339
P48230,Substrate,P48230
Q8WU17,E3,Q8WU17
Q8NEA9,Substrate,Q8NEA9
Q96MN9,Substrate,Q96MN9
Q4G0U5,Substrate,Q4G0U5
P0DMW2,Substrate,P0DMW2
Q96GG9,E3,Q96GG9
Q8WXE1,Substrate,Q8WXE1
P56192,Substrate,P56192
Q6ZNW5,Substrate,Q6ZNW5
Q96PP9,Substrate,Q96PP9
P23763,Substrate,P23763
Q9UNY5,Substrate,Q9UNY5
Q9UKY3,Substrate,Q9UKY3
Q8N8E3,Substrate,Q8N8E3
Q6ZUJ4,Substrate,Q6ZUJ4
O76074,Substrate,O76074
Q6UWP2,Substrate,Q6UWP2
Q9UK61,Substrate,Q9UK61
Q15629,Substrate,Q15629
Q9Y232,Substrate,Q9Y232
Q15345,Substrate,Q15345
P42892,Substrate,P42892
Q8NBX0,Substrate,Q8NBX0
Q5VYK3,Substrate,Q5VYK3
Q14872,Substrate,Q14872
O43868,Substrate,O43868
O15372,Substrate,O15372
O43272,Substrate,O43272
Q13077,E3,Q13077
Q9YNA8,Substrate,Q9YNA8
O76070,Substrate,O76070
Q12792,Substrate,Q12792
P08172,Substrate,P08172
Q8WTQ7,Substrate,Q8WTQ7
Q9UL42,Substrate,Q9UL42
Q9P298,Substrate,Q9P298
P0DX53,Substrate,P0DX53
Q6UWY5,Substrate,Q6UWY5
P29017,Substrate,P29017
P05165,Substrate,P05165
Q6UXT9,Substrate,Q6UXT9
P62760,Substrate,P62760
Q14406,Substrate,Q14406
Q8NH83,Substrate,Q8NH83
P10072,Substrate,P10072
Q3C1V8,Substrate,Q3C1V8
Q9BTM9,Substrate,Q9BTM9
Q9UHA4,Substrate,Q9UHA4
Q6P9B9,Substrate,Q6P9B9
Q14896,Substrate,Q14896
Q9H4I2,Substrate,Q9H4I2
Q7Z3E5,Substrate,Q7Z3E5
P62820,Substrate,P62820
Q96JY6,E3,Q96JY6
Q92743,Substrate,Q92743
Q5XKE5,Substrate,Q5XKE5
Q9UHC6,Substrate,Q9UHC6
P41212,Substrate,P41212
Q8N769,Substrate,Q8N769
Q92882,Substrate,Q92882
P09012,Substrate,P09012
P63279,Substrate,P63279
P17540,Substrate,P17540
Q9NR30,Substrate,Q9NR30
Q68CZ2,Substrate,Q68CZ2
P14555,Substrate,P14555
Q6DKI7,Substrate,Q6DKI7
O15217,Substrate,O15217
P26639,Substrate,P26639
O43315,Substrate,O43315
O60296,Substrate,O60296
P51888,Substrate,P51888
Q9H0H3,E3,Q9H0H3
Q9Y5F8,Substrate,Q9Y5F8
P0DTL4,Substrate,P0DTL4
Q5SW96,Substrate,Q5SW96
Q9H2C2,Substrate,Q9H2C2
A8MUA0,Substrate,A8MUA0
Q9Y330,Substrate,Q9Y330
Q16740,Substrate,Q16740
O14633,Substrate,O14633
Q03403,Substrate,Q03403
Q9NY26,Substrate,Q9NY26
P07998,Substrate,P07998
Q7L0Q8,Substrate,Q7L0Q8
Q13043,Substrate,Q13043
Q9BZE1,Substrate,Q9BZE1
Q7RTV3,Substrate,Q7RTV3
O15503,Substrate,O15503
A6NMK8,Substrate,A6NMK8
Q8N138,Substrate,Q8N138
P49796,Substrate,P49796
Q9BRT3,Substrate,Q9BRT3
Q6ZMS4,Substrate,Q6ZMS4
Q8NAT1,Substrate,Q8NAT1
Q9Y6A5,Substrate,Q9Y6A5
Q8IWP9,Substrate,Q8IWP9
Q92993,Substrate,Q92993
P42768,Substrate,P42768
Q9H9S3,Substrate,Q9H9S3
Q5JRA6,Substrate,Q5JRA6
Q96K49,Substrate,Q96K49
Q9NQ55,Substrate,Q9NQ55
A6NFH5,Substrate,A6NFH5
Q504Y2,Substrate,Q504Y2
Q5T5P2,Substrate,Q5T5P2
Q9BZV3,Substrate,Q9BZV3
Q6UXN8,Substrate,Q6UXN8
P0C7N1,Substrate,P0C7N1
Q9UEF7,Substrate,Q9UEF7
Q01804,Substrate,Q01804
Q86SE9,Substrate,Q86SE9
Q9H172,Substrate,Q9H172
Q96EK7,Substrate,Q96EK7
Q9H892,Substrate,Q9H892
Q7Z429,Substrate,Q7Z429
Q86VW1,Substrate,Q86VW1
A0A1B0GVM6,Substrate,A0A1B0GVM6
Q14767,Substrate,Q14767
P08240,Substrate,P08240
P04040,Substrate,P04040
P15529,Substrate,P15529
Q9UPR3,Substrate,Q9UPR3
Q8IZA0,Substrate,Q8IZA0
Q5W0Z9,Substrate,Q5W0Z9
Q9BY10,Substrate,Q9BY10
O75436,Substrate,O75436
P14136,Substrate,P14136
Q8N5Q1,Substrate,Q8N5Q1
A8MXV4,Substrate,A8MXV4
P18124,Substrate,P18124
Q9NZC9,Substrate,Q9NZC9
Q9H2A3,Substrate,Q9H2A3
P85298,Substrate,P85298
P48736,Substrate,P48736
Q96A28,Substrate,Q96A28
A6NMZ5,Substrate,A6NMZ5
Q9NWB1,Substrate,Q9NWB1
Q9BQF6,Substrate,Q9BQF6
Q96DD7,Substrate,Q96DD7
Q11130,Substrate,Q11130
A5D8W1,Substrate,A5D8W1
Q9NZV7,Substrate,Q9NZV7
Q9UKT4,Substrate,Q9UKT4
O43422,Substrate,O43422
P24158,Substrate,P24158
Q9H9E1,Substrate,Q9H9E1
Q08722,Substrate,Q08722
Q14746,Substrate,Q14746
Q9NZ32,Substrate,Q9NZ32
Q5T124,Substrate,Q5T124
Q9NPC7,Substrate,Q9NPC7
Q3YEC7,Substrate,Q3YEC7
Q9Y5N5,Substrate,Q9Y5N5
Q6ZP65,Substrate,Q6ZP65
P22532,Substrate,P22532
O60284,Substrate,O60284
Q5VY43,Substrate,Q5VY43
O00244,Substrate,O00244
O95838,Substrate,O95838
P35227,Substrate,P35227
Q86WB0,E3,Q86WB0
Q5VT97,Substrate,Q5VT97
Q9BSJ8,Substrate,Q9BSJ8
Q9NUD9,Substrate,Q9NUD9
Q14576,Substrate,Q14576
Q9UHX3,Substrate,Q9UHX3
Q96AG4,Substrate,Q96AG4
Q15293,Substrate,Q15293
Q9HAS3,Substrate,Q9HAS3
Q96R47,Substrate,Q96R47
A6NHG9,Substrate,A6NHG9
Q96MZ0,Substrate,Q96MZ0
Q8N7R7,Substrate,Q8N7R7
O95970,Substrate,O95970
P35225,Substrate,P35225
P49662,Substrate,P49662
Q13319,Substrate,Q13319
Q02413,Substrate,Q02413
P13942,Substrate,P13942
Q8WTR7,Substrate,Q8WTR7
Q13216,E3,Q13216
Q8NE86,Substrate,Q8NE86
P09341,Substrate,P09341
Q8IVF1,Substrate,Q8IVF1
Q9Y5V3,Substrate,Q9Y5V3
Q9UKL4,Substrate,Q9UKL4
Q6QEF8,Substrate,Q6QEF8
D6RF30,Substrate,D6RF30
P78381,Substrate,P78381
Q6P3S6,E3,Q6P3S6
P57055,Substrate,P57055
Q9NRA0,Substrate,Q9NRA0
Q8N1B4,Substrate,Q8N1B4
P48444,Substrate,P48444
Q8N357,Substrate,Q8N357
O95800,Substrate,O95800
Q9NR64,Substrate,Q9NR64
A0A0B4J1W7,Substrate,A0A0B4J1W7
Q8NHG7,Substrate,Q8NHG7
C9J1S8,Substrate,C9J1S8
Q8N488,Substrate,Q8N488
Q8IWB6,Substrate,Q8IWB6
P98168,Substrate,P98168
Q969X0,Substrate,Q969X0
Q96AQ2,Substrate,Q96AQ2
P35368,Substrate,P35368
Q8N2W9,E3,Q8N2W9
Q9UBK9,Substrate,Q9UBK9
Q9BQD7,Substrate,Q9BQD7
Q9Y3A5,Substrate,Q9Y3A5
Q13410,Substrate,Q13410
P30101,Substrate,P30101
Q96BQ5,Substrate,Q96BQ5
Q92974,Substrate,Q92974
Q8WWR9,Substrate,Q8WWR9
O75880,Substrate,O75880
Q12982,Substrate,Q12982
P07305,Substrate,P07305
Q9H094,Substrate,Q9H094
O60542,Substrate,O60542
Q00987,E3,Q00987
O95785,Substrate,O95785
Q9H0C2,Substrate,Q9H0C2
P31260,Substrate,P31260
Q92870,Substrate,Q92870
O00444,Substrate,O00444
P0DQW0,Substrate,P0DQW0
P32239,Substrate,P32239
P0DP73,Substrate,P0DP73
P61221,Substrate,P61221
Q9Y6W8,Substrate,Q9Y6W8
A6NK97,Substrate,A6NK97
P78358,Substrate,P78358
Q86SS6,Substrate,Q86SS6
Q8NEM1,Substrate,Q8NEM1
Q15435,Substrate,Q15435
P17032,Substrate,P17032
Q9ULP9,Substrate,Q9ULP9
Q6P5Z2,Substrate,Q6P5Z2
O43364,Substrate,O43364
H0Y354,Substrate,H0Y354
Q9UGJ0,Substrate,Q9UGJ0
Q9H4I8,Substrate,Q9H4I8
Q99705,Substrate,Q99705
Q5T089,Substrate,Q5T089
Q7Z589,Substrate,Q7Z589
Q9Y6E0,Substrate,Q9Y6E0
Q96RK1,Substrate,Q96RK1
Q8WWF8,Substrate,Q8WWF8
Q9P2R6,Substrate,Q9P2R6
Q14974,Substrate,Q14974
Q06547,Substrate,Q06547
Q9UI10,Substrate,Q9UI10
O75937,Substrate,O75937
Q9NQ29,Substrate,Q9NQ29
P19338,Substrate,P19338
P05060,Substrate,P05060
Q13310,Substrate,Q13310
P08575,Substrate,P08575
O15455,Substrate,O15455
Q8IZJ6,Substrate,Q8IZJ6
Q9UIG5,Substrate,Q9UIG5
P54098,Substrate,P54098
P23415,Substrate,P23415
O14929,Substrate,O14929
P59541,Substrate,P59541
P01599,Substrate,P01599
P07384,Substrate,P07384
P00748,E3,P00748
Q9BYT3,Substrate,Q9BYT3
Q8N6M3,Substrate,Q8N6M3
Q8TBM8,Substrate,Q8TBM8
Q96PX1,Substrate,Q96PX1
Q6QNY0,Substrate,Q6QNY0
A6NL08,Substrate,A6NL08
Q2T9J0,Substrate,Q2T9J0
Q03052,Substrate,Q03052
Q8TE57,Substrate,Q8TE57
P20339,Substrate,P20339
Q29980,Substrate,Q29980
Q9HBG4,Substrate,Q9HBG4
O15105,Substrate,O15105
Q6UX34,Substrate,Q6UX34
Q92838,Substrate,Q92838
Q5VTL7,Substrate,Q5VTL7
Q02078,Substrate,Q02078
Q9NR80,Substrate,Q9NR80
Q6DD87,Substrate,Q6DD87
Q6UXF7,Substrate,Q6UXF7
Q96LW9,Substrate,Q96LW9
Q8N9R6,Substrate,Q8N9R6
Q6XPS3,Substrate,Q6XPS3
Q92625,Substrate,Q92625
Q96R54,Substrate,Q96R54
Q9UHY1,Substrate,Q9UHY1
Q9H2M9,Substrate,Q9H2M9
Q9HCJ0,Substrate,Q9HCJ0
Q96KN8,Substrate,Q96KN8
Q5BN46,Substrate,Q5BN46
P26006,Substrate,P26006
C9JJH3,Substrate,C9JJH3
P20823,Substrate,P20823
Q9ULQ0,Substrate,Q9ULQ0
Q8TE56,Substrate,Q8TE56
Q9P126,Substrate,Q9P126
Q8N7B9,Substrate,Q8N7B9
P60673,Substrate,P60673
O15382,Substrate,O15382
Q8NG99,Substrate,Q8NG99
Q9Y3T9,Substrate,Q9Y3T9
Q8N7C3,E3,Q8N7C3
A8K8P3,Substrate,A8K8P3
Q9BTF0,Substrate,Q9BTF0
Q8WYP3,Substrate,Q8WYP3
Q9BQA1,Substrate,Q9BQA1
Q8IUR0,Substrate,Q8IUR0
Q3KNT9,Substrate,Q3KNT9
Q99853,Substrate,Q99853
Q674R7,Substrate,Q674R7
Q15173,Substrate,Q15173
Q6ZVM7,Substrate,Q6ZVM7
O60645,Substrate,O60645
P41743,Substrate,P41743
O00478,Substrate,O00478
Q5JPE7,Substrate,Q5JPE7
Q3LI58,Substrate,Q3LI58
P18505,Substrate,P18505
Q5VZ52,Substrate,Q5VZ52
Q7Z7A4,Substrate,Q7Z7A4
O75346,Substrate,O75346
P30838,Substrate,P30838
Q8IXE1,Substrate,Q8IXE1
Q9NWQ8,Substrate,Q9NWQ8
Q9Y5U2,Substrate,Q9Y5U2
Q99684,Substrate,Q99684
Q12840,Substrate,Q12840
Q5BJH2,Substrate,Q5BJH2
Q495T6,Substrate,Q495T6
Q8NDX2,Substrate,Q8NDX2
Q76NI1,Substrate,Q76NI1
Q96LB8,Substrate,Q96LB8
O95267,Substrate,O95267
O75444,Substrate,O75444
B0YJ81,Substrate,B0YJ81
Q8TC84,Substrate,Q8TC84
P0DSO1,Substrate,P0DSO1
Q6ZSN1,Substrate,Q6ZSN1
Q9NZ09,Substrate,Q9NZ09
P62079,Substrate,P62079
O94992,Substrate,O94992
Q13113,Substrate,Q13113
Q9Y3C6,Substrate,Q9Y3C6
Q99426,Substrate,Q99426
Q7L014,Substrate,Q7L014
Q3KP31,Substrate,Q3KP31
Q8IYJ0,Substrate,Q8IYJ0
P19224,Substrate,P19224
Q9NP61,Substrate,Q9NP61
Q9BZK8,Substrate,Q9BZK8
Q9BTV4,Substrate,Q9BTV4
P57764,Substrate,P57764
Q8TEC5,Substrate,Q8TEC5
Q9Y2X7,Substrate,Q9Y2X7
P46778,Substrate,P46778
Q9UIL1,Substrate,Q9UIL1
Q9BVL4,Substrate,Q9BVL4
Q02318,Substrate,Q02318
B1ANH7,Substrate,B1ANH7
P52298,Substrate,P52298
P59020,Substrate,P59020
Q8NGC8,Substrate,Q8NGC8
Q9NWF9,E3,Q9NWF9
Q8IXF9,Substrate,Q8IXF9
Q07092,Substrate,Q07092
Q96LI5,Substrate,Q96LI5
P10721,Substrate,P10721
Q8NFG4,Substrate,Q8NFG4
Q96GQ5,Substrate,Q96GQ5
Q8TB03,Substrate,Q8TB03
Q9UK96,E3,Q9UK96
P0C5Y9,Substrate,P0C5Y9
Q6IPM2,Substrate,Q6IPM2
Q9UJU3,Substrate,Q9UJU3
Q5MNZ9,Substrate,Q5MNZ9
Q9ULM3,Substrate,Q9ULM3
A6NKD9,Substrate,A6NKD9
P00156,Substrate,P00156
Q13002,Substrate,Q13002
Q8TAE7,Substrate,Q8TAE7
Q9UBJ2,Substrate,Q9UBJ2
Q2VPJ9,Substrate,Q2VPJ9
Q9BXX0,Substrate,Q9BXX0
Q96PX9,Substrate,Q96PX9
Q53EL6,Substrate,Q53EL6
Q02577,Substrate,Q02577
O14682,Substrate,O14682
Q5JQD4,Substrate,Q5JQD4
Q9H3Y8,Substrate,Q9H3Y8
Q9P2R3,Substrate,Q9P2R3
Q8NC24,Substrate,Q8NC24
Q16651,Substrate,Q16651
P20264,Substrate,P20264
Q01201,Substrate,Q01201
P54750,Substrate,P54750
Q8IY49,Substrate,Q8IY49
Q8IWU4,Substrate,Q8IWU4
Q96K75,Substrate,Q96K75
Q8N3F8,Substrate,Q8N3F8
Q99463,Substrate,Q99463
Q8IZR5,Substrate,Q8IZR5
Q5T4T1,Substrate,Q5T4T1
Q05D60,Substrate,Q05D60
P49895,Substrate,P49895
Q8TAQ2,Substrate,Q8TAQ2
Q9UHP3,Substrate,Q9UHP3
O00559,Substrate,O00559
Q9H9H4,Substrate,Q9H9H4
Q9P2N7,E3,Q9P2N7
Q96M94,E3,Q96M94
O75084,Substrate,O75084
Q96GD4,Substrate,Q96GD4
A4D1P6,Substrate,A4D1P6
P46459,Substrate,P46459
Q5JWF2,Substrate,Q5JWF2
P25024,Substrate,P25024
E9PIF3,Substrate,E9PIF3
Q6ZSZ5,Substrate,Q6ZSZ5
Q9H0S4,Substrate,Q9H0S4
P78310,Substrate,P78310
P02790,Substrate,P02790
Q70YC4,Substrate,Q70YC4
Q6ZRM9,Substrate,Q6ZRM9
Q9NPB0,Substrate,Q9NPB0
Q9BXB7,Substrate,Q9BXB7
Q9BTL4,Substrate,Q9BTL4
Q8N1V8,Substrate,Q8N1V8
P27539,Substrate,P27539
Q5SVQ8,Substrate,Q5SVQ8
Q2TAL5,Substrate,Q2TAL5
A6NJW9,Substrate,A6NJW9
Q16719,Substrate,Q16719
A0A0C4DH67,Substrate,A0A0C4DH67
Q8N5W9,Substrate,Q8N5W9
O43516,Substrate,O43516
Q96PG2,Substrate,Q96PG2
P61758,Substrate,P61758
Q5T655,Substrate,Q5T655
Q5TIE3,Substrate,Q5TIE3
Q6V9R5,Substrate,Q6V9R5
P20036,Substrate,P20036
P46091,Substrate,P46091
Q8WU67,Substrate,Q8WU67
Q9HBA9,Substrate,Q9HBA9
P42338,Substrate,P42338
Q8WXI9,Substrate,Q8WXI9
Q8IUX8,Substrate,Q8IUX8
O14524,Substrate,O14524
Q86YH2,Substrate,Q86YH2
Q15027,Substrate,Q15027
A8MWL7,Substrate,A8MWL7
Q8NGN3,Substrate,Q8NGN3
Q68DH5,Substrate,Q68DH5
Q8WWQ0,Substrate,Q8WWQ0
Q8N8Y2,Substrate,Q8N8Y2
P41587,Substrate,P41587
A6NIM6,Substrate,A6NIM6
O60237,Substrate,O60237
Q7Z591,Substrate,Q7Z591
P41159,Substrate,P41159
Q8IUZ0,Substrate,Q8IUZ0
O60313,Substrate,O60313
Q5JNZ3,Substrate,Q5JNZ3
Q13201,Substrate,Q13201
O43736,Substrate,O43736
Q9ULR3,Substrate,Q9ULR3
Q9BVV2,Substrate,Q9BVV2
Q15256,Substrate,Q15256
Q7Z2W7,Substrate,Q7Z2W7
P63208,Substrate,P63208
P39687,Substrate,P39687
P03956,Substrate,P03956
P0C7U3,Substrate,P0C7U3
P0DME0,Substrate,P0DME0
Q9NXE4,Substrate,Q9NXE4
Q86W33,Substrate,Q86W33
O75177,Substrate,O75177
P26842,Substrate,P26842
Q86XZ4,Substrate,Q86XZ4
Q8IVQ6,Substrate,Q8IVQ6
Q96G23,Substrate,Q96G23
O14656,Substrate,O14656
P0C6T2,Substrate,P0C6T2
P0C7T5,Substrate,P0C7T5
Q96J87,Substrate,Q96J87
O43293,Substrate,O43293
Q9P0I2,Substrate,Q9P0I2
Q8N144,Substrate,Q8N144
P29590,E3,P29590
Q92766,Substrate,Q92766
Q8IZN3,Substrate,Q8IZN3
Q03468,Substrate,Q03468
Q9NWT8,Substrate,Q9NWT8
P23921,Substrate,P23921
Q9NWB6,Substrate,Q9NWB6
Q96M98,Substrate,Q96M98
Q9H469,E3,Q9H469
Q8N2Y8,Substrate,Q8N2Y8
Q6IEG0,Substrate,Q6IEG0
Q9UDV7,Substrate,Q9UDV7
Q96DL1,Substrate,Q96DL1
P0DPK3,Substrate,P0DPK3
Q969R8,Substrate,Q969R8
P29317,Substrate,P29317
O14810,Substrate,O14810
P60468,Substrate,P60468
P50148,Substrate,P50148
Q9NW64,Substrate,Q9NW64
C9J2P7,Substrate,C9J2P7
P68543,Substrate,P68543
Q658Y4,Substrate,Q658Y4
Q9C026,E3,Q9C026
Q9P104,Substrate,Q9P104
O95544,Substrate,O95544
Q6ICG8,Substrate,Q6ICG8
O00300,Substrate,O00300
O43379,Substrate,O43379
P13196,Substrate,P13196
Q96CM3,Substrate,Q96CM3
Q587J7,Substrate,Q587J7
Q5JSJ4,Substrate,Q5JSJ4
Q2NKQ1,Substrate,Q2NKQ1
Q5JTD0,Substrate,Q5JTD0
Q8WTR2,Substrate,Q8WTR2
Q93045,Substrate,Q93045
O75150,E3,O75150
Q15126,Substrate,Q15126
Q8N554,Substrate,Q8N554
Q8NGX1,Substrate,Q8NGX1
Q9UFG5,Substrate,Q9UFG5
Q6P158,Substrate,Q6P158
Q9UNA0,Substrate,Q9UNA0
Q08AI6,Substrate,Q08AI6
Q15116,Substrate,Q15116
Q86UN6,Substrate,Q86UN6
Q99704,Substrate,Q99704
A6BM72,Substrate,A6BM72
Q9NX76,Substrate,Q9NX76
Q69YZ2,Substrate,Q69YZ2
Q9H4Q4,Substrate,Q9H4Q4
P11912,Substrate,P11912
Q8WXQ8,Substrate,Q8WXQ8
Q13061,Substrate,Q13061
Q9NYA1,Substrate,Q9NYA1
Q9UBY5,Substrate,Q9UBY5
Q96EY1,Substrate,Q96EY1
P78367,Substrate,P78367
Q9NQG7,Substrate,Q9NQG7
Q8NHM4,Substrate,Q8NHM4
P35968,Substrate,P35968
A6NDV4,Substrate,A6NDV4
P78357,Substrate,P78357
Q9BRK0,Substrate,Q9BRK0
Q8N573,Substrate,Q8N573
P0C874,Substrate,P0C874
Q15777,Substrate,Q15777
Q01064,Substrate,Q01064
P61289,Substrate,P61289
Q9UBL9,Substrate,Q9UBL9
Q13488,Substrate,Q13488
Q9Y4Y9,Substrate,Q9Y4Y9
A0A0C4DH59,Substrate,A0A0C4DH59
Q96FV2,Substrate,Q96FV2
O00299,Substrate,O00299
Q96CT2,Substrate,Q96CT2
Q9Y275,Substrate,Q9Y275
P17947,Substrate,P17947
Q5DID0,Substrate,Q5DID0
P04062,Substrate,P04062
Q9BXU8,Substrate,Q9BXU8
O60412,Substrate,O60412
Q9UKT8,E3,Q9UKT8
O00241,Substrate,O00241
A8MXZ3,Substrate,A8MXZ3
Q96G42,Substrate,Q96G42
P15941,Substrate,P15941
Q8NGA6,Substrate,Q8NGA6
P21452,Substrate,P21452
Q9H0A8,Substrate,Q9H0A8
Q8WXG8,Substrate,Q8WXG8
Q13536,Substrate,Q13536
P02144,Substrate,P02144
Q8IVU9,Substrate,Q8IVU9
Q6NUK4,Substrate,Q6NUK4
Q9P032,Substrate,Q9P032
Q8NGC5,Substrate,Q8NGC5
Q9NXG6,Substrate,Q9NXG6
O75525,Substrate,O75525
P55056,Substrate,P55056
Q86Y56,Substrate,Q86Y56
P57075,Substrate,P57075
Q5VZL5,Substrate,Q5VZL5
Q17R55,Substrate,Q17R55
Q8WW59,Substrate,Q8WW59
Q8N1W1,Substrate,Q8N1W1
Q13418,Substrate,Q13418
Q5TA45,Substrate,Q5TA45
P46087,Substrate,P46087
P60981,Substrate,P60981
P53708,Substrate,P53708
Q7Z5H3,Substrate,Q7Z5H3
O15143,Substrate,O15143
P26196,Substrate,P26196
O00623,E3,O00623
Q9P258,Substrate,Q9P258
O75674,Substrate,O75674
O76083,Substrate,O76083
Q7Z698,Substrate,Q7Z698
O00330,Substrate,O00330
Q8N137,Substrate,Q8N137
P11229,Substrate,P11229
P23634,Substrate,P23634
P35321,Substrate,P35321
Q8WVC6,Substrate,Q8WVC6
Q07820,Substrate,Q07820
P0C629,Substrate,P0C629
Q8N0X7,Substrate,Q8N0X7
A3KMH1,Substrate,A3KMH1
Q8NI35,Substrate,Q8NI35
Q9Y5H6,Substrate,Q9Y5H6
P20794,Substrate,P20794
Q6PIF2,Substrate,Q6PIF2
Q7KYR7,Substrate,Q7KYR7
P17039,Substrate,P17039
Q96SL4,Substrate,Q96SL4
P05997,Substrate,P05997
Q969U7,Substrate,Q969U7
Q8TEX9,Substrate,Q8TEX9
Q8IYX0,Substrate,Q8IYX0
O43159,Substrate,O43159
Q12887,Substrate,Q12887
Q9Y5X5,Substrate,Q9Y5X5
Q92665,Substrate,Q92665
Q15349,Substrate,Q15349
A6QL64,Substrate,A6QL64
B3EWG5,Substrate,B3EWG5
P35218,Substrate,P35218
Q99731,Substrate,Q99731
Q8WVE6,Substrate,Q8WVE6
Q9Y4P9,Substrate,Q9Y4P9
P17612,Substrate,P17612
O95070,Substrate,O95070
P04792,Substrate,P04792
O43314,Substrate,O43314
Q8TBC5,Substrate,Q8TBC5
Q9HBH9,Substrate,Q9HBH9
Q8N983,Substrate,Q8N983
Q9Y5P4,Substrate,Q9Y5P4
Q9H0A9,Substrate,Q9H0A9
Q8NH08,Substrate,Q8NH08
A6NFI3,Substrate,A6NFI3
O75486,Substrate,O75486
Q9NZQ8,Substrate,Q9NZQ8
P23352,Substrate,P23352
P02647,Substrate,P02647
P12882,Substrate,P12882
Q68D42,Substrate,Q68D42
Q8NFW8,Substrate,Q8NFW8
P32247,Substrate,P32247
Q96AX9,E3,Q96AX9
P39880,Substrate,P39880
Q6ZVD8,Substrate,Q6ZVD8
Q14790,Substrate,Q14790
Q32MZ4,Substrate,Q32MZ4
P05388,Substrate,P05388
Q9NRA8,Substrate,Q9NRA8
Q9BXM7,E3,Q9BXM7
Q9NZL4,Substrate,Q9NZL4
Q59H18,Substrate,Q59H18
P51786,Substrate,P51786
Q99616,Substrate,Q99616
Q6ZMZ3,Substrate,Q6ZMZ3
Q9H2P0,Substrate,Q9H2P0
Q16762,Substrate,Q16762
Q66K80,Substrate,Q66K80
Q9HC47,Substrate,Q9HC47
Q13501,E3,Q13501
O43278,Substrate,O43278
P20393,Substrate,P20393
Q96DC7,Substrate,Q96DC7
O75410,Substrate,O75410
Q8TEB7,E3,Q8TEB7
Q96M89,Substrate,Q96M89
Q9HD36,Substrate,Q9HD36
O14607,Substrate,O14607
Q16587,Substrate,Q16587
P52788,Substrate,P52788
Q8NCF0,Substrate,Q8NCF0
Q9H0X4,Substrate,Q9H0X4
Q13948,Substrate,Q13948
P51685,Substrate,P51685
Q92670,Substrate,Q92670
C9JRZ8,Substrate,C9JRZ8
Q99456,Substrate,Q99456
Q9NU23,Substrate,Q9NU23
A0A2R8Y4L2,Substrate,A0A2R8Y4L2
Q49B96,Substrate,Q49B96
P23511,Substrate,P23511
Q9UHF7,Substrate,Q9UHF7
Q9BXY5,Substrate,Q9BXY5
Q8NGP6,Substrate,Q8NGP6
Q5VTY9,Substrate,Q5VTY9
Q9NUP1,Substrate,Q9NUP1
A0AVK6,Substrate,A0AVK6
A8MTJ3,Substrate,A8MTJ3
O15482,Substrate,O15482
Q5VW00,Substrate,Q5VW00
Q6ZVX7,Substrate,Q6ZVX7
P51788,Substrate,P51788
Q9H819,Substrate,Q9H819
P0DP75,Substrate,P0DP75
Q9BRK5,Substrate,Q9BRK5
P0CG08,Substrate,P0CG08
P05981,Substrate,P05981
Q6UY09,Substrate,Q6UY09
Q14320,Substrate,Q14320
Q6QN14,Substrate,Q6QN14
P0CH99,Substrate,P0CH99
P06733,Substrate,P06733
P46089,Substrate,P46089
A6NGN9,Substrate,A6NGN9
Q5TD94,Substrate,Q5TD94
Q8IWX5,Substrate,Q8IWX5
Q71H61,Substrate,Q71H61
P12236,Substrate,P12236
Q2NKX9,Substrate,Q2NKX9
P10147,Substrate,P10147
Q96IT1,Substrate,Q96IT1
Q9Y5R2,Substrate,Q9Y5R2
P32321,Substrate,P32321
O00159,Substrate,O00159
Q6IMI4,Substrate,Q6IMI4
Q8IV32,Substrate,Q8IV32
P35590,Substrate,P35590
Q9BYR5,Substrate,Q9BYR5
P22748,Substrate,P22748
Q68DC2,Substrate,Q68DC2
Q9Y5G5,Substrate,Q9Y5G5
Q9NYD6,Substrate,Q9NYD6
Q9Y4B6,E3,Q9Y4B6
Q01101,Substrate,Q01101
Q9NS73,Substrate,Q9NS73
Q9BV68,E3,Q9BV68
Q9BW61,E3,Q9BW61
Q9H1R2,Substrate,Q9H1R2
Q7Z6I6,Substrate,Q7Z6I6
Q14CX7,Substrate,Q14CX7
A4D2H0,Substrate,A4D2H0
Q9P0J0,Substrate,Q9P0J0
Q6P656,Substrate,Q6P656
Q9HAU0,Substrate,Q9HAU0
Q9NVX2,Substrate,Q9NVX2
P49753,Substrate,P49753
Q17R89,Substrate,Q17R89
Q96LZ7,Substrate,Q96LZ7
O75717,E3,O75717
Q96RD7,Substrate,Q96RD7
O15552,Substrate,O15552
Q9H098,Substrate,Q9H098
Q9NRE1,Substrate,Q9NRE1
Q8TC07,Substrate,Q8TC07
P43362,Substrate,P43362
Q7Z6M1,Substrate,Q7Z6M1
Q53S33,Substrate,Q53S33
Q8N910,Substrate,Q8N910
Q96C92,Substrate,Q96C92
Q504Y3,Substrate,Q504Y3
P30536,Substrate,P30536
Q6VAB6,Substrate,Q6VAB6
Q15788,Substrate,Q15788
A8MUP6,Substrate,A8MUP6
O14777,Substrate,O14777
Q9BXJ4,Substrate,Q9BXJ4
Q9BYD2,Substrate,Q9BYD2
Q2M3G4,Substrate,Q2M3G4
Q8N6K0,Substrate,Q8N6K0
Q9HB55,Substrate,Q9HB55
Q14994,Substrate,Q14994
Q9BSH5,Substrate,Q9BSH5
P04554,Substrate,P04554
Q15034,Substrate,Q15034
Q96CP7,Substrate,Q96CP7
Q9Y2U2,Substrate,Q9Y2U2
Q96PD5,Substrate,Q96PD5
Q9ULG6,Substrate,Q9ULG6
Q9ULX5,Substrate,Q9ULX5
Q8TE49,Substrate,Q8TE49
Q12770,Substrate,Q12770
Q96NM4,Substrate,Q96NM4
Q9Y6R4,Substrate,Q9Y6R4
Q5T890,Substrate,Q5T890
Q5VTL8,Substrate,Q5VTL8
Q8NGX6,Substrate,Q8NGX6
Q96PU5,E3,Q96PU5
P35398,Substrate,P35398
Q8NC06,Substrate,Q8NC06
Q9UBK8,Substrate,Q9UBK8
Q9NP62,Substrate,Q9NP62
Q14CN4,Substrate,Q14CN4
A6NFX1,Substrate,A6NFX1
Q9Y6W5,Substrate,Q9Y6W5
Q5MAI5,Substrate,Q5MAI5
Q9P2T0,Substrate,Q9P2T0
